HomeTeam,AwayTeam,HomeTeamWinProbability,DrawProbability,AwayTeamWinProbability
Man City,Inter,0.3595912318921033,0.3197501168917509,0.3206586512161458
Paris SG,Girona,0.3595912318921033,0.3197501168917509,0.3206586512161458
Betis,Getafe,0.3595912318921033,0.3197501168917509,0.3206586512161458
Brighton,Wolves,0.3595912318921033,0.3197501168917509,0.3206586512161458
Coventry,Tottenham,0.3595912318921033,0.3197501168917509,0.3206586512161458
