Date,HomeTeam,AwayTeam,HomeScore,AwayScore,HomeFG,AwayFG,HomeFG3,AwayFG3,HomeFT,AwayFT,HomeREB,AwayREB,HomeAST,AwayAST,HomeTO,AwayTO,Season,Winner
2020-12-22,Los Angeles Lakers,LA Clippers,109,116,0.469,0.473,0.31,0.35,0.774,0.737,45,40,22,22,19,16,2020-21,Away
2020-12-22,Brooklyn Nets,Golden State Warriors,125,99,0.457,0.374,0.429,0.303,0.813,0.652,57,47,24,26,20,18,2020-21,Home
2020-12-23,Orlando Magic,Miami Heat,113,107,0.477,0.506,0.357,0.35,0.633,0.842,41,43,23,25,17,22,2020-21,Home
2020-12-23,Indiana Pacers,New York Knicks,121,107,0.489,0.459,0.235,0.429,0.724,0.739,50,40,28,25,13,16,2020-21,Home
2020-12-23,Phoenix Suns,Dallas Mavericks,106,102,0.481,0.424,0.367,0.243,0.704,0.808,48,39,21,17,18,11,2020-21,Home
2020-12-23,Boston Celtics,Milwaukee Bucks,122,121,0.475,0.511,0.45,0.4,0.727,0.833,37,52,23,19,6,16,2020-21,Home
2020-12-23,Cleveland Cavaliers,Charlotte Hornets,121,114,0.529,0.5,0.467,0.364,0.75,0.533,50,32,34,29,18,15,2020-21,Home
2020-12-23,Philadelphia 76ers,Washington Wizards,113,107,0.471,0.459,0.286,0.481,0.767,0.696,47,40,22,28,16,19,2020-21,Home
2020-12-23,Denver Nuggets,Sacramento Kings,122,124,0.48,0.441,0.276,0.323,0.833,0.774,46,54,28,27,15,14,2020-21,Away
2020-12-23,Toronto Raptors,New Orleans Pelicans,99,113,0.427,0.525,0.304,0.452,0.75,0.5,35,45,26,30,20,24,2020-21,Away
2020-12-23,Chicago Bulls,Atlanta Hawks,104,124,0.414,0.538,0.229,0.4,0.857,0.828,37,46,20,24,15,21,2020-21,Away
2020-12-23,Portland Trail Blazers,Utah Jazz,100,120,0.402,0.457,0.364,0.38,0.824,0.789,40,59,23,24,6,11,2020-21,Away
2020-12-23,Minnesota Timberwolves,Detroit Pistons,111,101,0.432,0.484,0.268,0.229,0.857,0.375,48,44,25,29,11,12,2020-21,Home
2020-12-23,Memphis Grizzlies,San Antonio Spurs,119,131,0.516,0.505,0.37,0.4,0.611,0.862,42,48,27,28,11,10,2020-21,Away
2020-12-25,Los Angeles Lakers,Dallas Mavericks,138,115,0.56,0.494,0.487,0.406,0.708,0.769,53,27,33,20,16,9,2020-21,Home
2020-12-25,Miami Heat,New Orleans Pelicans,111,98,0.507,0.397,0.432,0.286,0.826,0.788,35,41,29,18,17,19,2020-21,Home
2020-12-25,Boston Celtics,Brooklyn Nets,95,123,0.378,0.539,0.296,0.517,0.684,0.839,47,43,23,21,15,15,2020-21,Away
2020-12-25,Denver Nuggets,LA Clippers,108,121,0.457,0.554,0.306,0.5,0.742,0.833,32,38,25,32,13,18,2020-21,Away
2020-12-25,Milwaukee Bucks,Golden State Warriors,138,99,0.556,0.343,0.556,0.222,0.692,0.84,60,43,25,14,17,11,2020-21,Home
2020-12-26,Detroit Pistons,Cleveland Cavaliers,119,128,0.408,0.485,0.356,0.433,0.719,0.633,57,51,24,29,22,18,2020-21,Away
2020-12-26,Utah Jazz,Minnesota Timberwolves,111,116,0.383,0.446,0.294,0.448,0.784,0.722,57,40,15,21,18,9,2020-21,Away
2020-12-26,Portland Trail Blazers,Houston Rockets,128,126,0.461,0.517,0.422,0.314,0.652,0.781,45,42,27,27,13,16,2020-21,Home
2020-12-26,Sacramento Kings,Phoenix Suns,106,103,0.453,0.418,0.217,0.25,0.697,0.769,56,40,20,25,18,11,2020-21,Home
2020-12-26,New York Knicks,Philadelphia 76ers,89,109,0.386,0.466,0.276,0.355,0.739,0.727,43,47,19,20,16,12,2020-21,Away
2020-12-26,Memphis Grizzlies,Atlanta Hawks,112,122,0.398,0.427,0.302,0.361,0.862,0.868,46,54,20,23,10,15,2020-21,Away
2020-12-26,Washington Wizards,Orlando Magic,120,130,0.484,0.505,0.351,0.355,0.536,0.793,43,54,28,25,14,13,2020-21,Away
2020-12-26,Charlotte Hornets,Oklahoma City Thunder,107,109,0.398,0.455,0.406,0.278,0.625,0.792,47,54,27,25,13,16,2020-21,Away
2020-12-26,Chicago Bulls,Indiana Pacers,106,125,0.374,0.559,0.41,0.346,0.88,0.632,41,49,23,34,20,16,2020-21,Away
2020-12-26,San Antonio Spurs,Toronto Raptors,119,114,0.47,0.458,0.412,0.366,0.688,0.733,53,46,36,32,16,11,2020-21,Home
2020-12-27,Charlotte Hornets,Brooklyn Nets,106,104,0.448,0.427,0.294,0.362,0.588,0.68,52,46,35,23,12,19,2020-21,Home
2020-12-27,Sacramento Kings,Phoenix Suns,100,116,0.474,0.489,0.435,0.4,0.72,0.909,39,44,21,34,15,9,2020-21,Away
2020-12-27,New Orleans Pelicans,San Antonio Spurs,98,95,0.383,0.427,0.208,0.306,0.724,1.0,56,47,15,26,8,15,2020-21,Home
2020-12-27,Chicago Bulls,Golden State Warriors,128,129,0.512,0.404,0.415,0.383,0.742,0.9,54,41,27,25,24,12,2020-21,Away
2020-12-27,Indiana Pacers,Boston Celtics,108,107,0.511,0.506,0.269,0.391,0.733,0.75,37,40,23,21,16,18,2020-21,Home
2020-12-27,Los Angeles Lakers,Minnesota Timberwolves,127,91,0.556,0.369,0.371,0.171,0.778,0.643,46,48,32,24,17,17,2020-21,Home
2020-12-27,Washington Wizards,Orlando Magic,113,120,0.485,0.435,0.25,0.36,0.846,0.974,47,45,27,19,13,10,2020-21,Away
2020-12-27,Cleveland Cavaliers,Philadelphia 76ers,118,94,0.527,0.418,0.391,0.324,0.813,0.727,45,39,31,24,16,21,2020-21,Home
2020-12-27,LA Clippers,Dallas Mavericks,73,124,0.342,0.494,0.121,0.341,0.85,0.889,36,54,13,25,12,6,2020-21,Away
2020-12-27,New York Knicks,Milwaukee Bucks,130,110,0.541,0.432,0.593,0.184,0.815,0.724,46,44,27,24,15,11,2020-21,Home
2020-12-28,Brooklyn Nets,Memphis Grizzlies,111,116,0.41,0.429,0.333,0.345,0.882,0.759,50,56,28,20,17,19,2020-21,Away
2020-12-28,Oklahoma City Thunder,Utah Jazz,109,110,0.465,0.5,0.395,0.361,0.737,0.786,37,43,21,24,15,16,2020-21,Away
2020-12-28,Denver Nuggets,Houston Rockets,124,111,0.529,0.453,0.452,0.41,0.563,0.739,52,38,31,25,14,15,2020-21,Home
2020-12-28,Atlanta Hawks,Detroit Pistons,128,120,0.488,0.439,0.476,0.317,0.875,0.875,45,48,30,24,13,8,2020-21,Home
2020-12-28,Los Angeles Lakers,Portland Trail Blazers,107,115,0.471,0.467,0.37,0.348,0.833,0.867,41,45,20,27,14,9,2020-21,Away
2020-12-29,Oklahoma City Thunder,Orlando Magic,107,118,0.494,0.51,0.324,0.318,0.526,0.813,47,46,20,26,20,11,2020-21,Away
2020-12-29,Sacramento Kings,Denver Nuggets,125,115,0.489,0.543,0.485,0.393,0.773,0.8,37,39,33,27,10,19,2020-21,Home
2020-12-29,Phoenix Suns,New Orleans Pelicans,111,86,0.44,0.481,0.404,0.125,0.947,0.5,43,41,24,18,10,16,2020-21,Home
2020-12-29,LA Clippers,Minnesota Timberwolves,124,101,0.534,0.416,0.516,0.342,0.875,0.824,46,39,32,22,13,14,2020-21,Home
2020-12-29,Washington Wizards,Chicago Bulls,107,115,0.44,0.437,0.27,0.417,0.885,0.75,47,37,25,26,19,14,2020-21,Away
2020-12-29,Cleveland Cavaliers,New York Knicks,86,95,0.364,0.43,0.219,0.56,0.682,0.619,43,55,22,23,13,25,2020-21,Away
2020-12-29,Miami Heat,Milwaukee Bucks,97,144,0.468,0.554,0.297,0.569,0.667,0.867,30,45,23,32,21,17,2020-21,Away
2020-12-29,Indiana Pacers,Boston Celtics,111,116,0.512,0.5,0.364,0.409,0.813,0.73,36,43,27,21,14,14,2020-21,Away
2020-12-29,Detroit Pistons,Golden State Warriors,106,116,0.38,0.5,0.371,0.424,0.793,0.722,45,40,21,21,15,19,2020-21,Away
2020-12-29,Philadelphia 76ers,Toronto Raptors,100,93,0.381,0.356,0.258,0.378,0.848,0.857,54,47,21,21,18,19,2020-21,Home
2020-12-30,Miami Heat,Milwaukee Bucks,119,108,0.488,0.392,0.385,0.39,0.828,0.923,52,47,25,26,22,13,2020-21,Home
2020-12-30,LA Clippers,Portland Trail Blazers,128,105,0.495,0.421,0.474,0.316,0.727,0.853,47,41,30,14,10,17,2020-21,Home
2020-12-30,San Antonio Spurs,Los Angeles Lakers,107,121,0.46,0.561,0.417,0.538,0.739,0.75,39,47,25,25,10,17,2020-21,Away
2020-12-30,Boston Celtics,Memphis Grizzlies,126,107,0.538,0.43,0.41,0.273,0.857,0.72,42,46,27,26,16,22,2020-21,Home
2020-12-30,Dallas Mavericks,Charlotte Hornets,99,118,0.391,0.512,0.286,0.441,0.576,0.81,39,50,24,30,14,23,2020-21,Away
2020-12-30,Brooklyn Nets,Atlanta Hawks,145,141,0.54,0.475,0.463,0.391,0.783,0.829,40,54,30,27,8,12,2020-21,Home
2020-12-31,Orlando Magic,Philadelphia 76ers,92,116,0.347,0.484,0.25,0.455,0.905,0.867,48,54,17,23,11,14,2020-21,Away
2020-12-31,Houston Rockets,Sacramento Kings,122,119,0.523,0.469,0.361,0.333,0.76,0.75,45,45,26,23,18,15,2020-21,Home
2020-12-31,Toronto Raptors,New York Knicks,100,83,0.41,0.364,0.327,0.083,0.714,0.8,53,48,21,21,16,15,2020-21,Home
2020-12-31,Washington Wizards,Chicago Bulls,130,133,0.5,0.543,0.483,0.389,0.78,0.76,37,44,27,34,14,15,2020-21,Away
2020-12-31,Oklahoma City Thunder,New Orleans Pelicans,80,113,0.375,0.484,0.313,0.361,0.333,0.632,40,58,24,23,19,13,2020-21,Away
2020-12-31,Utah Jazz,Phoenix Suns,95,106,0.417,0.488,0.353,0.515,0.684,0.7,46,41,16,26,13,15,2020-21,Away
2020-12-31,Indiana Pacers,Cleveland Cavaliers,119,99,0.483,0.451,0.457,0.522,0.792,0.542,44,43,28,22,14,18,2020-21,Home
2021-01-01,Detroit Pistons,Boston Celtics,96,93,0.409,0.47,0.324,0.258,0.65,0.5,48,44,18,20,19,19,2020-21,Home
2021-01-01,Minnesota Timberwolves,Washington Wizards,109,130,0.477,0.551,0.361,0.485,0.571,0.762,43,43,17,35,20,16,2020-21,Away
2021-01-01,Golden State Warriors,Portland Trail Blazers,98,123,0.392,0.435,0.2,0.465,0.879,0.767,44,51,19,23,15,10,2020-21,Away
2021-01-01,San Antonio Spurs,Los Angeles Lakers,103,109,0.424,0.406,0.382,0.424,0.692,0.813,45,58,23,27,13,13,2020-21,Away
2021-01-01,Milwaukee Bucks,Chicago Bulls,126,96,0.494,0.437,0.489,0.231,0.667,0.7,44,42,27,18,17,20,2020-21,Home
2021-01-01,Denver Nuggets,Phoenix Suns,103,106,0.453,0.487,0.414,0.371,0.813,0.905,38,37,28,24,11,17,2020-21,Away
2021-01-01,Charlotte Hornets,Memphis Grizzlies,93,108,0.407,0.478,0.29,0.359,0.667,0.8,42,48,23,34,18,15,2020-21,Away
2021-01-01,Dallas Mavericks,Miami Heat,93,83,0.41,0.372,0.324,0.212,0.739,0.72,49,41,18,20,16,14,2020-21,Home
2021-01-01,Utah Jazz,LA Clippers,106,100,0.461,0.388,0.357,0.394,0.643,0.875,46,43,28,19,13,8,2020-21,Home
2021-01-01,Brooklyn Nets,Atlanta Hawks,96,114,0.407,0.462,0.189,0.41,0.826,0.857,45,48,19,24,15,9,2020-21,Away
2021-01-02,Atlanta Hawks,Cleveland Cavaliers,91,96,0.412,0.418,0.344,0.241,0.526,0.765,48,46,22,19,20,15,2020-21,Away
2021-01-02,New Orleans Pelicans,Toronto Raptors,120,116,0.422,0.418,0.368,0.292,0.766,0.963,50,40,26,21,12,9,2020-21,Home
2021-01-02,Philadelphia 76ers,Charlotte Hornets,127,112,0.595,0.413,0.457,0.371,0.708,0.885,45,40,35,34,21,12,2020-21,Home
2021-01-02,Orlando Magic,Oklahoma City Thunder,99,108,0.37,0.442,0.263,0.317,0.75,0.905,55,52,21,22,6,10,2020-21,Away
2021-01-02,Houston Rockets,Sacramento Kings,102,94,0.444,0.389,0.317,0.321,0.739,0.714,48,47,15,11,13,14,2020-21,Home
2021-01-02,Indiana Pacers,New York Knicks,102,106,0.405,0.506,0.38,0.444,0.833,0.769,32,51,22,23,8,15,2020-21,Away
2021-01-03,Brooklyn Nets,Washington Wizards,122,123,0.494,0.413,0.438,0.364,0.903,0.735,51,49,25,27,20,7,2020-21,Away
2021-01-03,Phoenix Suns,LA Clippers,107,112,0.493,0.482,0.303,0.586,0.821,0.789,40,37,23,24,13,10,2020-21,Away
2021-01-03,Chicago Bulls,Dallas Mavericks,118,108,0.459,0.438,0.351,0.262,0.9,0.704,48,41,16,23,16,15,2020-21,Home
2021-01-03,Detroit Pistons,Boston Celtics,120,122,0.477,0.563,0.444,0.455,0.88,0.692,33,41,29,35,9,17,2020-21,Away
2021-01-03,Minnesota Timberwolves,Denver Nuggets,109,124,0.518,0.489,0.323,0.422,0.688,0.714,36,43,30,34,14,15,2020-21,Away
2021-01-03,San Antonio Spurs,Utah Jazz,109,130,0.419,0.551,0.316,0.512,0.714,0.579,45,57,23,29,7,19,2020-21,Away
2021-01-03,Golden State Warriors,Portland Trail Blazers,137,122,0.557,0.418,0.382,0.326,0.765,0.788,53,40,23,16,15,12,2020-21,Home
2021-01-03,Memphis Grizzlies,Los Angeles Lakers,94,108,0.411,0.461,0.273,0.343,0.875,0.737,50,49,23,24,11,10,2020-21,Away
2021-01-04,Houston Rockets,Dallas Mavericks,100,113,0.39,0.476,0.275,0.41,0.806,0.95,35,51,17,24,12,15,2020-21,Away
2021-01-04,Orlando Magic,Cleveland Cavaliers,103,83,0.432,0.388,0.441,0.357,0.923,0.583,54,35,22,20,19,14,2020-21,Home
2021-01-04,Milwaukee Bucks,Detroit Pistons,125,115,0.576,0.439,0.412,0.425,0.813,1.0,49,31,32,27,19,8,2020-21,Home
2021-01-04,Toronto Raptors,Boston Celtics,114,126,0.4,0.488,0.351,0.517,0.763,0.853,37,56,20,19,10,19,2020-21,Away
2021-01-04,Golden State Warriors,Sacramento Kings,137,106,0.526,0.378,0.535,0.286,0.857,0.718,48,52,41,20,11,14,2020-21,Home
2021-01-04,Philadelphia 76ers,Charlotte Hornets,118,101,0.484,0.419,0.344,0.333,0.652,0.727,55,47,34,30,10,16,2020-21,Home
2021-01-04,Miami Heat,Oklahoma City Thunder,118,90,0.568,0.367,0.471,0.271,0.556,0.704,47,38,34,20,14,15,2020-21,Home
2021-01-04,New Orleans Pelicans,Indiana Pacers,116,118,0.436,0.484,0.333,0.422,0.792,0.692,57,42,26,32,18,14,2020-21,Away
2021-01-04,Atlanta Hawks,New York Knicks,108,113,0.46,0.506,0.323,0.333,0.783,0.8,40,45,24,26,12,15,2020-21,Away
2021-01-05,Brooklyn Nets,Utah Jazz,130,96,0.559,0.384,0.389,0.324,0.75,0.704,51,41,31,17,12,15,2020-21,Home
2021-01-05,Portland Trail Blazers,Chicago Bulls,108,111,0.415,0.44,0.373,0.39,0.647,0.833,46,52,23,27,11,15,2020-21,Away
2021-01-05,LA Clippers,San Antonio Spurs,113,116,0.5,0.458,0.429,0.5,0.923,0.727,45,44,29,23,13,10,2020-21,Away
2021-01-05,Memphis Grizzlies,Los Angeles Lakers,92,94,0.414,0.437,0.385,0.29,0.769,0.818,38,52,24,24,13,17,2020-21,Away
2021-01-05,Denver Nuggets,Minnesota Timberwolves,123,116,0.519,0.462,0.32,0.324,0.733,0.778,42,42,22,24,14,14,2020-21,Home
2021-01-06,New York Knicks,Utah Jazz,112,100,0.517,0.44,0.364,0.318,0.737,0.545,48,42,22,20,12,14,2020-21,Home
2021-01-06,Sacramento Kings,Chicago Bulls,128,124,0.516,0.527,0.378,0.35,0.741,0.8,39,43,30,27,7,14,2020-21,Home
2021-01-06,Indiana Pacers,Houston Rockets,114,107,0.472,0.481,0.391,0.267,0.808,0.808,38,39,21,19,9,16,2020-21,Home
2021-01-06,Golden State Warriors,LA Clippers,101,108,0.453,0.444,0.267,0.324,0.789,1.0,35,48,25,19,13,19,2020-21,Away
2021-01-06,New Orleans Pelicans,Oklahoma City Thunder,110,111,0.494,0.46,0.182,0.413,0.783,0.75,52,38,25,28,15,14,2020-21,Away
2021-01-06,Orlando Magic,Cleveland Cavaliers,105,94,0.494,0.424,0.414,0.154,0.722,0.692,43,45,20,24,15,10,2020-21,Home
2021-01-06,Atlanta Hawks,Charlotte Hornets,94,102,0.375,0.376,0.175,0.306,0.833,0.818,57,49,25,22,13,9,2020-21,Away
2021-01-06,Miami Heat,Boston Celtics,105,107,0.432,0.424,0.361,0.343,0.846,0.917,42,53,26,22,8,7,2020-21,Away
2021-01-06,Philadelphia 76ers,Washington Wizards,141,136,0.617,0.5,0.621,0.432,0.697,0.743,35,35,33,27,16,13,2020-21,Home
2021-01-06,Phoenix Suns,Toronto Raptors,123,115,0.482,0.494,0.525,0.4,0.917,0.719,41,42,30,18,10,12,2020-21,Home
2021-01-06,Milwaukee Bucks,Detroit Pistons,130,115,0.544,0.392,0.442,0.317,0.619,0.867,47,47,35,20,14,9,2020-21,Home
2021-01-07,Portland Trail Blazers,Minnesota Timberwolves,135,117,0.544,0.419,0.439,0.341,0.826,0.758,44,48,25,24,15,16,2020-21,Home
2021-01-07,Los Angeles Lakers,San Antonio Spurs,109,118,0.5,0.467,0.333,0.457,0.619,0.941,48,40,21,28,13,6,2020-21,Away
2021-01-07,Memphis Grizzlies,Cleveland Cavaliers,90,94,0.434,0.456,0.355,0.433,0.875,0.563,48,37,27,24,18,15,2020-21,Away
2021-01-07,Brooklyn Nets,Philadelphia 76ers,122,109,0.454,0.471,0.405,0.346,0.655,0.9,48,47,30,23,12,20,2020-21,Home
2021-01-07,Denver Nuggets,Dallas Mavericks,117,124,0.443,0.483,0.341,0.4,0.762,0.774,47,44,25,27,13,13,2020-21,Away
2021-01-08,Memphis Grizzlies,Brooklyn Nets,115,110,0.459,0.469,0.406,0.452,0.857,0.952,46,42,29,26,12,20,2020-21,Home
2021-01-08,New Orleans Pelicans,Charlotte Hornets,110,118,0.494,0.471,0.395,0.381,0.731,0.8,36,45,29,33,19,14,2020-21,Away
2021-01-08,New York Knicks,Oklahoma City Thunder,89,101,0.354,0.437,0.333,0.324,0.6,0.667,49,62,19,16,4,11,2020-21,Away
2021-01-08,Golden State Warriors,LA Clippers,115,105,0.488,0.482,0.488,0.452,0.833,0.846,38,37,25,23,15,18,2020-21,Home
2021-01-08,Houston Rockets,Orlando Magic,132,90,0.56,0.382,0.468,0.276,0.727,0.875,49,42,34,17,8,12,2020-21,Home
2021-01-08,Boston Celtics,Washington Wizards,116,107,0.477,0.466,0.375,0.379,0.733,0.875,49,38,21,22,21,17,2020-21,Home
2021-01-08,Detroit Pistons,Phoenix Suns,110,105,0.411,0.451,0.324,0.327,0.862,0.462,46,50,23,24,14,21,2020-21,Home
2021-01-08,Milwaukee Bucks,Utah Jazz,118,131,0.449,0.505,0.31,0.472,0.81,0.615,45,50,18,31,12,10,2020-21,Away
2021-01-08,Los Angeles Lakers,Chicago Bulls,117,115,0.506,0.505,0.414,0.385,0.852,0.929,42,41,21,26,15,12,2020-21,Home
2021-01-08,Sacramento Kings,Toronto Raptors,123,144,0.568,0.582,0.441,0.513,0.571,0.818,26,44,36,30,11,12,2020-21,Away
2021-01-09,Washington Wizards,Miami Heat,124,128,0.444,0.495,0.375,0.372,0.75,0.769,39,61,25,32,6,16,2020-21,Away
2021-01-09,Indiana Pacers,Phoenix Suns,117,125,0.478,0.489,0.414,0.39,0.708,1.0,52,40,23,33,10,2,2020-21,Away
2021-01-09,Milwaukee Bucks,Cleveland Cavaliers,100,90,0.44,0.414,0.333,0.269,0.778,0.688,45,47,25,16,15,15,2020-21,Home
2021-01-09,Sacramento Kings,Portland Trail Blazers,99,125,0.407,0.44,0.267,0.415,0.714,0.87,47,50,21,26,15,8,2020-21,Away
2021-01-09,Minnesota Timberwolves,San Antonio Spurs,122,125,0.5,0.436,0.5,0.406,0.647,0.828,53,48,29,22,16,6,2020-21,Away
2021-01-09,Charlotte Hornets,Atlanta Hawks,113,105,0.519,0.382,0.455,0.311,0.75,0.821,41,47,27,25,15,14,2020-21,Home
2021-01-09,Philadelphia 76ers,Denver Nuggets,103,115,0.417,0.5,0.314,0.364,0.6,0.867,48,45,23,28,16,17,2020-21,Away
2021-01-09,Dallas Mavericks,Orlando Magic,112,98,0.494,0.427,0.5,0.194,0.778,0.727,44,43,25,17,17,9,2020-21,Home
2021-01-10,LA Clippers,Chicago Bulls,130,127,0.489,0.61,0.526,0.545,0.8,0.882,35,38,28,30,10,22,2020-21,Home
2021-01-10,Detroit Pistons,Utah Jazz,86,96,0.333,0.427,0.238,0.314,0.857,0.682,39,63,21,17,7,13,2020-21,Away
2021-01-10,Houston Rockets,Los Angeles Lakers,102,120,0.411,0.505,0.293,0.345,0.696,0.75,43,49,22,28,21,16,2020-21,Away
2021-01-10,Golden State Warriors,Toronto Raptors,106,105,0.409,0.406,0.283,0.342,0.895,0.636,51,48,30,20,15,10,2020-21,Home
2021-01-10,New York Knicks,Denver Nuggets,89,114,0.432,0.536,0.286,0.429,0.76,0.75,36,43,19,23,16,12,2020-21,Away
2021-01-10,Minnesota Timberwolves,San Antonio Spurs,96,88,0.42,0.383,0.346,0.267,0.826,0.571,52,45,19,21,13,10,2020-21,Home
2021-01-10,Brooklyn Nets,Oklahoma City Thunder,116,129,0.506,0.544,0.294,0.385,0.833,0.941,43,34,23,24,17,10,2020-21,Away
2021-01-11,Portland Trail Blazers,Toronto Raptors,112,111,0.458,0.449,0.333,0.404,0.88,1.0,42,43,18,27,13,15,2020-21,Home
2021-01-11,Sacramento Kings,Indiana Pacers,127,122,0.56,0.485,0.469,0.333,0.783,0.833,44,37,29,26,18,12,2020-21,Home
2021-01-11,Atlanta Hawks,Philadelphia 76ers,112,94,0.374,0.402,0.386,0.222,0.778,0.923,58,50,20,20,8,9,2020-21,Home
2021-01-11,Orlando Magic,Milwaukee Bucks,99,121,0.429,0.505,0.355,0.371,0.769,0.8,44,43,24,25,18,14,2020-21,Away
2021-01-11,Cleveland Cavaliers,Memphis Grizzlies,91,101,0.451,0.513,0.423,0.25,0.429,0.762,40,40,20,32,17,15,2020-21,Away
2021-01-11,Charlotte Hornets,New York Knicks,109,88,0.487,0.391,0.406,0.243,0.87,0.647,37,49,28,20,10,16,2020-21,Home
2021-01-11,Washington Wizards,Phoenix Suns,128,107,0.522,0.448,0.441,0.148,0.607,0.833,53,42,29,21,7,6,2020-21,Home
2021-01-12,Cleveland Cavaliers,Utah Jazz,87,117,0.389,0.5,0.258,0.533,0.643,0.75,40,48,23,26,12,16,2020-21,Away
2021-01-12,Houston Rockets,Los Angeles Lakers,100,117,0.392,0.5,0.3,0.438,0.75,0.704,42,55,23,26,13,20,2020-21,Away
2021-01-12,Brooklyn Nets,Denver Nuggets,122,116,0.608,0.5,0.5,0.486,0.667,0.625,41,32,31,28,18,13,2020-21,Home
2021-01-12,Philadelphia 76ers,Miami Heat,137,134,0.49,0.462,0.345,0.339,0.72,0.792,52,46,32,27,17,18,2020-21,Home
2021-01-12,Golden State Warriors,Indiana Pacers,95,104,0.382,0.443,0.342,0.321,0.636,0.68,46,50,25,26,15,14,2020-21,Away
2021-01-12,Oklahoma City Thunder,San Antonio Spurs,102,112,0.434,0.432,0.269,0.286,0.793,0.909,52,46,18,26,13,4,2020-21,Away
2021-01-13,LA Clippers,New Orleans Pelicans,111,106,0.473,0.477,0.486,0.357,0.852,0.75,36,48,26,18,10,9,2020-21,Home
2021-01-13,Oklahoma City Thunder,Los Angeles Lakers,99,128,0.43,0.495,0.323,0.459,0.789,0.773,42,50,23,26,11,9,2020-21,Away
2021-01-13,New York Knicks,Brooklyn Nets,109,116,0.478,0.484,0.393,0.4,0.833,0.706,43,46,22,29,9,6,2020-21,Away
2021-01-13,Sacramento Kings,Portland Trail Blazers,126,132,0.524,0.489,0.5,0.479,0.731,0.778,42,38,35,28,13,8,2020-21,Away
2021-01-13,Charlotte Hornets,Dallas Mavericks,93,104,0.38,0.417,0.263,0.326,0.5,0.563,53,54,26,22,11,10,2020-21,Away
2021-01-13,Minnesota Timberwolves,Memphis Grizzlies,107,118,0.433,0.472,0.243,0.32,0.833,0.769,48,47,27,33,12,7,2020-21,Away
2021-01-13,Detroit Pistons,Milwaukee Bucks,101,110,0.391,0.482,0.4,0.442,0.682,0.643,47,48,25,31,16,14,2020-21,Away
2021-01-14,Toronto Raptors,Charlotte Hornets,111,108,0.455,0.483,0.4,0.429,0.846,0.75,40,44,33,32,17,18,2020-21,Home
2021-01-14,Philadelphia 76ers,Miami Heat,125,108,0.537,0.494,0.459,0.353,0.833,0.615,35,41,27,28,18,20,2020-21,Home
2021-01-14,Denver Nuggets,Golden State Warriors,114,104,0.456,0.469,0.297,0.379,0.778,0.708,50,43,29,29,13,19,2020-21,Home
2021-01-14,Portland Trail Blazers,Indiana Pacers,87,111,0.368,0.478,0.302,0.3,1.0,0.778,43,50,16,29,18,12,2020-21,Away
2021-01-14,San Antonio Spurs,Houston Rockets,105,109,0.457,0.488,0.29,0.394,0.75,0.632,41,49,26,25,10,18,2020-21,Away
2021-01-15,Los Angeles Lakers,New Orleans Pelicans,112,95,0.419,0.477,0.405,0.31,0.731,0.5,44,47,31,22,6,20,2020-21,Home
2021-01-15,Milwaukee Bucks,Dallas Mavericks,112,109,0.448,0.464,0.378,0.361,0.48,0.462,57,51,22,22,10,9,2020-21,Home
2021-01-15,Sacramento Kings,LA Clippers,100,138,0.471,0.584,0.308,0.514,0.706,0.8,32,47,23,29,14,9,2020-21,Away
2021-01-15,Cleveland Cavaliers,New York Knicks,106,103,0.456,0.488,0.333,0.36,0.735,0.875,48,39,26,20,15,12,2020-21,Home
2021-01-15,Oklahoma City Thunder,Chicago Bulls,127,125,0.457,0.473,0.333,0.457,0.667,0.72,44,56,26,27,11,24,2020-21,Home
2021-01-15,Boston Celtics,Orlando Magic,124,97,0.511,0.404,0.405,0.25,0.895,0.636,45,46,25,14,10,11,2020-21,Home
2021-01-15,Utah Jazz,Atlanta Hawks,116,92,0.467,0.413,0.455,0.179,0.714,0.733,53,41,27,21,19,15,2020-21,Home
2021-01-16,Brooklyn Nets,Orlando Magic,122,115,0.538,0.463,0.457,0.304,0.88,0.813,41,38,24,28,19,12,2020-21,Home
2021-01-16,San Antonio Spurs,Houston Rockets,103,91,0.4,0.369,0.208,0.375,0.783,0.63,58,51,19,20,12,22,2020-21,Home
2021-01-16,Miami Heat,Detroit Pistons,100,120,0.478,0.505,0.414,0.391,0.889,0.667,31,39,25,34,22,11,2020-21,Away
2021-01-16,Toronto Raptors,Charlotte Hornets,116,113,0.419,0.437,0.429,0.417,0.885,0.759,43,48,28,26,15,14,2020-21,Home
2021-01-16,Portland Trail Blazers,Atlanta Hawks,112,106,0.388,0.437,0.341,0.2,0.85,0.857,55,48,18,24,7,13,2020-21,Home
2021-01-16,Memphis Grizzlies,Philadelphia 76ers,106,104,0.434,0.44,0.276,0.28,0.667,0.719,43,53,27,23,11,22,2020-21,Home
2021-01-17,Sacramento Kings,New Orleans Pelicans,123,128,0.516,0.529,0.333,0.5,0.889,0.794,33,48,23,24,10,13,2020-21,Away
2021-01-17,Boston Celtics,New York Knicks,75,105,0.298,0.475,0.152,0.387,0.621,0.81,43,53,15,22,17,16,2020-21,Away
2021-01-17,Dallas Mavericks,Chicago Bulls,101,117,0.441,0.506,0.258,0.28,0.579,0.727,47,47,18,32,16,13,2020-21,Away
2021-01-17,Denver Nuggets,Utah Jazz,105,109,0.4,0.513,0.378,0.405,0.733,0.571,52,36,25,24,9,13,2020-21,Away
2021-01-17,LA Clippers,Indiana Pacers,129,96,0.552,0.416,0.487,0.289,0.7,0.688,52,33,27,28,16,16,2020-21,Home
2021-01-18,Toronto Raptors,Dallas Mavericks,116,93,0.5,0.378,0.364,0.25,0.889,0.815,46,38,23,21,14,16,2020-21,Home
2021-01-18,New York Knicks,Orlando Magic,91,84,0.356,0.337,0.185,0.316,0.706,0.875,53,51,15,18,6,11,2020-21,Home
2021-01-18,Los Angeles Lakers,Golden State Warriors,113,115,0.482,0.506,0.31,0.324,0.727,0.75,50,32,23,31,16,13,2020-21,Away
2021-01-18,Miami Heat,Detroit Pistons,113,107,0.573,0.463,0.4,0.351,0.789,0.75,36,32,23,24,18,16,2020-21,Home
2021-01-18,Chicago Bulls,Houston Rockets,125,120,0.467,0.523,0.444,0.425,0.905,0.647,47,36,23,25,17,17,2020-21,Home
2021-01-18,Portland Trail Blazers,San Antonio Spurs,104,125,0.433,0.533,0.286,0.455,0.842,0.875,34,48,20,33,13,12,2020-21,Away
2021-01-18,Memphis Grizzlies,Phoenix Suns,108,104,0.494,0.455,0.423,0.417,0.75,0.563,40,44,31,30,15,18,2020-21,Home
2021-01-18,Brooklyn Nets,Milwaukee Bucks,125,123,0.548,0.438,0.484,0.289,0.857,0.833,49,41,26,21,17,5,2020-21,Home
2021-01-18,Atlanta Hawks,Minnesota Timberwolves,108,97,0.468,0.396,0.393,0.378,0.92,0.688,48,39,32,22,24,18,2020-21,Home
2021-01-19,Denver Nuggets,Oklahoma City Thunder,119,101,0.438,0.419,0.333,0.326,0.929,0.652,58,41,29,22,14,19,2020-21,Home
2021-01-19,Utah Jazz,New Orleans Pelicans,118,102,0.506,0.453,0.447,0.231,0.647,0.667,54,38,28,17,14,8,2020-21,Home
2021-01-20,Atlanta Hawks,Detroit Pistons,123,115,0.44,0.454,0.391,0.323,0.684,0.895,63,42,21,22,13,13,2020-21,Home
2021-01-20,Minnesota Timberwolves,Orlando Magic,96,97,0.424,0.391,0.429,0.323,0.643,0.714,43,48,25,26,13,11,2020-21,Away
2021-01-20,Houston Rockets,Phoenix Suns,103,109,0.42,0.472,0.323,0.235,0.864,0.895,39,45,17,25,16,17,2020-21,Away
2021-01-20,LA Clippers,Sacramento Kings,115,96,0.477,0.453,0.457,0.464,0.944,0.417,48,39,24,25,16,18,2020-21,Home
2021-01-20,Indiana Pacers,Dallas Mavericks,112,124,0.446,0.526,0.41,0.296,0.667,0.824,38,49,21,32,10,8,2020-21,Away
2021-01-20,Cleveland Cavaliers,Brooklyn Nets,147,135,0.514,0.453,0.5,0.366,0.714,0.889,50,52,29,30,14,16,2020-21,Home
2021-01-20,Golden State Warriors,San Antonio Spurs,121,99,0.505,0.372,0.395,0.121,0.7,0.806,54,43,31,17,14,10,2020-21,Home
2021-01-20,Philadelphia 76ers,Boston Celtics,117,109,0.462,0.472,0.333,0.364,0.8,0.65,41,45,20,22,9,16,2020-21,Home
2021-01-20,Toronto Raptors,Miami Heat,102,111,0.398,0.488,0.327,0.45,0.889,0.882,41,46,27,29,12,18,2020-21,Away
2021-01-21,Milwaukee Bucks,Los Angeles Lakers,106,113,0.506,0.466,0.321,0.514,0.75,0.8,46,38,27,25,14,10,2020-21,Away
2021-01-21,Utah Jazz,New Orleans Pelicans,129,118,0.5,0.494,0.436,0.44,0.96,0.767,39,41,27,27,15,17,2020-21,Home
2021-01-21,Golden State Warriors,New York Knicks,104,119,0.384,0.463,0.237,0.458,0.744,0.78,46,55,27,24,10,11,2020-21,Away
2021-01-22,Philadelphia 76ers,Boston Celtics,122,110,0.556,0.456,0.429,0.4,0.833,0.8,45,32,23,23,19,11,2020-21,Home
2021-01-22,LA Clippers,Oklahoma City Thunder,120,106,0.512,0.471,0.303,0.333,0.96,0.769,48,29,21,24,13,11,2020-21,Home
2021-01-22,Detroit Pistons,Houston Rockets,102,103,0.378,0.389,0.469,0.341,0.676,0.75,55,51,17,24,19,14,2020-21,Away
2021-01-22,Minnesota Timberwolves,Atlanta Hawks,98,116,0.43,0.458,0.25,0.429,0.833,0.833,40,55,30,21,13,16,2020-21,Away
2021-01-22,Sacramento Kings,New York Knicks,103,94,0.418,0.383,0.353,0.227,0.714,0.68,55,57,21,19,6,11,2020-21,Home
2021-01-22,Phoenix Suns,Denver Nuggets,126,130,0.5,0.515,0.386,0.231,1.0,0.947,45,43,30,32,16,9,2020-21,Away
2021-01-22,Indiana Pacers,Orlando Magic,120,118,0.495,0.457,0.353,0.459,0.889,0.625,44,49,28,29,10,14,2020-21,Home
2021-01-22,San Antonio Spurs,Dallas Mavericks,117,122,0.461,0.484,0.429,0.359,0.767,0.9,49,42,21,23,7,5,2020-21,Away
2021-01-22,Toronto Raptors,Miami Heat,101,81,0.464,0.429,0.425,0.226,0.667,0.8,45,32,22,19,21,19,2020-21,Home
2021-01-22,Charlotte Hornets,Chicago Bulls,110,123,0.494,0.51,0.219,0.349,0.76,0.833,46,43,22,33,21,14,2020-21,Away
2021-01-22,Cleveland Cavaliers,Brooklyn Nets,125,113,0.517,0.483,0.32,0.326,0.844,0.882,50,29,24,23,12,11,2020-21,Home
2021-01-23,Chicago Bulls,Los Angeles Lakers,90,101,0.393,0.456,0.32,0.211,0.727,0.806,45,42,18,20,18,18,2020-21,Away
2021-01-23,Brooklyn Nets,Miami Heat,128,124,0.53,0.472,0.514,0.283,0.808,0.844,47,31,34,29,16,8,2020-21,Home
2021-01-23,Dallas Mavericks,Houston Rockets,108,133,0.446,0.547,0.2,0.432,0.725,0.793,36,52,15,28,10,14,2020-21,Away
2021-01-23,Minnesota Timberwolves,New Orleans Pelicans,120,110,0.429,0.46,0.353,0.303,0.811,0.714,50,42,23,21,11,20,2020-21,Home
2021-01-23,Phoenix Suns,Denver Nuggets,112,120,0.402,0.412,0.302,0.417,0.778,0.781,50,65,26,22,9,16,2020-21,Away
2021-01-23,Detroit Pistons,Philadelphia 76ers,110,114,0.43,0.458,0.424,0.348,0.733,0.789,43,49,25,14,15,15,2020-21,Away
2021-01-23,Utah Jazz,Golden State Warriors,127,108,0.479,0.452,0.4,0.359,0.773,0.667,57,35,28,30,16,11,2020-21,Home
2021-01-24,Milwaukee Bucks,Atlanta Hawks,129,115,0.549,0.506,0.323,0.359,0.704,0.773,52,27,32,27,16,9,2020-21,Home
2021-01-24,Portland Trail Blazers,New York Knicks,116,113,0.47,0.453,0.37,0.414,0.913,0.92,39,47,19,20,11,12,2020-21,Home
2021-01-24,Indiana Pacers,Toronto Raptors,102,107,0.402,0.411,0.333,0.429,0.864,0.692,47,45,23,24,18,16,2020-21,Away
2021-01-24,Orlando Magic,Charlotte Hornets,104,107,0.448,0.477,0.447,0.389,0.692,0.563,43,43,27,28,15,12,2020-21,Away
2021-01-24,LA Clippers,Oklahoma City Thunder,108,100,0.446,0.442,0.304,0.2,0.75,0.643,46,51,26,22,10,10,2020-21,Home
2021-01-24,Boston Celtics,Cleveland Cavaliers,141,103,0.559,0.4,0.5,0.303,0.852,0.735,55,34,26,24,15,17,2020-21,Home
2021-01-24,San Antonio Spurs,Washington Wizards,121,101,0.5,0.424,0.484,0.333,0.909,0.643,44,50,27,23,8,14,2020-21,Home
2021-01-25,Dallas Mavericks,Denver Nuggets,113,117,0.488,0.506,0.344,0.429,0.833,0.786,34,49,26,25,11,16,2020-21,Away
2021-01-25,Brooklyn Nets,Miami Heat,98,85,0.4,0.369,0.289,0.256,0.864,0.706,49,45,24,20,7,12,2020-21,Home
2021-01-25,Cleveland Cavaliers,Los Angeles Lakers,108,115,0.465,0.483,0.429,0.313,0.864,0.75,44,40,19,21,17,13,2020-21,Away
2021-01-25,Orlando Magic,Charlotte Hornets,117,108,0.477,0.438,0.514,0.289,0.636,0.704,49,41,31,22,15,14,2020-21,Home
2021-01-25,Chicago Bulls,Boston Celtics,103,119,0.466,0.506,0.436,0.517,0.4,0.8,41,44,28,28,18,12,2020-21,Away
2021-01-25,Golden State Warriors,Minnesota Timberwolves,130,108,0.494,0.415,0.467,0.333,0.757,0.88,46,47,21,26,15,18,2020-21,Home
2021-01-25,Indiana Pacers,Toronto Raptors,129,114,0.513,0.409,0.414,0.368,0.822,0.889,45,39,26,24,13,10,2020-21,Home
2021-01-25,Portland Trail Blazers,Oklahoma City Thunder,122,125,0.469,0.512,0.341,0.45,0.762,0.6,50,43,17,25,8,8,2020-21,Away
2021-01-25,Detroit Pistons,Philadelphia 76ers,119,104,0.5,0.426,0.447,0.321,0.842,0.75,47,36,22,15,18,9,2020-21,Home
2021-01-26,Utah Jazz,New York Knicks,108,94,0.402,0.434,0.313,0.37,0.864,0.706,53,44,24,15,6,11,2020-21,Home
2021-01-26,Houston Rockets,Washington Wizards,107,88,0.42,0.388,0.324,0.192,0.724,0.739,44,50,16,19,13,20,2020-21,Home
2021-01-26,Atlanta Hawks,LA Clippers,108,99,0.463,0.404,0.385,0.308,0.96,0.864,46,46,20,23,14,12,2020-21,Home
2021-01-27,Orlando Magic,Sacramento Kings,107,121,0.417,0.489,0.385,0.424,0.944,0.654,47,50,25,30,14,15,2020-21,Away
2021-01-27,Charlotte Hornets,Indiana Pacers,106,116,0.411,0.511,0.342,0.4,0.905,0.833,39,47,28,34,11,12,2020-21,Away
2021-01-27,Toronto Raptors,Milwaukee Bucks,108,115,0.404,0.43,0.4,0.364,0.833,0.731,46,59,26,30,11,14,2020-21,Away
2021-01-27,Miami Heat,Denver Nuggets,82,109,0.375,0.457,0.289,0.326,0.818,1.0,38,49,24,29,16,13,2020-21,Away
2021-01-27,Utah Jazz,Dallas Mavericks,116,104,0.462,0.462,0.39,0.343,0.762,0.889,50,36,20,22,9,8,2020-21,Home
2021-01-27,Atlanta Hawks,Brooklyn Nets,128,132,0.479,0.531,0.394,0.344,0.893,0.85,37,36,29,29,9,9,2020-21,Away
2021-01-27,Phoenix Suns,Oklahoma City Thunder,97,102,0.379,0.447,0.349,0.4,0.833,0.714,49,48,19,21,13,14,2020-21,Away
2021-01-27,Golden State Warriors,Minnesota Timberwolves,123,111,0.529,0.425,0.441,0.389,0.783,0.697,46,39,32,23,21,17,2020-21,Home
2021-01-27,Cleveland Cavaliers,Detroit Pistons,122,107,0.54,0.451,0.524,0.407,0.739,0.759,37,40,24,29,16,22,2020-21,Home
2021-01-27,New Orleans Pelicans,Washington Wizards,124,106,0.517,0.402,0.395,0.342,0.625,0.905,50,39,27,29,14,11,2020-21,Home
2021-01-27,San Antonio Spurs,Boston Celtics,110,106,0.561,0.429,0.286,0.333,0.625,0.857,46,39,22,15,19,10,2020-21,Home
2021-01-27,Philadelphia 76ers,Los Angeles Lakers,107,106,0.482,0.477,0.36,0.333,0.615,0.64,38,37,24,20,11,11,2020-21,Home
2021-01-28,Miami Heat,LA Clippers,105,109,0.444,0.414,0.394,0.405,0.8,0.909,45,55,24,22,13,12,2020-21,Away
2021-01-28,Phoenix Suns,Golden State Warriors,114,93,0.466,0.384,0.344,0.289,0.913,0.75,57,48,34,21,14,13,2020-21,Home
2021-01-28,Houston Rockets,Portland Trail Blazers,104,101,0.422,0.419,0.277,0.415,0.833,0.75,47,49,19,16,13,15,2020-21,Home
2021-01-28,Detroit Pistons,Los Angeles Lakers,107,92,0.46,0.409,0.389,0.429,1.0,0.667,38,44,27,25,8,11,2020-21,Home
2021-01-29,Charlotte Hornets,Indiana Pacers,108,105,0.506,0.483,0.432,0.314,0.667,0.769,42,39,35,30,17,16,2020-21,Home
2021-01-29,Toronto Raptors,Sacramento Kings,124,126,0.488,0.551,0.406,0.444,0.818,0.774,35,38,20,31,15,22,2020-21,Away
2021-01-29,Orlando Magic,LA Clippers,90,116,0.36,0.489,0.303,0.351,0.889,1.0,49,49,20,25,17,11,2020-21,Away
2021-01-29,New York Knicks,Cleveland Cavaliers,102,81,0.488,0.345,0.37,0.308,0.875,0.833,41,43,20,15,13,14,2020-21,Home
2021-01-29,Minnesota Timberwolves,Philadelphia 76ers,94,118,0.427,0.448,0.303,0.5,0.778,0.842,38,51,20,20,18,10,2020-21,Away
2021-01-29,Washington Wizards,Atlanta Hawks,100,116,0.365,0.448,0.25,0.324,0.816,0.765,47,47,13,16,12,13,2020-21,Away
2021-01-29,San Antonio Spurs,Denver Nuggets,119,109,0.543,0.526,0.435,0.452,0.808,0.65,41,37,29,25,12,15,2020-21,Home
2021-01-29,New Orleans Pelicans,Milwaukee Bucks,131,126,0.469,0.5,0.438,0.371,0.714,0.773,45,49,32,29,9,12,2020-21,Home
2021-01-29,Utah Jazz,Dallas Mavericks,120,101,0.437,0.43,0.417,0.273,0.923,0.667,56,40,21,20,15,11,2020-21,Home
2021-01-29,Oklahoma City Thunder,Brooklyn Nets,125,147,0.465,0.57,0.421,0.422,0.853,0.875,36,50,23,33,12,11,2020-21,Away
2021-01-30,San Antonio Spurs,Memphis Grizzlies,112,129,0.47,0.56,0.448,0.486,0.808,0.667,38,45,25,34,13,14,2020-21,Away
2021-01-30,Miami Heat,Sacramento Kings,105,104,0.468,0.482,0.344,0.378,0.846,0.455,39,41,25,22,15,17,2020-21,Home
2021-01-30,Boston Celtics,Los Angeles Lakers,95,96,0.488,0.44,0.286,0.29,0.643,0.684,42,45,24,20,15,14,2020-21,Away
2021-01-30,New Orleans Pelicans,Houston Rockets,112,126,0.451,0.489,0.293,0.435,0.621,0.8,48,45,27,32,14,14,2020-21,Away
2021-01-30,Golden State Warriors,Detroit Pistons,118,91,0.528,0.377,0.472,0.25,0.7,0.75,47,38,34,17,14,14,2020-21,Home
2021-01-30,Chicago Bulls,Portland Trail Blazers,122,123,0.506,0.511,0.467,0.405,1.0,0.842,43,35,31,20,15,8,2020-21,Away
2021-01-30,Dallas Mavericks,Phoenix Suns,105,111,0.53,0.457,0.31,0.455,0.571,0.871,37,42,22,22,15,13,2020-21,Away
2021-01-30,Charlotte Hornets,Milwaukee Bucks,126,114,0.478,0.488,0.477,0.4,0.85,0.667,41,46,32,22,9,15,2020-21,Home
2021-01-31,Denver Nuggets,Utah Jazz,128,117,0.54,0.427,0.643,0.426,0.842,0.846,39,38,28,28,8,14,2020-21,Home
2021-01-31,Toronto Raptors,Orlando Magic,115,102,0.456,0.402,0.308,0.361,0.955,0.821,48,42,27,22,11,10,2020-21,Home
2021-01-31,New York Knicks,LA Clippers,115,129,0.482,0.543,0.37,0.447,0.821,0.857,36,38,21,26,7,7,2020-21,Away
2021-01-31,Washington Wizards,Brooklyn Nets,149,146,0.519,0.568,0.308,0.528,0.781,0.818,39,45,24,33,7,17,2020-21,Home
2021-01-31,Indiana Pacers,Philadelphia 76ers,110,119,0.488,0.489,0.357,0.308,0.818,0.677,41,44,21,20,17,12,2020-21,Away
2021-01-31,Minnesota Timberwolves,Cleveland Cavaliers,109,104,0.451,0.488,0.4,0.25,0.733,0.783,34,55,24,20,8,19,2020-21,Home
2021-02-01,New Orleans Pelicans,Sacramento Kings,109,118,0.396,0.477,0.3,0.326,0.833,0.769,46,52,22,31,10,20,2020-21,Away
2021-02-01,Dallas Mavericks,Phoenix Suns,108,109,0.43,0.467,0.313,0.371,0.96,0.833,42,45,16,19,14,16,2020-21,Away
2021-02-01,Oklahoma City Thunder,Houston Rockets,106,136,0.438,0.48,0.382,0.538,0.789,0.909,45,50,21,30,16,11,2020-21,Away
2021-02-01,Chicago Bulls,New York Knicks,110,102,0.477,0.425,0.324,0.207,0.75,0.846,40,45,30,21,12,11,2020-21,Home
2021-02-01,Milwaukee Bucks,Portland Trail Blazers,134,106,0.552,0.375,0.5,0.357,0.583,1.0,53,45,38,19,12,11,2020-21,Home
2021-02-01,Atlanta Hawks,Los Angeles Lakers,99,107,0.474,0.519,0.379,0.304,0.824,0.833,36,31,27,24,17,11,2020-21,Away
2021-02-01,Miami Heat,Charlotte Hornets,121,129,0.473,0.453,0.413,0.512,0.64,0.846,48,44,28,31,15,11,2020-21,Away
2021-02-01,Cleveland Cavaliers,Minnesota Timberwolves,100,98,0.417,0.392,0.318,0.289,0.742,0.636,52,45,26,20,13,8,2020-21,Home
2021-02-01,San Antonio Spurs,Memphis Grizzlies,102,133,0.416,0.559,0.351,0.5,0.682,0.778,42,53,28,37,14,9,2020-21,Away
2021-02-02,Washington Wizards,Portland Trail Blazers,121,132,0.554,0.463,0.4,0.457,0.765,1.0,39,44,32,19,13,9,2020-21,Away
2021-02-02,Golden State Warriors,Boston Celtics,107,111,0.458,0.464,0.405,0.382,0.696,0.741,36,51,30,16,11,15,2020-21,Away
2021-02-02,Indiana Pacers,Memphis Grizzlies,134,116,0.598,0.452,0.552,0.36,0.69,0.958,42,36,30,27,18,16,2020-21,Home
2021-02-02,Utah Jazz,Detroit Pistons,117,105,0.463,0.419,0.381,0.333,0.862,0.9,44,46,23,18,13,15,2020-21,Home
2021-02-02,Brooklyn Nets,LA Clippers,124,120,0.57,0.455,0.419,0.417,0.808,0.882,44,39,25,21,16,8,2020-21,Home
2021-02-02,Orlando Magic,Toronto Raptors,108,123,0.461,0.482,0.368,0.444,0.857,0.92,46,40,24,32,16,11,2020-21,Away
2021-02-03,Cleveland Cavaliers,LA Clippers,99,121,0.446,0.557,0.4,0.588,0.765,0.765,37,46,21,22,8,14,2020-21,Away
2021-02-03,New Orleans Pelicans,Phoenix Suns,123,101,0.511,0.463,0.424,0.229,0.81,0.85,44,39,30,26,7,14,2020-21,Home
2021-02-03,Chicago Bulls,New York Knicks,103,107,0.489,0.483,0.167,0.5,0.688,0.667,38,47,25,19,9,17,2020-21,Away
2021-02-03,Oklahoma City Thunder,Houston Rockets,104,87,0.434,0.384,0.303,0.261,0.846,0.692,51,41,19,21,21,20,2020-21,Home
2021-02-03,Atlanta Hawks,Dallas Mavericks,116,122,0.5,0.462,0.368,0.325,0.706,0.92,46,45,31,27,16,10,2020-21,Away
2021-02-03,Miami Heat,Washington Wizards,100,103,0.434,0.417,0.343,0.405,0.727,0.72,44,49,24,20,13,17,2020-21,Away
2021-02-03,Milwaukee Bucks,Indiana Pacers,130,110,0.471,0.453,0.438,0.324,0.929,0.867,53,46,33,28,12,14,2020-21,Home
2021-02-03,San Antonio Spurs,Minnesota Timberwolves,111,108,0.448,0.457,0.269,0.394,0.75,0.818,45,49,28,22,7,10,2020-21,Home
2021-02-03,Charlotte Hornets,Philadelphia 76ers,111,118,0.448,0.519,0.378,0.417,0.826,0.813,37,40,28,23,16,18,2020-21,Away
2021-02-03,Sacramento Kings,Boston Celtics,116,111,0.457,0.453,0.351,0.333,0.826,0.759,44,45,23,28,10,13,2020-21,Home
2021-02-04,Memphis Grizzlies,Houston Rockets,103,115,0.425,0.471,0.343,0.422,0.708,0.824,43,44,28,26,13,14,2020-21,Away
2021-02-04,Philadelphia 76ers,Portland Trail Blazers,105,121,0.481,0.459,0.259,0.419,0.833,0.783,37,53,19,17,18,11,2020-21,Away
2021-02-04,Los Angeles Lakers,Denver Nuggets,114,93,0.568,0.391,0.333,0.286,0.636,0.867,40,42,29,19,16,15,2020-21,Home
2021-02-04,Dallas Mavericks,Golden State Warriors,116,147,0.413,0.573,0.4,0.512,0.87,0.852,42,45,26,37,10,8,2020-21,Away
2021-02-04,Atlanta Hawks,Utah Jazz,91,112,0.327,0.484,0.29,0.481,0.947,0.846,49,52,19,19,11,14,2020-21,Away
2021-02-05,Miami Heat,Washington Wizards,122,95,0.5,0.371,0.444,0.242,0.87,0.875,48,40,27,19,16,17,2020-21,Home
2021-02-05,Brooklyn Nets,Toronto Raptors,117,123,0.488,0.505,0.405,0.406,0.759,0.857,40,41,29,22,18,10,2020-21,Away
2021-02-05,Charlotte Hornets,Utah Jazz,121,138,0.462,0.552,0.314,0.52,0.824,0.889,40,44,26,32,7,16,2020-21,Away
2021-02-05,Indiana Pacers,New Orleans Pelicans,113,114,0.441,0.539,0.476,0.52,0.688,0.731,37,50,31,23,10,19,2020-21,Away
2021-02-05,Phoenix Suns,Detroit Pistons,109,92,0.494,0.374,0.375,0.194,0.813,0.607,50,45,26,20,21,13,2020-21,Home
2021-02-05,LA Clippers,Boston Celtics,115,119,0.519,0.478,0.438,0.421,0.81,0.81,47,34,26,21,16,6,2020-21,Away
2021-02-05,Oklahoma City Thunder,Minnesota Timberwolves,103,106,0.459,0.436,0.382,0.4,0.706,0.889,44,43,28,27,17,15,2020-21,Away
2021-02-05,Orlando Magic,Chicago Bulls,123,119,0.519,0.479,0.407,0.3,0.757,0.9,49,40,27,27,15,8,2020-21,Home
2021-02-05,Cleveland Cavaliers,Milwaukee Bucks,105,123,0.446,0.515,0.344,0.318,0.75,0.727,36,54,23,28,11,11,2020-21,Away
2021-02-06,Philadelphia 76ers,Brooklyn Nets,124,108,0.511,0.443,0.37,0.366,0.818,0.882,51,34,27,21,15,17,2020-21,Home
2021-02-06,Atlanta Hawks,Toronto Raptors,132,121,0.568,0.423,0.528,0.342,0.879,0.765,43,38,31,24,18,6,2020-21,Home
2021-02-06,Dallas Mavericks,Golden State Warriors,134,132,0.458,0.535,0.447,0.444,0.833,0.87,47,40,27,27,14,16,2020-21,Home
2021-02-06,Cleveland Cavaliers,Milwaukee Bucks,99,124,0.453,0.547,0.214,0.471,0.714,0.609,40,43,21,25,13,8,2020-21,Away
2021-02-06,Orlando Magic,Chicago Bulls,92,118,0.389,0.516,0.222,0.5,1.0,0.692,47,47,17,28,11,10,2020-21,Away
2021-02-06,Sacramento Kings,Denver Nuggets,119,114,0.484,0.464,0.4,0.371,0.708,0.786,45,47,30,30,7,9,2020-21,Home
2021-02-06,Oklahoma City Thunder,Minnesota Timberwolves,120,118,0.511,0.505,0.364,0.333,0.8,0.545,43,40,25,27,15,13,2020-21,Home
2021-02-06,Los Angeles Lakers,Detroit Pistons,135,129,0.56,0.479,0.474,0.381,0.857,0.821,41,35,32,31,23,20,2020-21,Home
2021-02-06,New York Knicks,Portland Trail Blazers,110,99,0.5,0.416,0.433,0.362,0.692,0.5,51,41,20,15,14,11,2020-21,Home
2021-02-06,Houston Rockets,San Antonio Spurs,106,111,0.432,0.425,0.316,0.32,0.72,0.806,46,44,21,22,12,10,2020-21,Away
2021-02-06,New Orleans Pelicans,Memphis Grizzlies,118,109,0.517,0.444,0.455,0.333,0.619,0.842,42,45,27,27,7,9,2020-21,Home
2021-02-07,Indiana Pacers,Utah Jazz,95,103,0.398,0.413,0.276,0.31,0.722,0.667,45,60,23,22,9,14,2020-21,Away
2021-02-07,New York Knicks,Miami Heat,103,109,0.447,0.482,0.381,0.371,0.733,0.8,44,44,23,25,12,11,2020-21,Away
2021-02-07,LA Clippers,Sacramento Kings,110,113,0.414,0.489,0.286,0.345,0.87,0.733,53,52,19,25,9,12,2020-21,Away
2021-02-07,Phoenix Suns,Boston Celtics,100,91,0.488,0.355,0.276,0.386,1.0,0.667,50,41,25,19,10,5,2020-21,Home
2021-02-07,Charlotte Hornets,Washington Wizards,119,97,0.424,0.378,0.417,0.225,0.769,0.714,59,48,21,22,11,14,2020-21,Home
2021-02-08,San Antonio Spurs,Golden State Warriors,105,100,0.406,0.442,0.355,0.351,0.842,0.733,46,49,24,29,10,20,2020-21,Home
2021-02-08,Denver Nuggets,Milwaukee Bucks,112,125,0.436,0.506,0.417,0.4,0.938,0.864,38,50,22,24,9,10,2020-21,Away
2021-02-08,Dallas Mavericks,Minnesota Timberwolves,127,122,0.517,0.462,0.353,0.429,0.833,0.714,48,41,30,27,14,9,2020-21,Home
2021-02-08,Memphis Grizzlies,Toronto Raptors,113,128,0.425,0.545,0.333,0.541,0.897,0.923,42,37,27,28,15,14,2020-21,Away
2021-02-08,Phoenix Suns,Cleveland Cavaliers,119,113,0.522,0.512,0.458,0.333,0.737,0.68,41,39,29,23,10,10,2020-21,Home
2021-02-08,Chicago Bulls,Washington Wizards,101,105,0.424,0.419,0.3,0.231,0.833,0.75,50,47,23,23,16,13,2020-21,Away
2021-02-08,Los Angeles Lakers,Oklahoma City Thunder,119,112,0.463,0.391,0.237,0.316,0.759,0.737,59,55,28,23,15,12,2020-21,Home
2021-02-08,Charlotte Hornets,Houston Rockets,119,94,0.489,0.407,0.463,0.277,0.923,0.688,51,39,28,20,14,11,2020-21,Home
2021-02-09,Portland Trail Blazers,Orlando Magic,106,97,0.389,0.42,0.391,0.314,0.947,0.545,54,53,18,22,8,10,2020-21,Home
2021-02-09,Utah Jazz,Boston Celtics,122,108,0.476,0.442,0.375,0.448,0.889,0.826,41,35,28,18,10,8,2020-21,Home
2021-02-09,New Orleans Pelicans,Houston Rockets,130,101,0.511,0.418,0.387,0.302,0.857,0.571,55,37,31,24,9,12,2020-21,Home
2021-02-09,San Antonio Spurs,Golden State Warriors,91,114,0.372,0.462,0.333,0.425,0.905,0.684,45,50,20,26,14,10,2020-21,Away
2021-02-09,Miami Heat,New York Knicks,98,96,0.371,0.425,0.424,0.357,0.821,0.75,38,46,21,22,10,14,2020-21,Home
2021-02-09,Sacramento Kings,Philadelphia 76ers,111,119,0.434,0.482,0.333,0.45,0.579,0.8,39,59,24,24,11,17,2020-21,Away
2021-02-09,Detroit Pistons,Brooklyn Nets,122,111,0.56,0.5,0.448,0.367,0.714,0.875,37,34,28,30,13,15,2020-21,Home
2021-02-10,Minnesota Timberwolves,LA Clippers,112,119,0.432,0.5,0.366,0.522,0.789,0.862,43,48,29,23,15,15,2020-21,Away
2021-02-10,Brooklyn Nets,Indiana Pacers,104,94,0.421,0.391,0.29,0.395,0.886,0.636,46,43,20,26,12,8,2020-21,Home
2021-02-10,Dallas Mavericks,Atlanta Hawks,118,117,0.512,0.455,0.4,0.359,0.9,0.821,37,42,25,27,9,9,2020-21,Home
2021-02-10,Los Angeles Lakers,Oklahoma City Thunder,114,113,0.472,0.47,0.286,0.226,0.833,0.857,43,46,22,32,16,13,2020-21,Home
2021-02-10,Phoenix Suns,Milwaukee Bucks,125,124,0.529,0.506,0.484,0.432,0.72,0.733,47,39,25,23,11,9,2020-21,Home
2021-02-10,Chicago Bulls,New Orleans Pelicans,129,116,0.593,0.506,0.532,0.361,0.727,0.808,35,35,36,27,16,12,2020-21,Home
2021-02-10,Washington Wizards,Toronto Raptors,115,137,0.452,0.527,0.293,0.594,0.826,0.87,46,46,26,28,14,12,2020-21,Away
2021-02-10,Memphis Grizzlies,Charlotte Hornets,130,114,0.5,0.549,0.469,0.483,0.722,0.833,46,35,34,23,16,18,2020-21,Home
2021-02-10,Denver Nuggets,Cleveland Cavaliers,133,95,0.6,0.383,0.444,0.216,0.714,0.75,39,49,31,25,11,17,2020-21,Home
2021-02-11,Boston Celtics,Toronto Raptors,120,106,0.453,0.494,0.513,0.321,0.786,0.789,49,32,30,26,18,13,2020-21,Home
2021-02-11,Houston Rockets,Miami Heat,94,101,0.386,0.43,0.3,0.357,0.75,0.9,42,49,24,24,13,20,2020-21,Away
2021-02-11,Detroit Pistons,Indiana Pacers,95,111,0.447,0.512,0.179,0.452,0.737,0.9,43,41,21,26,11,7,2020-21,Away
2021-02-11,Golden State Warriors,Orlando Magic,111,105,0.466,0.392,0.4,0.455,0.75,0.778,46,49,29,19,17,15,2020-21,Home
2021-02-11,Portland Trail Blazers,Philadelphia 76ers,118,114,0.43,0.488,0.447,0.222,0.913,0.828,47,46,15,20,8,9,2020-21,Home
2021-02-12,Portland Trail Blazers,Cleveland Cavaliers,129,110,0.518,0.437,0.371,0.348,0.909,0.703,45,41,16,20,14,11,2020-21,Home
2021-02-12,Sacramento Kings,Orlando Magic,112,123,0.518,0.505,0.364,0.441,0.737,0.8,42,42,33,25,18,10,2020-21,Away
2021-02-12,Chicago Bulls,LA Clippers,106,125,0.471,0.581,0.375,0.433,0.933,0.8,41,37,23,20,13,9,2020-21,Away
2021-02-12,Dallas Mavericks,New Orleans Pelicans,143,130,0.58,0.533,0.556,0.459,0.762,0.739,37,38,30,31,6,9,2020-21,Home
2021-02-12,Washington Wizards,New York Knicks,91,109,0.382,0.449,0.265,0.25,0.7,0.682,46,65,20,22,14,11,2020-21,Away
2021-02-12,Atlanta Hawks,San Antonio Spurs,114,125,0.433,0.529,0.344,0.387,0.758,0.821,41,46,22,27,12,13,2020-21,Away
2021-02-12,Boston Celtics,Detroit Pistons,102,108,0.439,0.43,0.296,0.395,0.733,0.833,44,44,15,25,10,12,2020-21,Away
2021-02-12,Utah Jazz,Milwaukee Bucks,129,115,0.524,0.457,0.368,0.364,0.853,0.704,46,33,22,19,17,10,2020-21,Home
2021-02-12,Denver Nuggets,Oklahoma City Thunder,97,95,0.46,0.4,0.25,0.313,0.7,0.765,41,50,24,26,13,12,2020-21,Home
2021-02-12,Charlotte Hornets,Minnesota Timberwolves,120,114,0.489,0.455,0.361,0.39,1.0,0.571,55,40,20,28,20,8,2020-21,Home
2021-02-12,Los Angeles Lakers,Memphis Grizzlies,115,105,0.506,0.488,0.2,0.414,0.697,0.789,47,33,26,31,18,17,2020-21,Home
2021-02-13,Atlanta Hawks,Indiana Pacers,113,125,0.478,0.506,0.29,0.387,0.783,0.852,38,43,35,34,11,9,2020-21,Away
2021-02-13,Golden State Warriors,Brooklyn Nets,117,134,0.489,0.538,0.265,0.41,0.8,0.9,37,45,25,35,13,13,2020-21,Away
2021-02-13,Phoenix Suns,Philadelphia 76ers,120,111,0.608,0.521,0.4,0.412,0.824,0.848,32,35,25,19,13,13,2020-21,Home
2021-02-13,New York Knicks,Houston Rockets,121,99,0.523,0.375,0.429,0.186,0.826,0.833,44,46,21,17,7,9,2020-21,Home
2021-02-13,Utah Jazz,Miami Heat,112,94,0.459,0.407,0.261,0.333,0.759,0.706,48,43,26,24,15,17,2020-21,Home
2021-02-14,Sacramento Kings,Memphis Grizzlies,110,124,0.5,0.532,0.242,0.429,0.769,0.789,33,43,22,31,16,10,2020-21,Away
2021-02-14,LA Clippers,Cleveland Cavaliers,128,111,0.477,0.462,0.433,0.28,0.861,0.72,47,40,31,25,10,15,2020-21,Home
2021-02-14,Denver Nuggets,Los Angeles Lakers,122,105,0.459,0.46,0.404,0.214,0.735,0.655,47,46,28,27,9,10,2020-21,Home
2021-02-14,Washington Wizards,Boston Celtics,104,91,0.398,0.356,0.233,0.257,0.861,0.6,54,50,24,14,16,17,2020-21,Home
2021-02-14,Toronto Raptors,Minnesota Timberwolves,112,116,0.418,0.524,0.303,0.41,0.839,0.737,38,40,24,28,11,18,2020-21,Away
2021-02-14,Oklahoma City Thunder,Milwaukee Bucks,114,109,0.474,0.464,0.417,0.342,0.563,0.667,49,47,32,24,13,14,2020-21,Home
2021-02-14,Charlotte Hornets,San Antonio Spurs,110,122,0.474,0.5,0.353,0.294,0.727,0.842,49,43,23,31,16,9,2020-21,Away
2021-02-14,Dallas Mavericks,Portland Trail Blazers,118,121,0.494,0.529,0.341,0.45,0.96,0.684,35,36,19,15,12,15,2020-21,Away
2021-02-14,Detroit Pistons,New Orleans Pelicans,123,112,0.536,0.444,0.486,0.257,0.8,0.821,37,44,34,23,11,10,2020-21,Home
2021-02-14,Phoenix Suns,Orlando Magic,109,90,0.446,0.371,0.324,0.171,0.938,0.818,59,48,24,13,8,10,2020-21,Home
2021-02-15,Washington Wizards,Houston Rockets,131,119,0.522,0.473,0.4,0.216,0.742,0.735,47,41,25,23,15,18,2020-21,Home
2021-02-15,Utah Jazz,Philadelphia 76ers,134,123,0.523,0.5,0.4,0.348,0.839,0.875,36,42,18,19,11,12,2020-21,Home
2021-02-15,New York Knicks,Atlanta Hawks,123,112,0.506,0.424,0.5,0.333,0.815,0.906,42,42,22,17,8,11,2020-21,Home
2021-02-15,Golden State Warriors,Cleveland Cavaliers,129,98,0.523,0.389,0.459,0.267,0.952,0.8,39,49,34,19,14,17,2020-21,Home
2021-02-15,Sacramento Kings,Brooklyn Nets,125,136,0.531,0.573,0.364,0.574,0.846,0.583,41,35,24,31,13,15,2020-21,Away
2021-02-15,LA Clippers,Miami Heat,125,118,0.553,0.505,0.469,0.222,0.8,0.818,39,39,31,27,12,8,2020-21,Home
2021-02-15,Indiana Pacers,Chicago Bulls,112,120,0.424,0.431,0.273,0.394,0.806,0.864,47,60,18,25,19,18,2020-21,Away
2021-02-16,Boston Celtics,Denver Nuggets,112,99,0.481,0.452,0.357,0.265,0.905,0.933,43,38,26,25,20,17,2020-21,Home
2021-02-16,Phoenix Suns,Brooklyn Nets,124,128,0.545,0.573,0.432,0.5,1.0,0.933,34,37,28,28,6,10,2020-21,Away
2021-02-16,Memphis Grizzlies,New Orleans Pelicans,113,144,0.477,0.615,0.419,0.5,0.889,0.765,32,47,23,33,19,19,2020-21,Away
2021-02-16,Milwaukee Bucks,Toronto Raptors,113,124,0.482,0.505,0.378,0.395,0.76,0.714,41,44,25,25,17,15,2020-21,Away
2021-02-16,Minnesota Timberwolves,Los Angeles Lakers,104,112,0.419,0.545,0.471,0.423,0.769,0.81,38,38,26,20,15,18,2020-21,Away
2021-02-16,Oklahoma City Thunder,Portland Trail Blazers,104,115,0.435,0.438,0.303,0.426,0.741,0.647,46,54,23,26,11,10,2020-21,Away
2021-02-17,Philadelphia 76ers,Houston Rockets,118,113,0.481,0.457,0.462,0.319,0.875,0.778,47,39,23,26,20,18,2020-21,Home
2021-02-17,Golden State Warriors,Miami Heat,120,112,0.453,0.454,0.346,0.361,0.762,0.917,46,49,32,28,16,15,2020-21,Home
2021-02-17,New Orleans Pelicans,Portland Trail Blazers,124,126,0.483,0.511,0.469,0.439,0.793,0.889,51,31,25,26,11,9,2020-21,Away
2021-02-17,LA Clippers,Utah Jazz,96,114,0.442,0.429,0.346,0.325,0.647,0.85,47,53,18,19,16,13,2020-21,Away
2021-02-17,Chicago Bulls,Detroit Pistons,105,102,0.482,0.451,0.286,0.286,0.625,0.833,46,40,29,15,13,13,2020-21,Home
2021-02-17,Washington Wizards,Denver Nuggets,130,128,0.512,0.522,0.455,0.447,0.794,0.833,45,42,31,23,13,11,2020-21,Home
2021-02-17,Memphis Grizzlies,Oklahoma City Thunder,122,113,0.506,0.449,0.462,0.463,0.788,0.857,44,39,31,25,12,18,2020-21,Home
2021-02-17,Minnesota Timberwolves,Indiana Pacers,128,134,0.421,0.505,0.375,0.5,0.92,0.852,44,51,37,31,11,14,2020-21,Away
2021-02-17,Orlando Magic,New York Knicks,107,89,0.457,0.379,0.471,0.259,0.7,0.842,50,46,27,16,12,16,2020-21,Home
2021-02-17,Boston Celtics,Atlanta Hawks,114,122,0.465,0.571,0.323,0.333,0.889,0.839,37,37,22,19,16,14,2020-21,Away
2021-02-18,Milwaukee Bucks,Toronto Raptors,96,110,0.398,0.487,0.294,0.343,0.696,0.957,52,37,23,26,15,9,2020-21,Away
2021-02-18,Los Angeles Lakers,Brooklyn Nets,98,109,0.482,0.494,0.267,0.462,0.714,0.625,39,39,21,23,16,13,2020-21,Away
2021-02-18,Sacramento Kings,Miami Heat,110,118,0.462,0.516,0.366,0.353,0.563,0.8,44,45,29,36,15,14,2020-21,Away
2021-02-19,Cleveland Cavaliers,Denver Nuggets,103,120,0.47,0.575,0.387,0.484,0.619,0.765,34,37,30,24,18,15,2020-21,Away
2021-02-19,Memphis Grizzlies,Detroit Pistons,109,95,0.467,0.419,0.25,0.311,0.87,0.692,49,45,20,27,11,21,2020-21,Home
2021-02-19,Philadelphia 76ers,Chicago Bulls,112,105,0.471,0.421,0.333,0.219,0.793,1.0,53,42,23,24,15,11,2020-21,Home
2021-02-19,New Orleans Pelicans,Phoenix Suns,114,132,0.512,0.58,0.344,0.564,0.792,0.667,37,37,28,38,13,13,2020-21,Away
2021-02-19,Milwaukee Bucks,Oklahoma City Thunder,98,85,0.407,0.365,0.324,0.3,0.68,0.524,61,46,23,20,12,10,2020-21,Home
2021-02-19,Orlando Magic,Golden State Warriors,124,120,0.489,0.474,0.419,0.452,0.824,0.6,51,45,30,37,13,13,2020-21,Home
2021-02-19,Minnesota Timberwolves,Toronto Raptors,81,86,0.386,0.329,0.237,0.3,0.727,0.818,43,51,24,16,13,15,2020-21,Away
2021-02-19,Boston Celtics,Atlanta Hawks,121,109,0.556,0.422,0.4,0.333,0.7,0.92,44,41,26,21,18,13,2020-21,Home
2021-02-19,LA Clippers,Utah Jazz,116,112,0.483,0.477,0.333,0.353,0.909,0.857,45,38,22,13,11,10,2020-21,Home
2021-02-20,Memphis Grizzlies,Phoenix Suns,97,128,0.387,0.535,0.152,0.522,0.87,0.923,49,41,19,35,12,10,2020-21,Away
2021-02-20,Chicago Bulls,Sacramento Kings,122,114,0.598,0.449,0.478,0.276,0.867,0.818,38,41,24,22,14,7,2020-21,Home
2021-02-20,Los Angeles Lakers,Miami Heat,94,96,0.393,0.424,0.289,0.286,0.882,0.696,43,49,25,24,14,14,2020-21,Away
2021-02-20,Portland Trail Blazers,Washington Wizards,111,118,0.359,0.506,0.345,0.231,0.72,0.759,50,54,19,23,12,17,2020-21,Away
2021-02-20,Charlotte Hornets,Golden State Warriors,102,100,0.493,0.435,0.5,0.333,0.889,0.765,44,39,23,23,24,14,2020-21,Home
2021-02-21,New Orleans Pelicans,Boston Celtics,120,115,0.447,0.398,0.306,0.27,0.676,0.794,52,49,22,22,13,10,2020-21,Home
2021-02-21,Orlando Magic,Detroit Pistons,105,96,0.432,0.374,0.3,0.275,0.897,0.81,51,49,24,23,11,11,2020-21,Home
2021-02-21,Cleveland Cavaliers,Oklahoma City Thunder,101,117,0.464,0.544,0.229,0.464,0.75,0.75,42,37,22,22,15,14,2020-21,Away
2021-02-21,Milwaukee Bucks,Sacramento Kings,128,115,0.489,0.44,0.393,0.364,0.806,0.75,56,43,22,29,17,12,2020-21,Home
2021-02-21,LA Clippers,Brooklyn Nets,108,112,0.46,0.478,0.429,0.289,0.722,0.684,52,40,24,21,16,6,2020-21,Away
2021-02-21,Toronto Raptors,Philadelphia 76ers,110,103,0.494,0.388,0.412,0.297,0.889,0.743,39,45,25,26,14,10,2020-21,Home
2021-02-21,Atlanta Hawks,Denver Nuggets,123,115,0.519,0.512,0.353,0.444,0.818,0.813,44,33,29,25,11,13,2020-21,Home
2021-02-21,New York Knicks,Minnesota Timberwolves,103,99,0.423,0.402,0.333,0.457,0.816,0.81,48,43,17,24,13,15,2020-21,Home
2021-02-22,Phoenix Suns,Portland Trail Blazers,132,100,0.505,0.44,0.485,0.308,0.889,0.737,43,46,29,15,7,16,2020-21,Home
2021-02-22,Dallas Mavericks,Memphis Grizzlies,102,92,0.438,0.394,0.366,0.194,0.654,0.632,49,51,17,17,16,13,2020-21,Home
2021-02-22,Houston Rockets,Chicago Bulls,100,120,0.385,0.538,0.325,0.417,0.684,0.7,46,55,20,24,9,11,2020-21,Away
2021-02-22,Oklahoma City Thunder,Miami Heat,94,108,0.432,0.444,0.359,0.375,0.842,0.84,38,45,20,30,17,13,2020-21,Away
2021-02-22,Utah Jazz,Charlotte Hornets,132,110,0.529,0.461,0.509,0.306,0.824,0.81,45,35,34,18,22,16,2020-21,Home
2021-02-22,Los Angeles Lakers,Washington Wizards,124,127,0.471,0.49,0.341,0.36,0.647,0.727,45,49,29,25,20,16,2020-21,Away
2021-02-23,LA Clippers,Washington Wizards,135,116,0.574,0.534,0.5,0.55,0.615,0.688,46,36,26,32,10,13,2020-21,Home
2021-02-23,Denver Nuggets,Portland Trail Blazers,111,106,0.426,0.471,0.389,0.341,0.944,1.0,40,47,25,21,1,9,2020-21,Home
2021-02-23,Toronto Raptors,Philadelphia 76ers,102,109,0.43,0.413,0.297,0.447,0.846,0.867,38,54,29,24,10,18,2020-21,Away
2021-02-23,Brooklyn Nets,Sacramento Kings,127,118,0.494,0.517,0.425,0.484,0.71,0.684,41,38,30,25,8,15,2020-21,Home
2021-02-23,Orlando Magic,Detroit Pistons,93,105,0.375,0.466,0.368,0.294,0.591,0.813,48,49,25,24,12,15,2020-21,Away
2021-02-23,Milwaukee Bucks,Minnesota Timberwolves,139,112,0.535,0.429,0.476,0.352,0.722,1.0,52,43,33,35,8,14,2020-21,Home
2021-02-23,New York Knicks,Golden State Warriors,106,114,0.392,0.449,0.379,0.342,0.864,0.875,56,41,22,30,13,10,2020-21,Away
2021-02-23,Dallas Mavericks,Boston Celtics,110,107,0.472,0.477,0.394,0.308,0.867,0.722,38,46,19,19,9,13,2020-21,Home
2021-02-23,Cleveland Cavaliers,Atlanta Hawks,112,111,0.526,0.449,0.536,0.452,0.789,0.739,36,41,28,22,15,11,2020-21,Home
2021-02-24,Indiana Pacers,Golden State Warriors,107,111,0.457,0.47,0.241,0.192,0.813,0.903,39,41,20,27,19,18,2020-21,Away
2021-02-24,Cleveland Cavaliers,Houston Rockets,112,96,0.506,0.4,0.444,0.303,0.667,0.824,55,33,24,18,16,7,2020-21,Home
2021-02-24,Oklahoma City Thunder,San Antonio Spurs,102,99,0.416,0.465,0.409,0.36,0.909,0.667,52,44,21,20,17,12,2020-21,Home
2021-02-24,Atlanta Hawks,Boston Celtics,127,112,0.529,0.442,0.548,0.258,0.824,0.87,45,36,27,20,17,6,2020-21,Home
2021-02-24,Utah Jazz,Los Angeles Lakers,114,89,0.471,0.4,0.458,0.242,0.667,0.65,53,45,28,17,12,14,2020-21,Home
2021-02-24,Phoenix Suns,Charlotte Hornets,121,124,0.506,0.489,0.368,0.361,0.704,0.926,41,46,26,24,14,13,2020-21,Away
2021-02-24,New Orleans Pelicans,Detroit Pistons,128,118,0.556,0.528,0.435,0.361,0.621,0.688,45,38,31,31,12,13,2020-21,Home
2021-02-24,Miami Heat,Toronto Raptors,116,108,0.463,0.5,0.447,0.455,0.862,0.824,42,32,31,30,11,14,2020-21,Home
2021-02-24,Chicago Bulls,Minnesota Timberwolves,133,126,0.591,0.452,0.4,0.316,0.813,0.952,43,41,28,28,21,17,2020-21,Home
2021-02-25,Denver Nuggets,Washington Wizards,110,112,0.435,0.477,0.395,0.308,0.875,0.88,44,42,23,24,18,11,2020-21,Away
2021-02-25,Memphis Grizzlies,LA Clippers,122,94,0.543,0.405,0.579,0.353,0.688,0.875,48,41,27,19,6,14,2020-21,Home
2021-02-25,Milwaukee Bucks,New Orleans Pelicans,129,125,0.542,0.5,0.419,0.333,0.75,0.714,42,47,21,32,9,9,2020-21,Home
2021-02-25,Brooklyn Nets,Orlando Magic,129,92,0.533,0.402,0.444,0.25,0.786,0.867,51,35,30,19,13,18,2020-21,Home
2021-02-25,New York Knicks,Sacramento Kings,140,121,0.586,0.494,0.528,0.343,0.905,0.758,43,34,24,25,16,16,2020-21,Home
2021-02-25,Philadelphia 76ers,Dallas Mavericks,111,97,0.433,0.41,0.414,0.382,0.84,0.87,39,50,26,17,7,18,2020-21,Home
2021-02-26,Toronto Raptors,Houston Rockets,122,111,0.449,0.429,0.39,0.34,0.963,0.85,48,37,29,23,12,11,2020-21,Home
2021-02-26,Chicago Bulls,Phoenix Suns,97,106,0.5,0.5,0.387,0.273,0.7,0.8,41,30,25,35,17,7,2020-21,Away
2021-02-26,Golden State Warriors,Charlotte Hornets,130,121,0.608,0.461,0.458,0.415,0.92,0.688,37,38,38,27,23,20,2020-21,Home
2021-02-26,Miami Heat,Utah Jazz,124,116,0.512,0.426,0.452,0.326,0.88,0.913,50,36,24,24,15,9,2020-21,Home
2021-02-26,Los Angeles Lakers,Portland Trail Blazers,102,93,0.42,0.386,0.259,0.297,0.75,0.9,52,45,25,19,9,15,2020-21,Home
2021-02-26,Oklahoma City Thunder,Atlanta Hawks,118,109,0.523,0.443,0.381,0.3,0.625,0.647,39,54,31,21,10,10,2020-21,Home
2021-02-26,Detroit Pistons,Sacramento Kings,107,110,0.451,0.416,0.364,0.219,0.656,0.707,45,49,20,24,11,10,2020-21,Away
2021-02-26,Memphis Grizzlies,LA Clippers,99,119,0.402,0.55,0.321,0.4,0.75,0.944,37,47,24,34,9,17,2020-21,Away
2021-02-26,Boston Celtics,Indiana Pacers,118,112,0.512,0.393,0.409,0.326,0.862,0.931,45,40,24,26,11,8,2020-21,Home
2021-02-27,Orlando Magic,Utah Jazz,109,124,0.458,0.529,0.412,0.378,0.875,0.708,37,52,27,29,3,12,2020-21,Away
2021-02-27,Philadelphia 76ers,Cleveland Cavaliers,109,112,0.458,0.423,0.357,0.333,0.657,0.759,46,52,25,24,19,16,2020-21,Away
2021-02-27,New York Knicks,Indiana Pacers,110,107,0.494,0.452,0.5,0.393,0.818,0.8,38,35,26,27,18,16,2020-21,Home
2021-02-27,San Antonio Spurs,New Orleans Pelicans,117,114,0.477,0.44,0.375,0.281,0.821,0.806,38,52,24,27,8,10,2020-21,Home
2021-02-27,Oklahoma City Thunder,Denver Nuggets,96,126,0.42,0.551,0.234,0.484,0.733,0.813,37,49,24,30,14,12,2020-21,Away
2021-02-27,Washington Wizards,Minnesota Timberwolves,128,112,0.449,0.432,0.394,0.314,0.794,0.655,57,50,27,23,16,18,2020-21,Home
2021-02-27,Brooklyn Nets,Dallas Mavericks,98,115,0.407,0.523,0.318,0.389,0.737,0.647,47,36,21,23,19,8,2020-21,Away
2021-02-28,Detroit Pistons,New York Knicks,90,109,0.389,0.512,0.281,0.5,0.806,0.8,40,41,16,23,15,11,2020-21,Away
2021-02-28,Sacramento Kings,Charlotte Hornets,126,127,0.543,0.542,0.444,0.367,0.588,0.963,33,37,32,30,10,16,2020-21,Away
2021-02-28,Boston Celtics,Washington Wizards,111,110,0.472,0.452,0.333,0.281,0.708,0.862,49,36,25,16,18,14,2020-21,Home
2021-02-28,Miami Heat,Atlanta Hawks,109,99,0.453,0.414,0.297,0.229,0.909,0.864,45,49,27,22,14,16,2020-21,Home
2021-02-28,Milwaukee Bucks,LA Clippers,105,100,0.447,0.412,0.316,0.318,0.773,0.857,48,49,21,20,11,8,2020-21,Home
2021-02-28,Minnesota Timberwolves,Phoenix Suns,99,118,0.376,0.494,0.229,0.259,0.875,0.958,44,47,21,27,15,16,2020-21,Away
2021-02-28,Los Angeles Lakers,Golden State Warriors,117,91,0.471,0.407,0.355,0.235,0.684,0.684,60,35,22,26,19,20,2020-21,Home
2021-02-28,Houston Rockets,Memphis Grizzlies,84,133,0.277,0.532,0.089,0.333,0.829,0.821,38,56,10,27,23,18,2020-21,Away
2021-03-01,Portland Trail Blazers,Charlotte Hornets,123,111,0.535,0.489,0.522,0.441,0.7,0.588,38,37,26,25,15,16,2020-21,Home
2021-03-01,New Orleans Pelicans,Utah Jazz,129,124,0.565,0.455,0.636,0.395,0.783,0.833,53,39,27,26,13,8,2020-21,Home
2021-03-01,Chicago Bulls,Denver Nuggets,112,118,0.447,0.529,0.316,0.37,0.727,0.8,44,50,25,22,10,12,2020-21,Away
2021-03-01,Houston Rockets,Cleveland Cavaliers,90,101,0.408,0.493,0.323,0.333,0.75,0.792,30,48,13,23,14,19,2020-21,Away
2021-03-01,Orlando Magic,Dallas Mavericks,124,130,0.495,0.522,0.488,0.37,0.714,0.826,41,46,25,29,8,8,2020-21,Away
2021-03-01,San Antonio Spurs,Brooklyn Nets,113,124,0.454,0.47,0.429,0.415,0.667,0.765,48,51,30,35,9,5,2020-21,Away
2021-03-01,Philadelphia 76ers,Indiana Pacers,130,114,0.568,0.484,0.429,0.276,0.938,0.857,39,34,27,27,19,19,2020-21,Home
2021-03-02,Miami Heat,Atlanta Hawks,80,94,0.373,0.479,0.273,0.361,0.682,0.867,26,47,15,26,7,23,2020-21,Away
2021-03-02,Washington Wizards,Memphis Grizzlies,111,125,0.506,0.495,0.355,0.448,0.72,0.783,37,44,29,26,22,11,2020-21,Away
2021-03-02,Los Angeles Lakers,Phoenix Suns,104,114,0.506,0.494,0.355,0.552,0.765,0.88,34,35,18,30,12,13,2020-21,Away
2021-03-02,Boston Celtics,LA Clippers,117,112,0.488,0.494,0.5,0.474,0.739,0.889,43,35,25,28,8,9,2020-21,Home
2021-03-02,Milwaukee Bucks,Denver Nuggets,97,128,0.405,0.558,0.275,0.367,0.71,0.917,40,45,22,28,13,10,2020-21,Away
2021-03-02,San Antonio Spurs,New York Knicks,119,93,0.483,0.407,0.429,0.417,0.714,0.8,45,41,31,18,8,16,2020-21,Home
2021-03-03,Orlando Magic,Atlanta Hawks,112,115,0.429,0.447,0.371,0.467,1.0,0.947,46,42,24,26,10,12,2020-21,Away
2021-03-03,Cleveland Cavaliers,Indiana Pacers,111,114,0.518,0.566,0.393,0.32,0.933,0.75,43,27,29,27,25,11,2020-21,Away
2021-03-03,Portland Trail Blazers,Golden State Warriors,108,106,0.419,0.423,0.286,0.357,0.846,0.643,47,54,15,27,10,11,2020-21,Home
2021-03-03,Sacramento Kings,Los Angeles Lakers,123,120,0.6,0.527,0.48,0.444,0.789,0.714,30,41,32,27,13,11,2020-21,Home
2021-03-03,Philadelphia 76ers,Utah Jazz,131,123,0.516,0.44,0.32,0.477,0.771,0.737,50,52,22,22,11,16,2020-21,Home
2021-03-03,Toronto Raptors,Detroit Pistons,105,129,0.442,0.527,0.333,0.488,0.833,0.619,34,49,17,39,14,12,2020-21,Away
2021-03-03,Minnesota Timberwolves,Charlotte Hornets,102,135,0.406,0.52,0.225,0.436,0.833,0.762,45,54,25,33,19,17,2020-21,Away
2021-03-03,New Orleans Pelicans,Chicago Bulls,124,128,0.554,0.511,0.273,0.429,0.684,0.909,35,45,29,28,11,14,2020-21,Away
2021-03-03,Dallas Mavericks,Oklahoma City Thunder,87,78,0.386,0.333,0.2,0.231,0.789,0.647,53,45,18,13,12,13,2020-21,Home
2021-03-03,Houston Rockets,Brooklyn Nets,114,132,0.418,0.576,0.419,0.486,0.714,0.708,37,53,24,33,9,14,2020-21,Away
2021-03-04,Boston Celtics,Toronto Raptors,132,125,0.608,0.495,0.448,0.42,0.725,0.824,39,28,25,36,16,13,2020-21,Home
2021-03-04,Memphis Grizzlies,Milwaukee Bucks,111,112,0.396,0.442,0.235,0.294,0.958,0.818,56,52,21,21,12,16,2020-21,Away
2021-03-04,New Orleans Pelicans,Miami Heat,93,103,0.393,0.493,0.256,0.333,0.8,0.84,44,41,28,27,12,10,2020-21,Away
2021-03-04,Indiana Pacers,Denver Nuggets,103,113,0.456,0.584,0.359,0.429,0.583,0.688,34,41,27,27,14,19,2020-21,Away
2021-03-04,San Antonio Spurs,Oklahoma City Thunder,102,107,0.471,0.435,0.323,0.3,1.0,0.808,46,45,23,20,19,16,2020-21,Away
2021-03-04,Washington Wizards,LA Clippers,119,117,0.455,0.463,0.391,0.457,0.714,0.926,41,45,20,24,9,17,2020-21,Home
2021-03-04,Portland Trail Blazers,Sacramento Kings,123,119,0.477,0.476,0.395,0.379,0.96,0.625,41,51,20,25,8,7,2020-21,Home
2021-03-04,Phoenix Suns,Golden State Warriors,120,98,0.51,0.432,0.4,0.343,0.769,0.625,52,40,31,22,16,17,2020-21,Home
2021-03-04,New York Knicks,Detroit Pistons,114,104,0.542,0.488,0.333,0.389,0.789,0.8,47,29,25,23,13,12,2020-21,Home
2021-03-10,Dallas Mavericks,San Antonio Spurs,115,104,0.518,0.458,0.325,0.429,0.842,0.8,51,30,29,18,14,9,2020-21,Home
2021-03-10,Memphis Grizzlies,Washington Wizards,127,112,0.505,0.4,0.348,0.306,0.655,0.926,60,39,31,23,15,9,2020-21,Home
2021-03-11,Sacramento Kings,Houston Rockets,125,105,0.489,0.414,0.333,0.244,0.857,0.706,53,44,25,24,12,13,2020-21,Home
2021-03-11,Portland Trail Blazers,Phoenix Suns,121,127,0.457,0.59,0.419,0.542,0.895,0.842,41,38,26,28,11,13,2020-21,Away
2021-03-11,Milwaukee Bucks,New York Knicks,134,101,0.575,0.42,0.474,0.351,0.941,0.667,43,38,29,19,12,14,2020-21,Home
2021-03-11,Chicago Bulls,Philadelphia 76ers,105,127,0.47,0.515,0.483,0.303,0.813,0.733,38,45,26,25,19,10,2020-21,Away
2021-03-11,Miami Heat,Orlando Magic,111,103,0.451,0.406,0.327,0.353,0.591,0.867,44,57,27,22,10,14,2020-21,Home
2021-03-11,Charlotte Hornets,Detroit Pistons,105,102,0.4,0.447,0.333,0.326,0.958,0.786,45,50,26,27,9,14,2020-21,Home
2021-03-11,Toronto Raptors,Atlanta Hawks,120,121,0.438,0.433,0.459,0.357,0.826,0.8,50,53,23,20,14,14,2020-21,Away
2021-03-11,Oklahoma City Thunder,Dallas Mavericks,116,108,0.451,0.427,0.5,0.441,0.9,0.697,55,37,25,20,9,6,2020-21,Home
2021-03-11,Brooklyn Nets,Boston Celtics,121,109,0.477,0.451,0.452,0.325,0.818,0.636,45,39,21,22,14,11,2020-21,Home
2021-03-11,New Orleans Pelicans,Minnesota Timberwolves,105,135,0.43,0.537,0.188,0.475,0.542,0.875,51,38,28,28,18,11,2020-21,Away
2021-03-11,LA Clippers,Golden State Warriors,130,104,0.458,0.432,0.439,0.25,0.828,0.704,56,44,23,20,11,16,2020-21,Home
2021-03-12,Chicago Bulls,Miami Heat,90,101,0.37,0.463,0.395,0.343,1.0,0.75,50,41,25,26,16,9,2020-21,Away
2021-03-12,Los Angeles Lakers,Indiana Pacers,105,100,0.447,0.42,0.318,0.222,0.769,0.857,44,44,20,22,15,16,2020-21,Home
2021-03-12,San Antonio Spurs,Orlando Magic,104,77,0.449,0.363,0.345,0.263,0.778,0.75,45,46,24,17,9,18,2020-21,Home
2021-03-12,Utah Jazz,Houston Rockets,114,99,0.481,0.366,0.375,0.209,0.84,0.615,51,50,24,15,17,10,2020-21,Home
2021-03-12,Memphis Grizzlies,Denver Nuggets,102,103,0.46,0.446,0.5,0.351,1.0,0.727,45,45,27,27,16,9,2020-21,Away
2021-03-12,Washington Wizards,Philadelphia 76ers,101,127,0.488,0.544,0.333,0.524,0.591,1.0,32,49,19,26,18,16,2020-21,Away
2021-03-12,New Orleans Pelicans,Cleveland Cavaliers,116,82,0.465,0.341,0.25,0.219,0.842,0.75,70,33,25,13,13,6,2020-21,Home
2021-03-13,Charlotte Hornets,Toronto Raptors,114,104,0.481,0.385,0.429,0.326,0.789,0.833,51,47,30,25,27,16,2020-21,Home
2021-03-13,Brooklyn Nets,Detroit Pistons,100,95,0.488,0.404,0.222,0.25,0.727,0.75,35,46,22,26,12,12,2020-21,Home
2021-03-13,Washington Wizards,Milwaukee Bucks,119,125,0.457,0.434,0.39,0.378,0.773,0.88,41,57,25,33,15,18,2020-21,Away
2021-03-13,Phoenix Suns,Indiana Pacers,111,122,0.473,0.529,0.387,0.464,0.765,0.81,40,45,28,25,16,15,2020-21,Away
2021-03-13,Oklahoma City Thunder,New York Knicks,97,119,0.487,0.489,0.25,0.4,0.714,0.773,40,44,22,23,18,10,2020-21,Away
2021-03-13,Denver Nuggets,Dallas Mavericks,103,116,0.411,0.488,0.39,0.391,0.722,0.875,42,48,27,26,10,8,2020-21,Away
2021-03-13,Atlanta Hawks,Sacramento Kings,121,106,0.512,0.439,0.364,0.194,0.697,0.813,45,47,21,27,8,12,2020-21,Home
2021-03-13,Minnesota Timberwolves,Portland Trail Blazers,121,125,0.512,0.483,0.385,0.325,0.742,0.867,56,34,23,26,18,8,2020-21,Away
2021-03-14,Houston Rockets,Boston Celtics,107,134,0.385,0.554,0.32,0.486,0.677,0.667,37,55,23,29,11,14,2020-21,Away
2021-03-14,Orlando Magic,Miami Heat,97,102,0.44,0.416,0.4,0.28,0.714,0.933,45,43,25,28,23,11,2020-21,Away
2021-03-14,Oklahoma City Thunder,Memphis Grizzlies,128,122,0.575,0.511,0.516,0.318,0.824,0.724,46,32,26,27,24,7,2020-21,Home
2021-03-14,Atlanta Hawks,Cleveland Cavaliers,100,82,0.451,0.383,0.414,0.267,0.923,0.522,49,34,21,19,15,13,2020-21,Home
2021-03-14,Chicago Bulls,Toronto Raptors,118,95,0.454,0.378,0.273,0.267,0.783,0.714,60,38,35,23,11,12,2020-21,Home
2021-03-14,Philadelphia 76ers,San Antonio Spurs,134,99,0.571,0.424,0.517,0.19,0.636,0.742,54,32,35,20,11,9,2020-21,Home
2021-03-14,New Orleans Pelicans,LA Clippers,135,115,0.654,0.457,0.462,0.349,0.81,0.842,40,32,38,23,18,12,2020-21,Home
2021-03-14,Minnesota Timberwolves,Portland Trail Blazers,114,112,0.493,0.438,0.342,0.378,0.744,0.81,45,42,24,22,12,11,2020-21,Home
2021-03-14,Golden State Warriors,Utah Jazz,131,119,0.562,0.441,0.516,0.341,0.833,0.759,40,51,33,24,13,14,2020-21,Home
2021-03-15,Denver Nuggets,Indiana Pacers,121,106,0.464,0.433,0.536,0.405,0.842,0.846,54,39,32,28,10,11,2020-21,Home
2021-03-15,Brooklyn Nets,New York Knicks,117,112,0.579,0.402,0.414,0.357,0.773,0.852,41,40,29,16,15,8,2020-21,Home
2021-03-15,Golden State Warriors,Los Angeles Lakers,97,128,0.43,0.628,0.351,0.407,0.667,0.76,30,46,24,36,22,19,2020-21,Away
2021-03-15,Phoenix Suns,Memphis Grizzlies,122,99,0.566,0.437,0.4,0.217,0.889,0.692,42,39,28,15,14,10,2020-21,Home
2021-03-15,Washington Wizards,Milwaukee Bucks,122,133,0.506,0.553,0.421,0.393,0.75,0.947,33,46,34,29,14,16,2020-21,Away
2021-03-15,Detroit Pistons,San Antonio Spurs,99,109,0.47,0.566,0.28,0.48,0.56,0.6,34,45,22,29,8,21,2020-21,Away
2021-03-15,Charlotte Hornets,Sacramento Kings,122,116,0.479,0.558,0.4,0.29,0.8,0.647,46,44,30,28,8,10,2020-21,Home
2021-03-15,Dallas Mavericks,LA Clippers,99,109,0.494,0.5,0.415,0.438,0.8,0.818,33,46,24,23,14,9,2020-21,Away
2021-03-16,Portland Trail Blazers,New Orleans Pelicans,125,124,0.521,0.523,0.419,0.485,1.0,0.8,32,41,20,38,17,16,2020-21,Home
2021-03-16,Miami Heat,Cleveland Cavaliers,113,98,0.494,0.453,0.37,0.286,0.905,0.714,48,42,30,23,13,14,2020-21,Home
2021-03-16,Chicago Bulls,Oklahoma City Thunder,123,102,0.511,0.467,0.333,0.35,0.833,0.846,42,43,24,16,11,17,2020-21,Home
2021-03-16,Boston Celtics,Utah Jazz,109,117,0.49,0.475,0.345,0.442,0.75,0.917,45,38,28,23,13,15,2020-21,Away
2021-03-16,Houston Rockets,Atlanta Hawks,107,119,0.477,0.512,0.382,0.459,0.769,0.875,37,38,27,32,13,12,2020-21,Away
2021-03-16,Philadelphia 76ers,New York Knicks,99,96,0.411,0.44,0.344,0.333,0.737,0.636,50,47,19,19,11,12,2020-21,Home
2021-03-16,Los Angeles Lakers,Minnesota Timberwolves,137,121,0.575,0.522,0.5,0.314,0.857,0.727,43,34,37,28,13,12,2020-21,Home
2021-03-17,Cleveland Cavaliers,Boston Celtics,117,110,0.541,0.455,0.435,0.263,0.818,0.69,40,40,23,19,15,12,2020-21,Home
2021-03-17,Philadelphia 76ers,Milwaukee Bucks,105,109,0.394,0.406,0.341,0.231,0.625,0.75,59,58,28,22,20,22,2020-21,Away
2021-03-17,Chicago Bulls,San Antonio Spurs,99,106,0.44,0.427,0.333,0.258,0.889,0.733,51,46,24,19,17,9,2020-21,Away
2021-03-17,Indiana Pacers,Brooklyn Nets,115,124,0.512,0.483,0.281,0.333,0.8,0.775,34,50,29,22,16,16,2020-21,Away
2021-03-17,Detroit Pistons,Toronto Raptors,116,112,0.507,0.43,0.414,0.3,0.875,0.765,54,30,23,27,20,9,2020-21,Home
2021-03-17,Dallas Mavericks,LA Clippers,105,89,0.506,0.42,0.441,0.281,0.833,0.545,43,37,14,22,18,12,2020-21,Home
2021-03-17,Memphis Grizzlies,Miami Heat,89,85,0.353,0.36,0.238,0.235,0.76,0.722,50,51,22,17,9,10,2020-21,Home
2021-03-17,Washington Wizards,Sacramento Kings,119,121,0.489,0.441,0.16,0.303,0.821,0.829,52,38,25,25,15,8,2020-21,Away
2021-03-17,Houston Rockets,Golden State Warriors,94,108,0.413,0.456,0.259,0.356,0.525,0.833,48,48,19,32,16,12,2020-21,Away
2021-03-17,Denver Nuggets,Charlotte Hornets,129,104,0.578,0.45,0.364,0.316,0.692,0.714,48,33,37,25,15,17,2020-21,Home
2021-03-18,Portland Trail Blazers,New Orleans Pelicans,101,93,0.379,0.398,0.326,0.27,0.84,0.68,50,44,11,24,13,12,2020-21,Home
2021-03-18,Washington Wizards,Utah Jazz,131,122,0.547,0.458,0.412,0.375,0.789,0.571,43,47,23,19,13,16,2020-21,Home
2021-03-18,New York Knicks,Orlando Magic,94,93,0.43,0.427,0.412,0.294,0.545,0.813,43,49,24,21,7,10,2020-21,Home
2021-03-18,Atlanta Hawks,Oklahoma City Thunder,116,93,0.54,0.366,0.333,0.382,0.846,0.75,50,38,26,18,14,9,2020-21,Home
2021-03-18,Phoenix Suns,Minnesota Timberwolves,119,123,0.529,0.473,0.417,0.324,0.737,0.686,47,38,29,22,22,12,2020-21,Away
2021-03-18,Los Angeles Lakers,Charlotte Hornets,116,105,0.478,0.494,0.333,0.379,0.75,0.6,48,44,23,26,11,19,2020-21,Home
2021-03-19,Boston Celtics,Sacramento Kings,96,107,0.429,0.457,0.387,0.4,0.857,0.808,45,45,22,22,14,14,2020-21,Away
2021-03-19,Orlando Magic,Brooklyn Nets,121,113,0.512,0.473,0.525,0.27,0.7,0.739,44,39,26,24,17,8,2020-21,Home
2021-03-19,Houston Rockets,Detroit Pistons,100,113,0.443,0.435,0.281,0.483,0.813,0.893,38,49,21,28,13,13,2020-21,Away
2021-03-19,Miami Heat,Indiana Pacers,110,137,0.446,0.584,0.265,0.556,0.95,0.684,36,47,22,38,11,16,2020-21,Away
2021-03-19,Phoenix Suns,Minnesota Timberwolves,113,101,0.5,0.468,0.519,0.371,0.765,0.778,40,39,29,22,18,19,2020-21,Home
2021-03-19,Toronto Raptors,Utah Jazz,112,115,0.482,0.459,0.477,0.324,0.786,0.854,31,48,31,21,10,13,2020-21,Away
2021-03-19,Cleveland Cavaliers,San Antonio Spurs,110,116,0.438,0.466,0.259,0.389,0.781,0.818,47,51,19,19,10,13,2020-21,Away
2021-03-19,Memphis Grizzlies,Golden State Warriors,103,116,0.464,0.484,0.308,0.366,0.81,0.722,46,43,24,31,20,13,2020-21,Away
2021-03-19,Portland Trail Blazers,Dallas Mavericks,125,119,0.473,0.543,0.468,0.452,0.882,0.923,43,39,17,25,6,12,2020-21,Home
2021-03-19,Denver Nuggets,Chicago Bulls,131,127,0.527,0.522,0.412,0.486,0.778,0.696,43,42,29,32,13,16,2020-21,Home
2021-03-20,Philadelphia 76ers,Sacramento Kings,129,105,0.558,0.459,0.478,0.357,0.759,0.63,52,33,24,28,10,8,2020-21,Home
2021-03-20,LA Clippers,Charlotte Hornets,125,98,0.523,0.388,0.353,0.366,1.0,0.75,42,39,26,25,9,14,2020-21,Home
2021-03-20,Los Angeles Lakers,Atlanta Hawks,94,99,0.42,0.398,0.308,0.351,0.75,0.889,52,49,18,26,16,8,2020-21,Away
2021-03-20,Milwaukee Bucks,San Antonio Spurs,120,113,0.489,0.479,0.368,0.364,0.889,0.9,49,41,24,29,11,9,2020-21,Home
2021-03-20,Memphis Grizzlies,Golden State Warriors,111,103,0.389,0.344,0.313,0.317,0.871,0.824,60,46,25,23,12,11,2020-21,Home
2021-03-21,Houston Rockets,Oklahoma City Thunder,112,114,0.494,0.462,0.368,0.333,0.741,0.68,38,52,22,22,16,16,2020-21,Away
2021-03-21,Denver Nuggets,New Orleans Pelicans,108,113,0.5,0.482,0.353,0.286,0.8,0.767,37,45,30,26,15,16,2020-21,Away
2021-03-21,Miami Heat,Indiana Pacers,106,109,0.402,0.388,0.243,0.333,0.826,0.9,51,50,27,27,14,14,2020-21,Away
2021-03-21,Boston Celtics,Orlando Magic,112,96,0.455,0.381,0.418,0.324,1.0,0.7,45,44,27,20,9,6,2020-21,Home
2021-03-21,Detroit Pistons,Chicago Bulls,86,100,0.39,0.463,0.16,0.5,0.72,0.857,37,52,20,26,14,18,2020-21,Away
2021-03-21,Cleveland Cavaliers,Toronto Raptors,116,105,0.506,0.389,0.515,0.326,0.75,0.842,54,37,29,19,26,14,2020-21,Home
2021-03-21,Portland Trail Blazers,Dallas Mavericks,92,132,0.382,0.558,0.22,0.514,0.789,0.85,33,52,17,23,6,10,2020-21,Away
2021-03-21,New York Knicks,Philadelphia 76ers,100,101,0.432,0.463,0.458,0.44,0.565,0.609,44,44,16,19,17,19,2020-21,Away
2021-03-21,Phoenix Suns,Los Angeles Lakers,111,94,0.483,0.412,0.281,0.2,0.783,0.679,51,41,30,20,10,11,2020-21,Home
2021-03-21,Brooklyn Nets,Washington Wizards,113,106,0.489,0.532,0.31,0.333,0.727,0.789,35,43,24,24,7,19,2020-21,Home
2021-03-22,Chicago Bulls,Utah Jazz,95,120,0.406,0.489,0.231,0.436,0.917,0.867,49,46,21,25,13,9,2020-21,Away
2021-03-22,Milwaukee Bucks,Indiana Pacers,140,113,0.564,0.405,0.615,0.24,0.667,0.917,55,40,35,27,15,6,2020-21,Home
2021-03-22,LA Clippers,Atlanta Hawks,119,110,0.494,0.453,0.447,0.353,0.9,0.75,44,48,26,21,8,7,2020-21,Home
2021-03-22,Cleveland Cavaliers,Sacramento Kings,105,119,0.427,0.544,0.235,0.433,0.826,0.667,39,49,22,26,8,16,2020-21,Away
2021-03-22,Houston Rockets,Toronto Raptors,117,99,0.456,0.425,0.389,0.25,0.808,0.789,47,44,28,19,11,13,2020-21,Home
2021-03-22,San Antonio Spurs,Charlotte Hornets,97,100,0.462,0.42,0.344,0.375,0.824,0.87,38,40,17,27,14,11,2020-21,Away
2021-03-22,Minnesota Timberwolves,Oklahoma City Thunder,103,112,0.413,0.471,0.359,0.568,0.722,0.9,42,47,24,27,12,14,2020-21,Away
2021-03-22,Memphis Grizzlies,Boston Celtics,132,126,0.5,0.522,0.343,0.486,0.667,0.625,54,43,38,31,10,12,2020-21,Home
2021-03-23,New York Knicks,Washington Wizards,131,113,0.511,0.481,0.533,0.391,0.875,0.8,42,38,23,25,10,16,2020-21,Home
2021-03-23,Golden State Warriors,Philadelphia 76ers,98,108,0.434,0.453,0.32,0.292,0.692,0.657,38,51,22,15,11,13,2020-21,Away
2021-03-23,Portland Trail Blazers,Brooklyn Nets,112,116,0.4,0.494,0.345,0.3,0.913,0.778,44,47,25,25,8,8,2020-21,Away
2021-03-23,New Orleans Pelicans,Los Angeles Lakers,128,111,0.522,0.424,0.345,0.486,0.923,0.7,53,34,28,25,13,13,2020-21,Home
2021-03-23,Orlando Magic,Denver Nuggets,99,110,0.443,0.495,0.324,0.267,0.714,0.923,37,52,27,25,13,10,2020-21,Away
2021-03-23,Miami Heat,Phoenix Suns,100,110,0.419,0.495,0.361,0.324,0.882,0.889,50,39,23,29,13,6,2020-21,Away
2021-03-24,Houston Rockets,Charlotte Hornets,97,122,0.384,0.513,0.327,0.474,0.682,0.759,39,50,24,27,6,13,2020-21,Away
2021-03-24,Milwaukee Bucks,Boston Celtics,121,119,0.5,0.479,0.459,0.404,0.7,1.0,46,38,19,24,16,12,2020-21,Home
2021-03-24,Toronto Raptors,Denver Nuggets,135,111,0.506,0.418,0.5,0.326,0.913,0.833,45,46,31,25,9,11,2020-21,Home
2021-03-24,Sacramento Kings,Atlanta Hawks,110,108,0.476,0.482,0.333,0.28,0.909,0.826,42,42,21,17,16,13,2020-21,Home
2021-03-24,San Antonio Spurs,LA Clippers,101,134,0.459,0.557,0.318,0.515,0.842,0.633,40,44,22,23,16,8,2020-21,Away
2021-03-24,Minnesota Timberwolves,Dallas Mavericks,108,128,0.442,0.485,0.316,0.364,0.769,0.727,37,53,24,27,12,10,2020-21,Away
2021-03-24,Utah Jazz,Brooklyn Nets,118,88,0.451,0.361,0.418,0.2,0.929,0.733,56,48,24,19,11,9,2020-21,Home
2021-03-24,Oklahoma City Thunder,Memphis Grizzlies,107,116,0.453,0.475,0.286,0.367,0.647,0.846,44,56,26,19,14,17,2020-21,Away
2021-03-24,Indiana Pacers,Detroit Pistons,116,111,0.464,0.53,0.441,0.393,0.786,0.632,37,41,25,29,10,15,2020-21,Home
2021-03-24,Orlando Magic,Phoenix Suns,112,111,0.467,0.444,0.351,0.333,0.789,0.909,49,47,18,22,11,8,2020-21,Home
2021-03-24,Chicago Bulls,Cleveland Cavaliers,94,103,0.446,0.457,0.286,0.379,0.857,0.8,45,46,21,28,15,10,2020-21,Away
2021-03-25,New York Knicks,Washington Wizards,106,102,0.366,0.463,0.25,0.308,0.738,0.606,55,46,14,26,13,17,2020-21,Home
2021-03-25,San Antonio Spurs,LA Clippers,85,98,0.402,0.382,0.348,0.382,0.846,0.944,39,57,16,16,7,8,2020-21,Away
2021-03-25,Los Angeles Lakers,Philadelphia 76ers,101,109,0.436,0.488,0.346,0.378,0.727,0.667,42,39,22,24,20,20,2020-21,Away
2021-03-25,Miami Heat,Portland Trail Blazers,122,125,0.56,0.478,0.471,0.435,0.923,0.895,39,40,34,24,11,10,2020-21,Away
2021-03-25,Sacramento Kings,Golden State Warriors,141,119,0.596,0.511,0.5,0.531,0.842,1.0,38,38,28,24,6,12,2020-21,Home
2021-03-26,Los Angeles Lakers,Cleveland Cavaliers,100,86,0.487,0.388,0.231,0.192,0.72,0.679,45,37,23,24,23,21,2020-21,Home
2021-03-26,Milwaukee Bucks,Boston Celtics,114,122,0.444,0.489,0.404,0.468,0.636,0.875,49,44,24,27,16,14,2020-21,Away
2021-03-26,Orlando Magic,Portland Trail Blazers,105,112,0.442,0.471,0.444,0.45,0.529,0.667,40,46,29,21,12,16,2020-21,Away
2021-03-26,Detroit Pistons,Brooklyn Nets,111,113,0.452,0.44,0.355,0.394,0.723,0.765,36,49,19,19,9,10,2020-21,Away
2021-03-26,Minnesota Timberwolves,Houston Rockets,107,101,0.379,0.425,0.263,0.386,0.792,0.769,50,47,30,26,9,19,2020-21,Home
2021-03-26,New Orleans Pelicans,Denver Nuggets,108,113,0.5,0.505,0.414,0.5,0.9,0.714,37,36,30,28,12,8,2020-21,Away
2021-03-26,Dallas Mavericks,Indiana Pacers,94,109,0.411,0.437,0.229,0.426,0.571,0.722,51,49,17,26,15,10,2020-21,Away
2021-03-26,Golden State Warriors,Atlanta Hawks,108,124,0.494,0.548,0.429,0.394,0.692,0.792,33,45,29,31,12,10,2020-21,Away
2021-03-26,Charlotte Hornets,Miami Heat,110,105,0.494,0.46,0.419,0.349,0.737,0.5,42,39,30,28,16,10,2020-21,Home
2021-03-26,Toronto Raptors,Phoenix Suns,100,104,0.411,0.478,0.267,0.25,0.875,1.0,38,47,20,26,10,13,2020-21,Away
2021-03-26,Utah Jazz,Memphis Grizzlies,117,114,0.459,0.454,0.364,0.4,0.833,0.778,51,48,25,27,7,6,2020-21,Home
2021-03-27,Milwaukee Bucks,New York Knicks,96,102,0.414,0.43,0.389,0.364,0.625,0.75,48,44,21,28,16,14,2020-21,Away
2021-03-27,Minnesota Timberwolves,Houston Rockets,107,129,0.424,0.543,0.325,0.462,0.786,0.846,40,41,26,29,11,12,2020-21,Away
2021-03-27,LA Clippers,Philadelphia 76ers,122,112,0.529,0.506,0.423,0.385,0.778,0.727,38,38,26,17,12,16,2020-21,Home
2021-03-27,Utah Jazz,Memphis Grizzlies,126,110,0.5,0.402,0.422,0.273,0.75,0.767,52,47,22,24,21,14,2020-21,Home
2021-03-27,New Orleans Pelicans,Dallas Mavericks,112,103,0.519,0.446,0.346,0.323,0.655,0.792,42,38,20,19,6,7,2020-21,Home
2021-03-27,Washington Wizards,Detroit Pistons,106,92,0.484,0.388,0.429,0.345,1.0,0.842,48,43,24,19,18,19,2020-21,Home
2021-03-27,Oklahoma City Thunder,Boston Celtics,94,111,0.41,0.458,0.289,0.316,0.625,0.786,50,52,16,22,16,12,2020-21,Away
2021-03-27,Sacramento Kings,Cleveland Cavaliers,100,98,0.513,0.44,0.233,0.346,0.786,0.652,44,36,16,20,18,7,2020-21,Home
2021-03-27,San Antonio Spurs,Chicago Bulls,120,104,0.541,0.432,0.4,0.235,0.643,0.778,41,48,29,28,10,14,2020-21,Home
2021-03-28,Charlotte Hornets,Phoenix Suns,97,101,0.4,0.354,0.302,0.2,0.696,0.862,52,50,16,17,20,14,2020-21,Away
2021-03-28,Denver Nuggets,Atlanta Hawks,126,102,0.543,0.474,0.417,0.353,0.688,0.857,49,31,32,18,10,11,2020-21,Home
2021-03-28,Los Angeles Lakers,Orlando Magic,96,93,0.415,0.386,0.275,0.333,0.739,0.824,52,51,25,19,12,10,2020-21,Home
2021-03-28,Toronto Raptors,Portland Trail Blazers,117,122,0.448,0.474,0.333,0.294,0.758,0.833,45,47,17,24,12,8,2020-21,Away
2021-03-29,Oklahoma City Thunder,Dallas Mavericks,106,127,0.469,0.531,0.346,0.364,0.636,0.692,47,43,17,30,16,8,2020-21,Away
2021-03-29,Washington Wizards,Indiana Pacers,132,124,0.556,0.473,0.526,0.4,0.667,0.727,55,37,30,32,18,14,2020-21,Home
2021-03-29,LA Clippers,Milwaukee Bucks,129,105,0.537,0.469,0.559,0.367,0.8,0.857,46,32,25,18,12,12,2020-21,Home
2021-03-29,Golden State Warriors,Chicago Bulls,116,102,0.5,0.524,0.421,0.25,0.889,0.727,39,39,28,33,14,19,2020-21,Home
2021-03-29,New York Knicks,Miami Heat,88,98,0.413,0.43,0.278,0.294,0.6,0.824,41,47,15,22,13,12,2020-21,Away
2021-03-29,Utah Jazz,Cleveland Cavaliers,114,75,0.463,0.349,0.463,0.206,0.826,0.625,55,40,29,17,12,10,2020-21,Home
2021-03-29,San Antonio Spurs,Sacramento Kings,115,132,0.505,0.56,0.37,0.5,0.786,0.8,41,37,24,29,11,6,2020-21,Away
2021-03-29,Brooklyn Nets,Minnesota Timberwolves,112,107,0.471,0.388,0.333,0.318,0.88,0.765,50,51,31,23,14,15,2020-21,Home
2021-03-29,Houston Rockets,Memphis Grizzlies,110,120,0.426,0.541,0.262,0.355,0.864,0.708,42,47,28,31,12,16,2020-21,Away
2021-03-29,Detroit Pistons,Toronto Raptors,118,104,0.507,0.407,0.5,0.306,0.794,0.821,43,39,26,21,18,13,2020-21,Home
2021-03-29,Boston Celtics,New Orleans Pelicans,109,115,0.43,0.5,0.326,0.516,0.789,0.567,46,47,21,30,14,14,2020-21,Away
2021-03-30,LA Clippers,Orlando Magic,96,103,0.416,0.413,0.324,0.294,1.0,0.88,48,50,25,23,14,8,2020-21,Away
2021-03-30,Phoenix Suns,Atlanta Hawks,117,110,0.511,0.482,0.375,0.406,0.833,0.714,49,36,27,30,13,7,2020-21,Home
2021-03-30,Washington Wizards,Charlotte Hornets,104,114,0.41,0.467,0.27,0.412,0.8,0.842,51,50,22,24,13,14,2020-21,Away
2021-03-30,Denver Nuggets,Philadelphia 76ers,104,95,0.481,0.427,0.387,0.314,0.824,0.933,51,34,26,18,20,11,2020-21,Home
2021-03-31,Oklahoma City Thunder,Toronto Raptors,113,103,0.453,0.389,0.424,0.348,0.75,0.85,64,35,19,21,18,7,2020-21,Home
2021-03-31,Memphis Grizzlies,Utah Jazz,107,111,0.467,0.427,0.278,0.327,0.783,0.76,46,46,23,20,11,14,2020-21,Away
2021-03-31,Boston Celtics,Dallas Mavericks,108,113,0.415,0.494,0.234,0.487,0.826,0.72,36,43,20,20,9,16,2020-21,Away
2021-03-31,Indiana Pacers,Miami Heat,87,92,0.4,0.41,0.297,0.313,0.667,0.643,48,42,23,22,13,11,2020-21,Away
2021-03-31,Phoenix Suns,Chicago Bulls,121,116,0.568,0.434,0.44,0.333,0.75,0.905,32,50,29,27,9,9,2020-21,Home
2021-03-31,San Antonio Spurs,Sacramento Kings,120,106,0.467,0.424,0.385,0.314,0.706,0.895,54,43,24,22,10,12,2020-21,Home
2021-03-31,Detroit Pistons,Portland Trail Blazers,101,124,0.465,0.512,0.333,0.533,0.706,0.923,36,43,29,27,16,13,2020-21,Away
2021-03-31,Brooklyn Nets,Houston Rockets,120,108,0.489,0.5,0.361,0.325,1.0,0.708,45,31,25,22,11,13,2020-21,Home
2021-03-31,Minnesota Timberwolves,New York Knicks,102,101,0.414,0.476,0.35,0.478,0.842,0.706,40,41,25,20,12,16,2020-21,Home
2021-03-31,Los Angeles Lakers,Milwaukee Bucks,97,112,0.402,0.532,0.278,0.538,0.773,0.778,40,42,22,23,22,21,2020-21,Away
2021-04-01,New Orleans Pelicans,Orlando Magic,110,115,0.441,0.425,0.414,0.2,0.842,0.87,55,48,26,20,24,10,2020-21,Away
2021-04-01,Detroit Pistons,Washington Wizards,120,91,0.479,0.471,0.414,0.263,0.818,0.316,48,40,31,25,13,14,2020-21,Home
2021-04-01,San Antonio Spurs,Atlanta Hawks,129,134,0.445,0.5,0.325,0.542,0.75,0.808,46,57,25,28,6,12,2020-21,Away
2021-04-01,Cleveland Cavaliers,Philadelphia 76ers,94,114,0.425,0.43,0.286,0.405,0.762,0.76,40,55,26,27,18,9,2020-21,Away
2021-04-01,Brooklyn Nets,Charlotte Hornets,111,89,0.484,0.349,0.444,0.342,0.75,0.842,56,43,34,22,15,11,2020-21,Home
2021-04-01,LA Clippers,Denver Nuggets,94,101,0.412,0.481,0.294,0.52,0.875,0.714,45,38,17,28,10,13,2020-21,Away
2021-04-01,Miami Heat,Golden State Warriors,116,109,0.476,0.439,0.333,0.405,0.833,0.88,37,46,30,23,11,20,2020-21,Home
2021-04-02,New York Knicks,Dallas Mavericks,86,99,0.36,0.466,0.316,0.324,1.0,0.5,43,47,18,19,11,10,2020-21,Away
2021-04-02,Memphis Grizzlies,Minnesota Timberwolves,120,108,0.442,0.447,0.487,0.364,0.68,0.87,53,39,26,21,10,11,2020-21,Home
2021-04-02,Portland Trail Blazers,Milwaukee Bucks,109,127,0.364,0.544,0.389,0.308,0.727,0.895,45,50,19,25,13,15,2020-21,Away
2021-04-02,Indiana Pacers,Charlotte Hornets,97,114,0.463,0.453,0.303,0.258,0.579,0.69,48,44,29,27,20,10,2020-21,Away
2021-04-02,Phoenix Suns,Oklahoma City Thunder,140,103,0.6,0.393,0.455,0.395,0.81,0.783,41,38,36,19,10,16,2020-21,Home
2021-04-02,New Orleans Pelicans,Atlanta Hawks,103,126,0.432,0.563,0.276,0.448,0.826,0.714,34,42,22,25,15,15,2020-21,Away
2021-04-02,Boston Celtics,Houston Rockets,118,102,0.523,0.43,0.415,0.333,0.75,0.615,50,40,35,26,13,12,2020-21,Home
2021-04-02,Utah Jazz,Chicago Bulls,113,106,0.468,0.483,0.361,0.25,0.963,0.765,43,41,16,26,10,6,2020-21,Home
2021-04-02,Sacramento Kings,Los Angeles Lakers,94,115,0.424,0.473,0.286,0.515,0.75,0.6,38,55,24,26,14,17,2020-21,Away
2021-04-02,Toronto Raptors,Golden State Warriors,130,77,0.534,0.329,0.429,0.324,0.84,0.778,53,38,26,19,12,21,2020-21,Home
2021-04-03,Portland Trail Blazers,Oklahoma City Thunder,133,85,0.49,0.353,0.435,0.235,0.786,0.708,56,46,25,17,9,22,2020-21,Home
2021-04-03,San Antonio Spurs,Indiana Pacers,133,139,0.485,0.553,0.345,0.414,0.844,0.885,46,44,22,27,17,13,2020-21,Away
2021-04-03,Washington Wizards,Dallas Mavericks,87,109,0.407,0.444,0.2,0.333,0.8,0.792,44,50,12,17,14,7,2020-21,Away
2021-04-03,Sacramento Kings,Milwaukee Bucks,128,129,0.495,0.538,0.436,0.355,1.0,0.9,40,47,31,31,12,13,2020-21,Away
2021-04-03,Detroit Pistons,New York Knicks,81,125,0.354,0.544,0.321,0.487,0.7,0.741,43,44,20,31,14,7,2020-21,Away
2021-04-03,Utah Jazz,Orlando Magic,137,91,0.554,0.368,0.473,0.087,0.75,0.806,50,39,34,11,11,10,2020-21,Home
2021-04-03,Miami Heat,Cleveland Cavaliers,115,101,0.537,0.473,0.395,0.323,0.75,0.84,37,35,35,25,11,15,2020-21,Home
2021-04-03,Philadelphia 76ers,Minnesota Timberwolves,122,113,0.506,0.449,0.429,0.333,0.757,0.861,42,36,26,17,12,9,2020-21,Home
2021-04-04,Chicago Bulls,Brooklyn Nets,115,107,0.551,0.484,0.364,0.393,0.7,0.857,40,35,29,28,9,5,2020-21,Home
2021-04-04,LA Clippers,Los Angeles Lakers,104,86,0.477,0.4,0.5,0.304,0.889,0.75,50,36,23,16,19,18,2020-21,Home
2021-04-04,Atlanta Hawks,Golden State Warriors,117,111,0.432,0.467,0.375,0.25,0.778,0.714,49,45,19,25,15,16,2020-21,Home
2021-04-04,Houston Rockets,New Orleans Pelicans,115,122,0.461,0.462,0.4,0.432,0.708,0.629,48,55,25,26,17,15,2020-21,Away
2021-04-04,Denver Nuggets,Orlando Magic,119,109,0.489,0.472,0.31,0.371,0.774,0.706,54,36,27,27,14,11,2020-21,Home
2021-04-04,Boston Celtics,Charlotte Hornets,116,86,0.457,0.4,0.389,0.323,0.818,0.6,44,42,29,23,6,17,2020-21,Home
2021-04-04,Philadelphia 76ers,Memphis Grizzlies,100,116,0.416,0.494,0.235,0.421,0.643,0.8,50,49,23,30,10,12,2020-21,Away
2021-04-05,San Antonio Spurs,Cleveland Cavaliers,101,125,0.422,0.523,0.192,0.353,0.813,0.852,38,47,22,29,10,6,2020-21,Away
2021-04-05,Brooklyn Nets,New York Knicks,114,112,0.457,0.465,0.313,0.483,0.769,0.818,45,41,27,24,10,12,2020-21,Home
2021-04-05,Minnesota Timberwolves,Sacramento Kings,116,106,0.418,0.443,0.375,0.25,0.848,0.792,51,42,22,27,14,14,2020-21,Home
2021-04-05,Oklahoma City Thunder,Detroit Pistons,108,132,0.423,0.516,0.185,0.464,0.84,0.875,42,50,17,32,15,14,2020-21,Away
2021-04-05,Houston Rockets,Phoenix Suns,130,133,0.544,0.512,0.515,0.486,0.818,0.871,38,37,28,29,18,11,2020-21,Away
2021-04-05,Toronto Raptors,Washington Wizards,103,101,0.468,0.394,0.212,0.343,0.727,0.833,45,54,22,21,13,16,2020-21,Home
2021-04-05,Dallas Mavericks,Utah Jazz,111,103,0.451,0.42,0.469,0.273,0.75,0.773,44,48,22,20,9,8,2020-21,Home
2021-04-06,Miami Heat,Memphis Grizzlies,112,124,0.537,0.548,0.394,0.415,0.611,0.75,35,42,34,30,12,13,2020-21,Away
2021-04-06,Indiana Pacers,Chicago Bulls,97,113,0.432,0.468,0.3,0.424,0.75,0.786,33,57,20,28,14,20,2020-21,Away
2021-04-06,Denver Nuggets,Detroit Pistons,134,119,0.596,0.543,0.452,0.429,0.889,0.8,44,30,36,27,10,13,2020-21,Home
2021-04-06,Boston Celtics,Philadelphia 76ers,96,106,0.471,0.466,0.412,0.375,0.889,0.744,32,38,19,16,20,13,2020-21,Away
2021-04-06,Toronto Raptors,Los Angeles Lakers,101,110,0.396,0.494,0.152,0.45,0.8,0.636,42,49,17,29,12,21,2020-21,Away
2021-04-06,LA Clippers,Portland Trail Blazers,133,116,0.517,0.402,0.39,0.306,0.833,0.838,48,48,24,18,7,7,2020-21,Home
2021-04-06,Golden State Warriors,Milwaukee Bucks,122,121,0.479,0.512,0.375,0.438,0.882,0.864,42,40,28,25,11,14,2020-21,Home
2021-04-06,Atlanta Hawks,New Orleans Pelicans,123,107,0.5,0.407,0.645,0.316,0.682,0.75,42,49,24,24,11,14,2020-21,Home
2021-04-07,Orlando Magic,Washington Wizards,116,131,0.473,0.576,0.387,0.528,0.696,0.875,39,37,22,35,11,13,2020-21,Away
2021-04-07,Houston Rockets,Dallas Mavericks,102,93,0.432,0.379,0.386,0.256,0.563,0.773,49,46,21,16,10,9,2020-21,Home
2021-04-07,Indiana Pacers,Minnesota Timberwolves,141,137,0.591,0.527,0.5,0.357,0.895,0.775,35,42,32,30,13,12,2020-21,Home
2021-04-07,Oklahoma City Thunder,Charlotte Hornets,102,113,0.435,0.443,0.39,0.341,0.706,0.923,46,42,29,27,22,11,2020-21,Away
2021-04-07,Phoenix Suns,Utah Jazz,117,113,0.446,0.447,0.324,0.25,0.8,0.667,61,45,20,14,14,13,2020-21,Home
2021-04-07,Atlanta Hawks,Memphis Grizzlies,113,131,0.446,0.539,0.357,0.425,0.867,0.857,42,54,26,30,7,14,2020-21,Away
2021-04-07,Brooklyn Nets,New Orleans Pelicans,139,111,0.554,0.427,0.463,0.222,0.818,0.744,45,40,37,23,17,14,2020-21,Home
2021-04-07,Denver Nuggets,San Antonio Spurs,106,96,0.44,0.418,0.308,0.25,0.75,0.667,53,42,26,23,17,14,2020-21,Home
2021-04-07,Boston Celtics,New York Knicks,101,99,0.419,0.417,0.375,0.485,0.7,0.813,53,39,22,22,17,14,2020-21,Home
2021-04-08,Dallas Mavericks,Milwaukee Bucks,116,101,0.443,0.38,0.378,0.364,0.722,0.813,56,52,23,16,11,9,2020-21,Home
2021-04-08,Toronto Raptors,Chicago Bulls,113,122,0.433,0.54,0.324,0.4,0.818,0.889,41,49,19,35,10,16,2020-21,Away
2021-04-08,Sacramento Kings,Detroit Pistons,101,113,0.442,0.524,0.233,0.348,0.692,0.85,38,43,20,24,12,16,2020-21,Away
2021-04-08,LA Clippers,Phoenix Suns,113,103,0.5,0.507,0.486,0.25,0.917,0.833,35,36,26,20,10,14,2020-21,Home
2021-04-08,Miami Heat,Los Angeles Lakers,110,104,0.479,0.443,0.4,0.343,0.8,0.88,38,40,22,26,20,22,2020-21,Home
2021-04-08,Oklahoma City Thunder,Cleveland Cavaliers,102,129,0.449,0.511,0.406,0.351,0.692,0.833,44,44,28,35,15,7,2020-21,Away
2021-04-08,Utah Jazz,Portland Trail Blazers,122,103,0.453,0.396,0.286,0.271,0.889,0.778,58,41,21,18,7,6,2020-21,Home
2021-04-09,Atlanta Hawks,Chicago Bulls,120,108,0.56,0.477,0.259,0.394,0.826,0.929,41,38,25,25,9,13,2020-21,Home
2021-04-09,Golden State Warriors,Washington Wizards,107,110,0.466,0.483,0.306,0.263,0.667,0.792,41,47,27,30,13,18,2020-21,Away
2021-04-09,Denver Nuggets,San Antonio Spurs,121,119,0.544,0.462,0.519,0.333,0.913,0.857,46,38,32,33,18,9,2020-21,Home
2021-04-09,Orlando Magic,Indiana Pacers,106,111,0.422,0.413,0.25,0.333,0.774,0.857,50,49,23,26,15,14,2020-21,Away
2021-04-09,Boston Celtics,Minnesota Timberwolves,145,136,0.54,0.49,0.452,0.357,0.941,0.9,45,37,32,30,20,14,2020-21,Home
2021-04-09,LA Clippers,Houston Rockets,126,109,0.545,0.47,0.514,0.324,0.846,0.704,38,41,31,28,9,14,2020-21,Home
2021-04-09,New Orleans Pelicans,Philadelphia 76ers,101,94,0.433,0.418,0.182,0.355,0.633,0.708,56,47,22,20,12,19,2020-21,Home
2021-04-09,New York Knicks,Memphis Grizzlies,133,129,0.469,0.5,0.438,0.467,0.879,0.618,48,43,24,33,12,14,2020-21,Home
2021-04-09,Milwaukee Bucks,Charlotte Hornets,119,127,0.449,0.484,0.368,0.38,0.739,0.909,48,49,23,35,17,18,2020-21,Away
2021-04-10,Cleveland Cavaliers,Toronto Raptors,115,135,0.453,0.616,0.429,0.531,0.846,0.857,32,39,27,29,17,17,2020-21,Away
2021-04-10,Brooklyn Nets,Los Angeles Lakers,101,126,0.438,0.505,0.185,0.559,0.867,0.65,42,47,19,30,19,14,2020-21,Away
2021-04-10,Oklahoma City Thunder,Philadelphia 76ers,93,117,0.5,0.468,0.4,0.316,0.474,0.68,45,47,21,24,22,9,2020-21,Away
2021-04-10,Portland Trail Blazers,Detroit Pistons,118,103,0.478,0.446,0.448,0.346,0.792,0.714,49,38,18,25,15,11,2020-21,Home
2021-04-10,Golden State Warriors,Houston Rockets,125,109,0.538,0.466,0.4,0.351,0.813,0.7,45,45,31,25,16,18,2020-21,Home
2021-04-10,Utah Jazz,Sacramento Kings,128,112,0.455,0.477,0.36,0.333,0.857,0.636,52,38,22,23,10,10,2020-21,Home
2021-04-10,Phoenix Suns,Washington Wizards,134,106,0.514,0.464,0.395,0.36,1.0,0.679,45,49,36,27,3,16,2020-21,Home
2021-04-11,Memphis Grizzlies,Indiana Pacers,125,132,0.461,0.525,0.3,0.351,0.684,0.882,50,53,27,35,6,12,2020-21,Away
2021-04-11,Dallas Mavericks,San Antonio Spurs,117,119,0.479,0.542,0.31,0.381,0.933,0.778,37,41,25,20,12,14,2020-21,Away
2021-04-11,Portland Trail Blazers,Miami Heat,98,107,0.481,0.494,0.314,0.414,0.684,0.65,41,30,21,21,17,7,2020-21,Away
2021-04-11,Minnesota Timberwolves,Chicago Bulls,121,117,0.494,0.511,0.444,0.395,1.0,0.615,36,38,27,30,14,13,2020-21,Home
2021-04-11,Charlotte Hornets,Atlanta Hawks,101,105,0.463,0.452,0.349,0.436,0.857,0.75,38,41,28,27,12,11,2020-21,Away
2021-04-11,Orlando Magic,Milwaukee Bucks,87,124,0.372,0.489,0.222,0.475,0.789,0.867,37,56,19,28,14,11,2020-21,Away
2021-04-11,LA Clippers,Detroit Pistons,131,124,0.625,0.529,0.556,0.469,0.762,0.895,37,31,35,33,16,12,2020-21,Home
2021-04-11,New York Knicks,Toronto Raptors,102,96,0.398,0.418,0.257,0.324,0.852,0.826,46,40,19,19,13,15,2020-21,Home
2021-04-11,Denver Nuggets,Boston Celtics,87,105,0.364,0.448,0.235,0.212,0.833,0.87,46,52,23,20,9,9,2020-21,Away
2021-04-11,Cleveland Cavaliers,New Orleans Pelicans,109,116,0.482,0.512,0.325,0.292,0.824,0.808,36,50,29,30,17,16,2020-21,Away
2021-04-12,Phoenix Suns,Houston Rockets,126,120,0.479,0.506,0.556,0.405,0.611,0.789,42,51,33,32,13,21,2020-21,Home
2021-04-12,New York Knicks,Los Angeles Lakers,111,96,0.472,0.438,0.185,0.333,0.815,0.778,47,33,18,22,15,24,2020-21,Home
2021-04-12,Utah Jazz,Washington Wizards,121,125,0.482,0.522,0.417,0.474,0.774,0.786,43,44,21,29,14,7,2020-21,Away
2021-04-12,Dallas Mavericks,Philadelphia 76ers,95,113,0.422,0.488,0.25,0.387,0.8,0.697,46,40,16,24,15,9,2020-21,Away
2021-04-12,Memphis Grizzlies,Chicago Bulls,101,90,0.471,0.419,0.321,0.161,0.857,0.765,51,40,27,23,20,17,2020-21,Home
2021-04-12,Orlando Magic,San Antonio Spurs,97,120,0.45,0.516,0.25,0.4,0.625,0.778,44,47,15,30,15,9,2020-21,Away
2021-04-12,Golden State Warriors,Denver Nuggets,116,107,0.481,0.47,0.409,0.308,0.909,0.84,36,41,23,23,16,19,2020-21,Home
2021-04-12,New Orleans Pelicans,Sacramento Kings,117,110,0.545,0.433,0.316,0.286,0.692,0.595,51,34,24,21,21,10,2020-21,Home
2021-04-13,Portland Trail Blazers,Boston Celtics,115,116,0.478,0.467,0.395,0.429,0.706,0.708,46,46,31,30,14,9,2020-21,Away
2021-04-13,Indiana Pacers,LA Clippers,115,126,0.458,0.539,0.225,0.464,0.818,0.895,42,48,14,34,12,14,2020-21,Away
2021-04-13,Phoenix Suns,Miami Heat,106,86,0.463,0.378,0.31,0.205,0.944,0.789,48,36,28,24,19,16,2020-21,Home
2021-04-13,Minnesota Timberwolves,Brooklyn Nets,97,127,0.345,0.505,0.265,0.417,0.727,0.833,44,57,16,31,14,18,2020-21,Away
2021-04-13,Utah Jazz,Oklahoma City Thunder,106,96,0.419,0.387,0.362,0.412,0.85,0.556,51,50,24,13,12,12,2020-21,Home
2021-04-13,Toronto Raptors,Atlanta Hawks,103,108,0.477,0.476,0.256,0.433,0.692,0.682,42,39,16,21,13,13,2020-21,Away
2021-04-13,Charlotte Hornets,Los Angeles Lakers,93,101,0.434,0.415,0.257,0.364,0.667,0.944,45,38,22,24,16,11,2020-21,Away
2021-04-14,Denver Nuggets,Miami Heat,123,106,0.539,0.494,0.472,0.406,0.769,0.833,43,30,32,29,10,8,2020-21,Home
2021-04-14,Philadelphia 76ers,Brooklyn Nets,123,117,0.517,0.518,0.464,0.19,0.8,0.9,32,43,23,23,10,15,2020-21,Home
2021-04-14,New Orleans Pelicans,New York Knicks,106,116,0.455,0.454,0.214,0.515,0.833,0.846,49,48,25,19,9,6,2020-21,Away
2021-04-14,Detroit Pistons,LA Clippers,98,100,0.435,0.398,0.292,0.241,0.773,0.905,46,47,17,10,16,11,2020-21,Away
2021-04-14,Houston Rockets,Indiana Pacers,124,132,0.462,0.532,0.294,0.417,0.818,0.773,47,48,22,28,15,18,2020-21,Away
2021-04-14,Charlotte Hornets,Cleveland Cavaliers,90,103,0.405,0.487,0.364,0.419,0.5,0.842,38,47,23,27,12,15,2020-21,Away
2021-04-14,Toronto Raptors,San Antonio Spurs,117,112,0.466,0.427,0.467,0.436,0.84,0.704,54,41,21,26,12,13,2020-21,Home
2021-04-14,Chicago Bulls,Orlando Magic,106,115,0.477,0.494,0.459,0.444,0.778,0.75,40,46,23,29,12,7,2020-21,Away
2021-04-14,Sacramento Kings,Washington Wizards,111,123,0.462,0.522,0.333,0.292,0.75,0.815,30,56,22,23,17,24,2020-21,Away
2021-04-14,Oklahoma City Thunder,Golden State Warriors,109,147,0.478,0.547,0.259,0.511,0.56,0.826,50,41,22,39,21,14,2020-21,Away
2021-04-14,Minnesota Timberwolves,Milwaukee Bucks,105,130,0.37,0.469,0.366,0.475,0.71,0.826,47,52,22,26,16,16,2020-21,Away
2021-04-14,Memphis Grizzlies,Dallas Mavericks,113,114,0.467,0.5,0.382,0.325,0.762,0.765,45,45,27,25,7,11,2020-21,Away
2021-04-15,Atlanta Hawks,Milwaukee Bucks,109,120,0.453,0.484,0.412,0.372,0.895,0.706,39,51,23,25,11,8,2020-21,Away
2021-04-15,Los Angeles Lakers,Boston Celtics,113,121,0.449,0.565,0.324,0.438,0.684,0.846,36,48,28,33,8,21,2020-21,Away
2021-04-15,Phoenix Suns,Sacramento Kings,122,114,0.558,0.551,0.368,0.467,0.857,0.737,39,32,30,22,11,15,2020-21,Home
2021-04-15,Cleveland Cavaliers,Golden State Warriors,101,119,0.432,0.511,0.323,0.37,0.778,0.8,39,47,21,33,13,15,2020-21,Away
2021-04-16,Detroit Pistons,Oklahoma City Thunder,110,104,0.422,0.402,0.286,0.179,0.706,0.731,54,56,22,19,18,21,2020-21,Home
2021-04-16,Washington Wizards,New Orleans Pelicans,117,115,0.469,0.412,0.148,0.25,0.719,0.848,46,56,24,26,13,15,2020-21,Home
2021-04-16,Brooklyn Nets,Charlotte Hornets,130,115,0.553,0.53,0.512,0.353,0.938,0.75,37,37,35,26,18,19,2020-21,Home
2021-04-16,Minnesota Timberwolves,Miami Heat,119,111,0.519,0.488,0.417,0.412,0.69,0.731,45,33,30,33,17,14,2020-21,Home
2021-04-16,Utah Jazz,Indiana Pacers,119,111,0.483,0.39,0.381,0.333,0.792,0.941,56,43,22,23,20,10,2020-21,Home
2021-04-16,San Antonio Spurs,Portland Trail Blazers,106,107,0.474,0.461,0.304,0.379,0.9,0.875,49,38,30,23,14,11,2020-21,Away
2021-04-16,Toronto Raptors,Orlando Magic,113,102,0.5,0.455,0.4,0.348,0.944,0.706,42,35,24,20,14,10,2020-21,Home
2021-04-16,Philadelphia 76ers,LA Clippers,106,103,0.422,0.451,0.318,0.487,0.733,0.625,46,43,21,26,12,19,2020-21,Home
2021-04-16,Chicago Bulls,Memphis Grizzlies,115,126,0.469,0.523,0.382,0.425,0.8,0.792,46,42,34,33,11,5,2020-21,Away
2021-04-16,Dallas Mavericks,New York Knicks,109,117,0.44,0.512,0.333,0.5,0.737,0.714,41,45,30,22,9,9,2020-21,Away
2021-04-16,Houston Rockets,Denver Nuggets,99,128,0.442,0.489,0.314,0.29,0.667,0.871,35,54,23,22,14,9,2020-21,Away
2021-04-17,Milwaukee Bucks,Memphis Grizzlies,115,128,0.429,0.548,0.34,0.375,0.778,0.917,45,43,27,31,16,10,2020-21,Away
2021-04-17,Washington Wizards,Detroit Pistons,121,100,0.532,0.44,0.563,0.333,0.632,0.739,48,45,25,19,12,18,2020-21,Home
2021-04-17,Chicago Bulls,Cleveland Cavaliers,106,96,0.5,0.443,0.4,0.4,0.889,0.857,38,44,30,27,10,10,2020-21,Home
2021-04-17,Boston Celtics,Golden State Warriors,119,114,0.468,0.513,0.326,0.425,0.8,0.75,45,40,18,22,9,17,2020-21,Home
2021-04-17,Los Angeles Lakers,Utah Jazz,127,115,0.516,0.416,0.333,0.39,0.87,1.0,52,37,26,31,14,15,2020-21,Home
2021-04-17,Phoenix Suns,San Antonio Spurs,85,111,0.4,0.506,0.222,0.414,0.438,0.75,48,46,19,23,14,12,2020-21,Away
2021-04-18,Orlando Magic,Houston Rockets,110,114,0.451,0.512,0.344,0.471,0.895,0.7,36,43,28,26,15,19,2020-21,Away
2021-04-18,LA Clippers,Minnesota Timberwolves,124,105,0.506,0.409,0.5,0.378,0.765,0.762,48,37,31,27,14,11,2020-21,Home
2021-04-18,Atlanta Hawks,Indiana Pacers,129,117,0.489,0.489,0.406,0.313,0.765,0.85,51,41,20,33,10,12,2020-21,Home
2021-04-18,Charlotte Hornets,Portland Trail Blazers,109,101,0.47,0.396,0.419,0.278,0.765,0.679,46,47,26,18,14,8,2020-21,Home
2021-04-18,Miami Heat,Brooklyn Nets,109,107,0.437,0.476,0.41,0.395,0.81,0.667,53,38,28,26,16,11,2020-21,Home
2021-04-18,Dallas Mavericks,Sacramento Kings,107,121,0.448,0.494,0.333,0.458,0.65,0.88,42,42,15,22,14,6,2020-21,Away
2021-04-18,New York Knicks,New Orleans Pelicans,122,112,0.474,0.406,0.379,0.222,0.875,0.8,49,52,27,25,13,12,2020-21,Home
2021-04-18,Toronto Raptors,Oklahoma City Thunder,112,106,0.385,0.451,0.447,0.424,0.875,0.857,47,46,23,22,13,21,2020-21,Home
2021-04-19,Denver Nuggets,Memphis Grizzlies,139,137,0.5,0.477,0.385,0.425,0.846,0.75,58,47,30,33,24,14,2020-21,Home
2021-04-19,Milwaukee Bucks,Phoenix Suns,127,128,0.48,0.481,0.324,0.405,0.947,0.9,51,45,19,28,11,11,2020-21,Away
2021-04-19,Los Angeles Lakers,Utah Jazz,97,111,0.43,0.573,0.429,0.455,0.68,0.909,32,42,17,29,10,17,2020-21,Away
2021-04-19,Miami Heat,Houston Rockets,113,91,0.484,0.388,0.396,0.237,0.571,0.941,52,41,31,20,13,13,2020-21,Home
2021-04-19,Detroit Pistons,Cleveland Cavaliers,109,105,0.488,0.488,0.37,0.192,0.714,0.8,44,39,25,24,17,17,2020-21,Home
2021-04-19,Philadelphia 76ers,Golden State Warriors,96,107,0.393,0.447,0.375,0.438,0.778,0.781,42,45,26,15,13,16,2020-21,Away
2021-04-19,Washington Wizards,Oklahoma City Thunder,119,107,0.505,0.434,0.323,0.394,0.586,0.815,42,48,31,23,12,19,2020-21,Home
2021-04-19,Indiana Pacers,San Antonio Spurs,94,109,0.327,0.429,0.235,0.286,0.667,0.829,54,57,20,27,7,12,2020-21,Away
2021-04-19,Boston Celtics,Chicago Bulls,96,102,0.468,0.451,0.4,0.344,0.933,0.9,39,40,21,30,15,12,2020-21,Away
2021-04-20,Atlanta Hawks,Orlando Magic,112,96,0.415,0.395,0.265,0.216,0.862,0.69,65,40,20,13,13,10,2020-21,Home
2021-04-20,New York Knicks,Charlotte Hornets,109,97,0.482,0.453,0.4,0.41,0.917,0.375,39,39,22,26,9,12,2020-21,Home
2021-04-20,Sacramento Kings,Minnesota Timberwolves,120,134,0.454,0.567,0.429,0.419,0.875,0.737,39,50,28,34,10,18,2020-21,Away
2021-04-20,Portland Trail Blazers,LA Clippers,112,113,0.447,0.5,0.318,0.289,0.737,0.8,42,45,22,24,6,10,2020-21,Away
2021-04-20,New Orleans Pelicans,Brooklyn Nets,129,134,0.56,0.551,0.364,0.378,0.625,0.786,37,44,28,30,13,13,2020-21,Away
2021-04-21,Indiana Pacers,Oklahoma City Thunder,122,116,0.455,0.462,0.35,0.31,0.8,0.688,47,55,30,26,11,17,2020-21,Home
2021-04-21,San Antonio Spurs,Miami Heat,87,107,0.403,0.47,0.286,0.419,0.75,0.8,38,44,21,28,10,7,2020-21,Away
2021-04-21,Philadelphia 76ers,Phoenix Suns,113,116,0.513,0.477,0.52,0.357,0.692,0.905,44,33,24,30,16,8,2020-21,Away
2021-04-21,New York Knicks,Atlanta Hawks,137,127,0.538,0.48,0.543,0.353,0.8,0.708,49,41,29,28,14,10,2020-21,Home
2021-04-21,Sacramento Kings,Minnesota Timberwolves,128,125,0.581,0.529,0.515,0.441,0.806,0.818,33,34,29,30,14,10,2020-21,Home
2021-04-21,Cleveland Cavaliers,Chicago Bulls,121,105,0.511,0.494,0.444,0.351,0.789,0.778,41,41,27,27,10,19,2020-21,Home
2021-04-21,Portland Trail Blazers,Denver Nuggets,105,106,0.46,0.443,0.333,0.333,0.867,0.882,41,46,21,24,11,13,2020-21,Away
2021-04-21,Toronto Raptors,Brooklyn Nets,114,103,0.433,0.396,0.383,0.317,0.857,0.783,48,50,23,19,10,13,2020-21,Home
2021-04-21,Washington Wizards,Golden State Warriors,118,114,0.418,0.396,0.357,0.333,0.842,0.905,61,44,23,22,22,17,2020-21,Home
2021-04-21,LA Clippers,Memphis Grizzlies,117,105,0.452,0.452,0.519,0.433,0.75,0.696,43,42,28,19,12,13,2020-21,Home
2021-04-21,Dallas Mavericks,Detroit Pistons,127,117,0.5,0.506,0.372,0.406,0.731,0.774,43,42,25,30,6,13,2020-21,Home
2021-04-21,Houston Rockets,Utah Jazz,89,112,0.354,0.456,0.204,0.37,0.529,0.813,50,61,17,27,11,12,2020-21,Away
2021-04-22,San Antonio Spurs,Detroit Pistons,106,91,0.463,0.455,0.458,0.364,0.778,0.591,43,43,28,15,10,17,2020-21,Home
2021-04-22,Orlando Magic,New Orleans Pelicans,100,135,0.367,0.556,0.361,0.429,0.789,0.885,40,58,13,34,4,14,2020-21,Away
2021-04-22,Boston Celtics,Phoenix Suns,99,86,0.429,0.409,0.3,0.171,0.875,0.889,48,38,20,18,20,17,2020-21,Home
2021-04-22,Milwaukee Bucks,Philadelphia 76ers,124,117,0.556,0.505,0.5,0.444,0.609,0.722,45,33,32,27,16,8,2020-21,Home
2021-04-22,Dallas Mavericks,Los Angeles Lakers,115,110,0.488,0.478,0.375,0.333,0.722,0.824,38,45,23,26,12,16,2020-21,Home
2021-04-22,Chicago Bulls,Charlotte Hornets,108,91,0.494,0.427,0.326,0.258,0.727,0.765,50,38,30,30,17,14,2020-21,Home
2021-04-23,Golden State Warriors,Denver Nuggets,118,97,0.536,0.386,0.385,0.283,0.722,0.8,52,36,40,26,14,9,2020-21,Home
2021-04-23,Charlotte Hornets,Cleveland Cavaliers,108,102,0.426,0.513,0.35,0.333,0.778,0.714,38,47,26,27,5,16,2020-21,Home
2021-04-23,Portland Trail Blazers,Memphis Grizzlies,128,130,0.479,0.531,0.4,0.3,0.815,0.773,50,39,28,33,11,8,2020-21,Away
2021-04-23,Brooklyn Nets,Boston Celtics,109,104,0.43,0.404,0.344,0.405,0.857,0.688,47,54,26,21,11,19,2020-21,Home
2021-04-23,Atlanta Hawks,Miami Heat,118,103,0.538,0.481,0.429,0.351,0.895,0.875,38,30,24,24,14,13,2020-21,Home
2021-04-23,Oklahoma City Thunder,Washington Wizards,109,129,0.419,0.516,0.303,0.563,0.84,0.938,40,50,18,25,16,20,2020-21,Away
2021-04-23,Houston Rockets,LA Clippers,104,109,0.404,0.402,0.31,0.353,0.864,0.826,47,58,24,22,14,14,2020-21,Away
2021-04-24,Denver Nuggets,Houston Rockets,129,116,0.595,0.5,0.432,0.375,0.813,0.679,36,35,36,27,14,15,2020-21,Home
2021-04-24,Utah Jazz,Minnesota Timberwolves,96,101,0.402,0.435,0.404,0.237,0.733,0.6,45,47,24,15,20,13,2020-21,Away
2021-04-24,New Orleans Pelicans,San Antonio Spurs,108,110,0.471,0.435,0.409,0.29,0.531,0.844,48,46,20,22,19,17,2020-21,Away
2021-04-24,Miami Heat,Chicago Bulls,106,101,0.45,0.481,0.378,0.342,0.833,0.923,37,42,22,28,10,17,2020-21,Home
2021-04-24,Milwaukee Bucks,Philadelphia 76ers,132,94,0.516,0.378,0.45,0.226,0.667,0.735,55,41,33,15,15,17,2020-21,Home
2021-04-24,Dallas Mavericks,Los Angeles Lakers,108,93,0.487,0.384,0.433,0.267,0.76,0.789,51,36,26,22,16,9,2020-21,Home
2021-04-24,New York Knicks,Toronto Raptors,120,103,0.56,0.434,0.516,0.386,0.833,0.737,44,33,20,31,13,7,2020-21,Home
2021-04-24,Indiana Pacers,Detroit Pistons,115,109,0.417,0.406,0.313,0.294,0.714,0.808,39,62,28,26,4,18,2020-21,Home
2021-04-25,Portland Trail Blazers,Memphis Grizzlies,113,120,0.371,0.462,0.368,0.522,0.84,0.857,53,54,21,22,11,15,2020-21,Away
2021-04-25,Washington Wizards,Cleveland Cavaliers,119,110,0.483,0.513,0.387,0.37,0.808,0.8,36,37,25,28,10,19,2020-21,Home
2021-04-25,Golden State Warriors,Sacramento Kings,117,113,0.484,0.477,0.389,0.378,0.733,0.773,53,37,30,22,16,10,2020-21,Home
2021-04-25,Charlotte Hornets,Boston Celtics,125,104,0.505,0.386,0.488,0.341,0.909,0.846,46,41,39,18,11,13,2020-21,Home
2021-04-25,Brooklyn Nets,Phoenix Suns,128,119,0.529,0.478,0.464,0.353,0.852,0.84,44,43,30,22,10,12,2020-21,Home
2021-04-25,Orlando Magic,Indiana Pacers,112,131,0.396,0.549,0.313,0.469,0.786,0.889,51,48,22,28,6,13,2020-21,Away
2021-04-25,Atlanta Hawks,Milwaukee Bucks,111,104,0.455,0.481,0.371,0.286,0.783,0.783,44,41,23,20,9,12,2020-21,Home
2021-04-26,Philadelphia 76ers,Oklahoma City Thunder,121,90,0.547,0.449,0.452,0.233,0.722,0.565,41,38,27,21,20,29,2020-21,Home
2021-04-26,Miami Heat,Chicago Bulls,102,110,0.429,0.532,0.194,0.379,0.92,0.773,34,51,18,33,5,18,2020-21,Away
2021-04-26,Denver Nuggets,Memphis Grizzlies,120,96,0.479,0.42,0.333,0.125,0.864,0.774,48,45,25,20,11,16,2020-21,Home
2021-04-26,Detroit Pistons,Atlanta Hawks,100,86,0.476,0.388,0.346,0.148,0.733,0.941,47,45,22,19,14,16,2020-21,Home
2021-04-26,Toronto Raptors,Cleveland Cavaliers,112,96,0.544,0.434,0.276,0.263,0.9,0.875,40,37,32,25,12,13,2020-21,Home
2021-04-26,Washington Wizards,San Antonio Spurs,143,146,0.532,0.534,0.3,0.353,0.84,0.857,50,44,26,27,8,6,2020-21,Away
2021-04-26,Sacramento Kings,Dallas Mavericks,113,106,0.519,0.467,0.448,0.286,0.889,0.571,46,40,23,24,16,10,2020-21,Home
2021-04-26,New York Knicks,Phoenix Suns,110,118,0.517,0.542,0.414,0.412,0.8,0.824,35,37,24,23,10,8,2020-21,Away
2021-04-26,New Orleans Pelicans,LA Clippers,120,103,0.537,0.4,0.517,0.311,0.654,1.0,44,44,28,20,16,18,2020-21,Home
2021-04-26,Orlando Magic,Los Angeles Lakers,103,114,0.474,0.54,0.44,0.355,0.833,0.643,28,44,16,23,11,11,2020-21,Away
2021-04-26,Minnesota Timberwolves,Utah Jazz,105,104,0.446,0.389,0.364,0.281,0.714,0.737,48,49,29,24,16,11,2020-21,Home
2021-04-27,Charlotte Hornets,Milwaukee Bucks,104,114,0.463,0.505,0.343,0.257,0.696,0.786,38,48,26,28,17,15,2020-21,Away
2021-04-27,Toronto Raptors,Brooklyn Nets,103,116,0.396,0.482,0.349,0.4,0.842,1.0,47,41,24,30,13,10,2020-21,Away
2021-04-27,Houston Rockets,Minnesota Timberwolves,107,114,0.488,0.484,0.226,0.263,0.727,0.56,45,48,24,29,17,14,2020-21,Away
2021-04-27,Boston Celtics,Oklahoma City Thunder,115,119,0.423,0.481,0.224,0.433,0.88,0.778,39,51,21,25,14,27,2020-21,Away
2021-04-27,Golden State Warriors,Dallas Mavericks,103,133,0.405,0.522,0.372,0.514,0.792,0.864,43,50,25,21,18,13,2020-21,Away
2021-04-27,Indiana Pacers,Portland Trail Blazers,112,133,0.465,0.472,0.333,0.571,0.786,0.813,38,57,25,26,13,13,2020-21,Away
2021-04-28,Sacramento Kings,Utah Jazz,105,154,0.483,0.64,0.333,0.585,0.824,0.952,24,47,24,36,12,13,2020-21,Away
2021-04-28,Boston Celtics,Charlotte Hornets,120,111,0.478,0.425,0.375,0.371,0.773,0.75,54,33,26,29,14,11,2020-21,Home
2021-04-28,New York Knicks,Chicago Bulls,113,94,0.462,0.459,0.444,0.345,0.895,0.6,41,43,27,29,4,14,2020-21,Home
2021-04-28,Washington Wizards,Los Angeles Lakers,116,107,0.522,0.438,0.333,0.294,0.762,0.619,50,41,24,31,13,10,2020-21,Home
2021-04-28,Cleveland Cavaliers,Orlando Magic,104,109,0.402,0.506,0.273,0.345,0.75,0.65,45,49,30,26,11,15,2020-21,Away
2021-04-28,Miami Heat,San Antonio Spurs,116,111,0.506,0.466,0.36,0.313,0.875,0.792,48,40,26,26,12,9,2020-21,Home
2021-04-28,Denver Nuggets,New Orleans Pelicans,114,112,0.506,0.494,0.313,0.4,0.783,0.737,38,42,26,27,18,21,2020-21,Home
2021-04-28,Phoenix Suns,LA Clippers,109,101,0.473,0.513,0.351,0.387,0.769,0.778,45,36,23,24,10,14,2020-21,Home
2021-04-28,Memphis Grizzlies,Portland Trail Blazers,109,130,0.42,0.489,0.281,0.375,0.867,0.893,44,51,26,23,11,10,2020-21,Away
2021-04-28,Philadelphia 76ers,Atlanta Hawks,127,83,0.539,0.333,0.444,0.316,0.682,0.793,46,47,29,17,7,14,2020-21,Home
2021-04-29,Houston Rockets,Milwaukee Bucks,143,136,0.5,0.527,0.543,0.41,0.833,0.88,52,38,23,27,18,14,2020-21,Home
2021-04-29,Oklahoma City Thunder,New Orleans Pelicans,95,109,0.382,0.446,0.282,0.172,0.8,0.737,53,56,18,26,22,12,2020-21,Away
2021-04-29,Indiana Pacers,Brooklyn Nets,113,130,0.427,0.528,0.282,0.343,0.952,0.857,38,50,23,35,10,13,2020-21,Away
2021-04-29,Detroit Pistons,Dallas Mavericks,105,115,0.507,0.449,0.345,0.433,0.676,0.957,39,35,26,22,18,11,2020-21,Away
2021-04-29,Minnesota Timberwolves,Golden State Warriors,126,114,0.457,0.494,0.488,0.395,0.69,0.714,57,34,31,28,13,10,2020-21,Home
2021-04-29,Denver Nuggets,Toronto Raptors,121,111,0.473,0.482,0.343,0.5,0.808,0.833,47,36,22,27,11,15,2020-21,Home
2021-04-30,Memphis Grizzlies,Orlando Magic,92,75,0.343,0.314,0.282,0.231,0.813,0.75,57,56,25,16,8,20,2020-21,Home
2021-04-30,Chicago Bulls,Milwaukee Bucks,98,108,0.385,0.467,0.303,0.36,0.667,0.75,50,51,23,24,10,10,2020-21,Away
2021-04-30,Philadelphia 76ers,Atlanta Hawks,126,104,0.465,0.439,0.357,0.357,0.846,0.786,50,46,27,19,8,16,2020-21,Home
2021-04-30,Cleveland Cavaliers,Washington Wizards,93,122,0.415,0.5,0.212,0.444,0.643,0.846,46,46,19,31,24,12,2020-21,Away
2021-04-30,Boston Celtics,San Antonio Spurs,143,140,0.467,0.533,0.474,0.458,0.75,0.816,52,43,31,29,13,11,2020-21,Home
2021-04-30,Los Angeles Lakers,Sacramento Kings,106,110,0.506,0.453,0.25,0.364,0.714,0.909,43,37,24,29,21,17,2020-21,Away
2021-04-30,Brooklyn Nets,Portland Trail Blazers,109,128,0.421,0.516,0.317,0.444,0.842,0.9,42,50,20,24,8,10,2020-21,Away
2021-04-30,Phoenix Suns,Utah Jazz,121,100,0.545,0.438,0.333,0.359,0.737,0.889,44,36,27,22,11,13,2020-21,Home
2021-05-01,Atlanta Hawks,Chicago Bulls,108,97,0.5,0.471,0.389,0.25,0.769,0.647,44,39,19,22,14,13,2020-21,Home
2021-05-01,Minnesota Timberwolves,New Orleans Pelicans,136,140,0.453,0.511,0.313,0.389,0.781,0.696,51,52,35,34,16,21,2020-21,Away
2021-05-01,Dallas Mavericks,Washington Wizards,125,124,0.54,0.516,0.447,0.316,0.636,0.774,36,46,31,19,11,10,2020-21,Home
2021-05-01,Utah Jazz,Toronto Raptors,106,102,0.474,0.447,0.415,0.364,0.833,0.667,49,39,20,26,20,10,2020-21,Home
2021-05-01,Houston Rockets,Golden State Warriors,87,113,0.36,0.464,0.214,0.391,0.636,0.708,49,50,20,32,18,17,2020-21,Away
2021-05-01,Orlando Magic,Memphis Grizzlies,112,111,0.447,0.458,0.44,0.345,0.893,0.619,37,55,20,21,10,16,2020-21,Home
2021-05-01,LA Clippers,Denver Nuggets,104,110,0.434,0.488,0.412,0.375,0.75,0.952,39,44,21,26,6,10,2020-21,Away
2021-05-01,Charlotte Hornets,Detroit Pistons,107,94,0.483,0.385,0.378,0.351,0.45,0.647,54,43,24,27,13,10,2020-21,Home
2021-05-01,Cleveland Cavaliers,Miami Heat,107,124,0.5,0.54,0.5,0.5,0.765,0.8,39,37,30,30,18,8,2020-21,Away
2021-05-01,Oklahoma City Thunder,Indiana Pacers,95,152,0.342,0.655,0.211,0.636,0.478,0.773,48,53,23,41,14,17,2020-21,Away
2021-05-02,Boston Celtics,Portland Trail Blazers,119,129,0.483,0.518,0.513,0.5,0.867,0.846,45,36,29,27,18,9,2020-21,Away
2021-05-02,Houston Rockets,New York Knicks,97,122,0.43,0.523,0.229,0.514,0.656,0.875,47,38,19,22,17,13,2020-21,Away
2021-05-02,Charlotte Hornets,Miami Heat,111,121,0.494,0.511,0.424,0.289,0.773,0.741,39,42,30,30,14,11,2020-21,Away
2021-05-02,Los Angeles Lakers,Toronto Raptors,114,121,0.482,0.447,0.379,0.395,0.677,0.71,44,49,32,24,14,12,2020-21,Away
2021-05-02,Dallas Mavericks,Sacramento Kings,99,111,0.42,0.556,0.171,0.393,0.806,0.625,40,38,16,27,16,19,2020-21,Away
2021-05-02,Milwaukee Bucks,Brooklyn Nets,117,114,0.49,0.427,0.405,0.405,0.5,0.882,45,53,19,18,10,16,2020-21,Home
2021-05-02,Oklahoma City Thunder,Phoenix Suns,120,123,0.489,0.536,0.433,0.387,0.708,0.778,47,39,23,27,15,10,2020-21,Away
2021-05-02,San Antonio Spurs,Philadelphia 76ers,111,113,0.448,0.447,0.387,0.367,0.765,0.72,48,49,20,23,13,12,2020-21,Away
2021-05-03,New Orleans Pelicans,Golden State Warriors,108,123,0.433,0.534,0.2,0.386,0.781,0.857,47,38,20,31,16,14,2020-21,Away
2021-05-03,Memphis Grizzlies,New York Knicks,104,118,0.395,0.506,0.39,0.519,0.833,0.778,46,45,26,19,12,8,2020-21,Away
2021-05-03,Chicago Bulls,Philadelphia 76ers,94,106,0.414,0.533,0.324,0.393,0.786,0.714,40,44,25,23,15,16,2020-21,Away
2021-05-03,Washington Wizards,Indiana Pacers,154,141,0.612,0.495,0.409,0.519,0.792,0.84,44,45,50,28,16,17,2020-21,Home
2021-05-03,Los Angeles Lakers,Denver Nuggets,93,89,0.438,0.439,0.433,0.25,0.696,0.688,43,41,18,22,20,12,2020-21,Home
2021-05-03,Utah Jazz,San Antonio Spurs,110,99,0.5,0.467,0.306,0.278,0.688,1.0,50,37,22,25,15,13,2020-21,Home
2021-05-03,Atlanta Hawks,Portland Trail Blazers,123,114,0.524,0.453,0.488,0.415,0.833,0.786,49,39,32,25,11,8,2020-21,Home
2021-05-03,Detroit Pistons,Orlando Magic,112,119,0.473,0.511,0.314,0.435,0.722,0.76,42,48,24,27,11,10,2020-21,Away
2021-05-04,New Orleans Pelicans,Golden State Warriors,108,103,0.402,0.419,0.4,0.377,0.818,0.714,57,48,28,22,12,18,2020-21,Home
2021-05-04,Milwaukee Bucks,Brooklyn Nets,124,118,0.449,0.488,0.378,0.465,0.815,0.615,55,39,23,21,12,13,2020-21,Home
2021-05-04,Cleveland Cavaliers,Phoenix Suns,118,134,0.456,0.524,0.448,0.387,0.852,0.923,42,48,29,35,17,7,2020-21,Away
2021-05-04,Detroit Pistons,Charlotte Hornets,99,102,0.459,0.409,0.281,0.258,0.6,0.75,46,51,21,23,13,8,2020-21,Away
2021-05-04,Miami Heat,Dallas Mavericks,113,127,0.464,0.529,0.439,0.458,0.81,0.722,39,44,30,26,12,13,2020-21,Away
2021-05-04,LA Clippers,Toronto Raptors,105,100,0.52,0.46,0.441,0.343,0.923,0.615,42,37,28,22,18,12,2020-21,Home
2021-05-04,Oklahoma City Thunder,Sacramento Kings,99,103,0.357,0.411,0.306,0.279,0.72,0.813,57,49,21,25,9,12,2020-21,Away
2021-05-05,Utah Jazz,San Antonio Spurs,126,94,0.557,0.402,0.439,0.304,0.714,0.65,53,35,24,22,14,7,2020-21,Home
2021-05-05,Indiana Pacers,Sacramento Kings,93,104,0.434,0.453,0.36,0.25,0.706,0.714,48,48,26,21,22,11,2020-21,Away
2021-05-05,Minnesota Timberwolves,Memphis Grizzlies,135,139,0.521,0.536,0.487,0.483,0.818,0.75,41,46,32,30,14,13,2020-21,Away
2021-05-05,Orlando Magic,Boston Celtics,96,132,0.388,0.531,0.24,0.467,0.857,0.75,45,45,13,28,17,11,2020-21,Away
2021-05-05,Denver Nuggets,New York Knicks,113,97,0.381,0.384,0.308,0.371,0.818,0.667,63,42,23,18,13,15,2020-21,Home
2021-05-05,Milwaukee Bucks,Washington Wizards,135,134,0.539,0.49,0.486,0.364,0.75,0.744,45,43,30,27,19,7,2020-21,Home
2021-05-05,Atlanta Hawks,Phoenix Suns,135,103,0.631,0.418,0.5,0.375,0.889,0.862,46,30,35,19,11,9,2020-21,Home
2021-05-05,Cleveland Cavaliers,Portland Trail Blazers,105,141,0.402,0.576,0.342,0.485,0.692,0.76,42,54,23,26,8,10,2020-21,Away
2021-05-05,Houston Rockets,Philadelphia 76ers,115,135,0.452,0.532,0.378,0.429,0.778,0.909,38,47,28,26,13,9,2020-21,Away
2021-05-06,Indiana Pacers,Atlanta Hawks,133,126,0.621,0.511,0.4,0.405,0.895,0.833,36,34,35,27,15,12,2020-21,Home
2021-05-06,Golden State Warriors,Oklahoma City Thunder,118,97,0.488,0.409,0.404,0.231,0.833,0.8,49,39,36,21,13,9,2020-21,Home
2021-05-06,Charlotte Hornets,Chicago Bulls,99,120,0.422,0.505,0.457,0.486,0.389,0.588,45,56,29,33,15,17,2020-21,Away
2021-05-06,Detroit Pistons,Memphis Grizzlies,111,97,0.53,0.427,0.393,0.27,0.857,0.647,39,42,24,25,11,15,2020-21,Home
2021-05-06,LA Clippers,Los Angeles Lakers,118,94,0.532,0.379,0.419,0.278,0.885,0.621,48,34,23,21,22,10,2020-21,Home
2021-05-06,Toronto Raptors,Washington Wizards,129,131,0.448,0.436,0.368,0.433,0.778,0.837,50,47,23,29,12,13,2020-21,Away
2021-05-06,Dallas Mavericks,Brooklyn Nets,113,109,0.449,0.432,0.441,0.351,0.692,0.933,51,51,23,18,12,13,2020-21,Home
2021-05-07,Chicago Bulls,Boston Celtics,121,99,0.434,0.407,0.45,0.282,0.944,0.783,52,47,26,19,9,13,2020-21,Home
2021-05-07,Milwaukee Bucks,Houston Rockets,141,133,0.537,0.5,0.413,0.472,0.87,0.667,53,37,30,36,17,16,2020-21,Home
2021-05-07,Utah Jazz,Denver Nuggets,127,120,0.483,0.518,0.457,0.447,0.87,0.85,38,38,27,31,10,17,2020-21,Home
2021-05-07,Sacramento Kings,San Antonio Spurs,104,113,0.488,0.517,0.406,0.182,0.6,0.895,35,44,27,20,16,13,2020-21,Away
2021-05-07,Miami Heat,Minnesota Timberwolves,121,112,0.506,0.482,0.406,0.27,0.741,0.667,37,41,27,27,14,16,2020-21,Home
2021-05-07,Philadelphia 76ers,New Orleans Pelicans,109,107,0.447,0.406,0.429,0.25,0.818,0.727,51,52,27,26,15,10,2020-21,Home
2021-05-07,Phoenix Suns,New York Knicks,128,105,0.467,0.452,0.439,0.344,0.96,0.783,45,41,26,24,5,13,2020-21,Home
2021-05-07,Charlotte Hornets,Orlando Magic,122,112,0.494,0.418,0.273,0.3,0.758,0.75,51,47,28,19,11,6,2020-21,Home
2021-05-07,Dallas Mavericks,Cleveland Cavaliers,110,90,0.494,0.386,0.313,0.207,0.818,0.769,45,43,21,17,9,14,2020-21,Home
2021-05-07,Portland Trail Blazers,Los Angeles Lakers,106,101,0.42,0.416,0.324,0.367,0.952,0.727,44,49,22,19,8,14,2020-21,Home
2021-05-08,Philadelphia 76ers,Detroit Pistons,118,104,0.488,0.488,0.3,0.324,0.871,0.688,44,44,22,22,10,16,2020-21,Home
2021-05-08,Portland Trail Blazers,San Antonio Spurs,124,102,0.464,0.398,0.353,0.267,0.733,0.87,63,40,24,17,8,7,2020-21,Home
2021-05-08,Denver Nuggets,Brooklyn Nets,119,125,0.457,0.621,0.341,0.516,0.913,0.818,33,35,21,27,12,17,2020-21,Away
2021-05-08,Utah Jazz,Houston Rockets,124,116,0.529,0.439,0.395,0.353,0.905,0.706,49,40,28,25,17,8,2020-21,Home
2021-05-08,Golden State Warriors,Oklahoma City Thunder,136,97,0.58,0.404,0.5,0.243,0.833,0.6,46,41,31,21,18,13,2020-21,Home
2021-05-08,Indiana Pacers,Washington Wizards,132,133,0.481,0.445,0.241,0.281,0.833,0.867,49,60,33,26,13,15,2020-21,Away
2021-05-08,Toronto Raptors,Memphis Grizzlies,99,109,0.383,0.447,0.313,0.326,0.708,0.731,46,56,18,24,11,17,2020-21,Away
2021-05-09,Sacramento Kings,Oklahoma City Thunder,126,98,0.529,0.391,0.444,0.297,0.833,0.655,51,38,30,23,14,14,2020-21,Home
2021-05-09,Orlando Magic,Minnesota Timberwolves,96,128,0.396,0.485,0.25,0.356,0.682,0.75,45,57,20,30,13,10,2020-21,Away
2021-05-09,Detroit Pistons,Chicago Bulls,96,108,0.456,0.512,0.407,0.375,0.591,0.714,37,43,22,27,13,8,2020-21,Away
2021-05-09,Cleveland Cavaliers,Dallas Mavericks,97,124,0.384,0.538,0.355,0.385,0.645,0.818,38,42,18,33,14,10,2020-21,Away
2021-05-09,Charlotte Hornets,New Orleans Pelicans,110,112,0.442,0.469,0.351,0.324,0.722,0.455,46,51,22,26,17,16,2020-21,Away
2021-05-09,LA Clippers,New York Knicks,100,106,0.43,0.467,0.343,0.406,0.875,1.0,43,45,24,25,13,10,2020-21,Away
2021-05-09,Los Angeles Lakers,Phoenix Suns,123,110,0.488,0.534,0.433,0.44,0.78,0.84,41,32,24,23,13,15,2020-21,Home
2021-05-09,Boston Celtics,Miami Heat,124,130,0.542,0.573,0.368,0.457,0.8,0.909,34,35,29,30,14,11,2020-21,Away
2021-05-10,Golden State Warriors,Utah Jazz,119,116,0.466,0.451,0.333,0.295,0.92,0.875,41,48,26,14,10,14,2020-21,Home
2021-05-10,San Antonio Spurs,Milwaukee Bucks,146,125,0.596,0.5,0.586,0.317,0.81,0.783,46,34,27,26,12,7,2020-21,Home
2021-05-10,Cleveland Cavaliers,Indiana Pacers,102,111,0.355,0.5,0.333,0.407,0.767,0.75,50,47,21,32,10,11,2020-21,Away
2021-05-10,Atlanta Hawks,Washington Wizards,125,124,0.479,0.51,0.333,0.5,0.885,0.818,55,42,23,28,12,9,2020-21,Home
2021-05-10,Memphis Grizzlies,New Orleans Pelicans,115,110,0.495,0.443,0.3,0.435,0.593,0.667,49,50,33,29,10,12,2020-21,Home
2021-05-10,Portland Trail Blazers,Houston Rockets,140,129,0.511,0.494,0.45,0.474,0.8,0.964,47,44,30,30,9,13,2020-21,Home
2021-05-11,Toronto Raptors,LA Clippers,96,115,0.407,0.5,0.27,0.344,0.842,1.0,35,49,21,25,13,16,2020-21,Away
2021-05-11,Chicago Bulls,Brooklyn Nets,107,115,0.406,0.472,0.409,0.364,0.786,0.76,45,51,21,32,9,7,2020-21,Away
2021-05-11,Sacramento Kings,Oklahoma City Thunder,122,106,0.512,0.464,0.487,0.391,0.789,0.679,40,45,28,22,15,18,2020-21,Home
2021-05-11,Detroit Pistons,Minnesota Timberwolves,100,119,0.467,0.459,0.435,0.292,0.769,0.714,46,44,21,30,28,15,2020-21,Away
2021-05-11,Golden State Warriors,Phoenix Suns,122,116,0.495,0.519,0.275,0.432,0.85,0.9,40,36,33,26,8,10,2020-21,Home
2021-05-11,Los Angeles Lakers,New York Knicks,101,99,0.416,0.391,0.429,0.345,0.789,0.913,53,41,31,19,18,9,2020-21,Home
2021-05-11,Charlotte Hornets,Denver Nuggets,112,117,0.462,0.494,0.282,0.394,0.85,0.846,49,38,30,26,17,17,2020-21,Away
2021-05-11,Milwaukee Bucks,Orlando Magic,114,102,0.426,0.415,0.242,0.333,0.741,0.7,63,52,16,18,9,12,2020-21,Home
2021-05-11,Indiana Pacers,Philadelphia 76ers,103,94,0.446,0.437,0.341,0.308,0.938,0.714,45,35,28,23,13,11,2020-21,Home
2021-05-11,Memphis Grizzlies,Dallas Mavericks,133,104,0.573,0.42,0.485,0.316,0.938,0.947,44,35,32,23,10,12,2020-21,Home
2021-05-11,Boston Celtics,Miami Heat,121,129,0.523,0.593,0.486,0.533,0.647,0.773,32,43,31,25,11,14,2020-21,Away
2021-05-12,Los Angeles Lakers,Houston Rockets,124,122,0.571,0.506,0.35,0.429,0.591,0.667,41,41,28,33,11,15,2020-21,Home
2021-05-12,Utah Jazz,Portland Trail Blazers,98,105,0.412,0.44,0.3,0.406,0.762,0.706,53,39,15,17,10,5,2020-21,Away
2021-05-12,Cleveland Cavaliers,Boston Celtics,102,94,0.45,0.356,0.333,0.293,0.815,0.714,55,46,27,14,15,7,2020-21,Home
2021-05-12,Brooklyn Nets,San Antonio Spurs,128,116,0.608,0.426,0.429,0.258,0.741,0.815,43,46,33,21,11,8,2020-21,Home
2021-05-12,Atlanta Hawks,Washington Wizards,120,116,0.512,0.446,0.303,0.345,0.786,0.842,51,42,22,29,14,7,2020-21,Home
2021-05-12,Dallas Mavericks,New Orleans Pelicans,125,107,0.49,0.414,0.333,0.25,0.8,0.737,48,44,23,18,8,12,2020-21,Home
2021-05-13,New York Knicks,San Antonio Spurs,102,98,0.407,0.418,0.4,0.286,1.0,0.842,48,47,23,22,10,9,2020-21,Home
2021-05-13,Atlanta Hawks,Orlando Magic,116,93,0.436,0.383,0.389,0.306,0.833,0.667,49,51,19,24,7,14,2020-21,Home
2021-05-13,Minnesota Timberwolves,Denver Nuggets,103,114,0.425,0.479,0.39,0.333,0.594,0.909,43,53,20,30,15,12,2020-21,Away
2021-05-13,Phoenix Suns,Portland Trail Blazers,118,117,0.466,0.543,0.406,0.455,0.885,0.778,42,33,22,23,11,13,2020-21,Home
2021-05-13,Charlotte Hornets,LA Clippers,90,113,0.393,0.533,0.273,0.467,0.789,0.75,35,44,24,28,10,17,2020-21,Away
2021-05-13,Indiana Pacers,Milwaukee Bucks,133,142,0.455,0.574,0.488,0.367,0.8,0.742,40,51,34,34,7,12,2020-21,Away
2021-05-13,Memphis Grizzlies,Sacramento Kings,116,110,0.5,0.438,0.333,0.415,0.833,0.643,48,35,30,33,18,10,2020-21,Home
2021-05-13,Chicago Bulls,Toronto Raptors,114,102,0.542,0.444,0.472,0.333,0.7,0.556,51,32,31,24,18,9,2020-21,Home
2021-05-13,Miami Heat,Philadelphia 76ers,106,94,0.506,0.462,0.371,0.28,1.0,0.75,47,30,26,20,19,12,2020-21,Home
2021-05-14,Philadelphia 76ers,Orlando Magic,122,97,0.473,0.398,0.471,0.333,0.947,0.75,46,44,35,21,8,13,2020-21,Home
2021-05-14,Golden State Warriors,New Orleans Pelicans,125,122,0.483,0.465,0.436,0.407,0.8,0.679,46,51,29,21,11,9,2020-21,Home
2021-05-14,Detroit Pistons,Denver Nuggets,91,104,0.41,0.488,0.162,0.281,0.739,0.786,41,49,21,29,9,11,2020-21,Away
2021-05-14,Memphis Grizzlies,Sacramento Kings,107,106,0.44,0.385,0.333,0.238,0.629,0.815,49,56,23,21,13,10,2020-21,Home
2021-05-14,Dallas Mavericks,Toronto Raptors,114,110,0.433,0.494,0.405,0.342,0.905,0.765,42,44,27,19,8,11,2020-21,Home
2021-05-14,Washington Wizards,Cleveland Cavaliers,120,105,0.461,0.464,0.28,0.278,0.838,0.81,47,44,23,24,10,17,2020-21,Home
2021-05-14,Oklahoma City Thunder,Utah Jazz,93,109,0.429,0.43,0.316,0.333,0.938,0.762,45,53,13,23,15,11,2020-21,Away
2021-05-14,Houston Rockets,LA Clippers,122,115,0.535,0.484,0.378,0.314,0.727,0.933,41,35,30,29,15,13,2020-21,Home
2021-05-15,Milwaukee Bucks,Miami Heat,122,108,0.535,0.417,0.371,0.449,0.708,0.75,48,38,29,25,11,11,2020-21,Home
2021-05-15,Brooklyn Nets,Chicago Bulls,105,91,0.471,0.347,0.412,0.268,0.6,0.706,52,52,26,24,9,9,2020-21,Home
2021-05-15,San Antonio Spurs,Phoenix Suns,103,140,0.443,0.553,0.154,0.455,0.875,0.955,41,47,23,32,16,10,2020-21,Away
2021-05-15,Minnesota Timberwolves,Boston Celtics,108,124,0.411,0.484,0.135,0.429,0.735,0.778,51,44,22,27,12,14,2020-21,Away
2021-05-15,New York Knicks,Charlotte Hornets,118,109,0.511,0.382,0.432,0.265,0.8,0.75,50,51,29,28,9,8,2020-21,Home
2021-05-15,Indiana Pacers,Los Angeles Lakers,115,122,0.517,0.477,0.273,0.379,0.737,0.806,37,45,28,25,13,13,2020-21,Away
2021-05-16,Detroit Pistons,Miami Heat,107,120,0.465,0.56,0.314,0.382,0.727,0.65,33,39,26,32,16,10,2020-21,Away
2021-05-16,Toronto Raptors,Indiana Pacers,113,125,0.402,0.505,0.316,0.405,0.793,0.778,48,47,21,34,12,13,2020-21,Away
2021-05-16,Philadelphia 76ers,Orlando Magic,128,117,0.489,0.474,0.475,0.357,0.739,0.854,41,47,35,23,11,16,2020-21,Home
2021-05-16,Minnesota Timberwolves,Dallas Mavericks,136,121,0.544,0.484,0.425,0.421,0.84,0.85,38,38,35,32,9,16,2020-21,Home
2021-05-16,New York Knicks,Boston Celtics,96,92,0.43,0.407,0.481,0.268,0.789,0.733,41,46,16,19,10,12,2020-21,Home
2021-05-16,Chicago Bulls,Milwaukee Bucks,118,112,0.517,0.422,0.438,0.324,0.737,0.75,45,41,23,14,16,11,2020-21,Home
2021-05-16,Sacramento Kings,Utah Jazz,99,121,0.467,0.477,0.3,0.462,0.6,0.84,39,50,24,28,12,16,2020-21,Away
2021-05-16,Washington Wizards,Charlotte Hornets,115,110,0.484,0.394,0.323,0.311,0.81,0.917,53,42,22,25,14,11,2020-21,Home
2021-05-16,Portland Trail Blazers,Denver Nuggets,132,116,0.529,0.449,0.419,0.378,0.846,0.933,51,36,24,20,13,6,2020-21,Home
2021-05-16,Brooklyn Nets,Cleveland Cavaliers,123,109,0.566,0.447,0.533,0.308,0.765,0.677,37,45,35,16,12,14,2020-21,Home
2021-05-16,New Orleans Pelicans,Los Angeles Lakers,98,110,0.474,0.469,0.36,0.314,0.714,0.6,47,42,26,30,21,9,2020-21,Away
2021-05-16,San Antonio Spurs,Phoenix Suns,121,123,0.51,0.51,0.292,0.371,0.737,1.0,46,48,30,36,10,8,2020-21,Away
2021-05-16,Oklahoma City Thunder,LA Clippers,117,112,0.532,0.425,0.308,0.233,0.563,0.8,54,44,20,17,15,3,2020-21,Home
2021-05-16,Atlanta Hawks,Houston Rockets,124,95,0.544,0.337,0.333,0.286,0.731,0.75,56,43,32,25,13,15,2020-21,Home
2021-05-16,Golden State Warriors,Memphis Grizzlies,113,101,0.494,0.435,0.385,0.24,0.889,0.789,46,39,26,25,19,12,2020-21,Home
2021-10-19,Milwaukee Bucks,Brooklyn Nets,127,104,0.457,0.44,0.378,0.531,0.778,0.565,54,44,25,19,7,12,2021-22,Home
2021-10-19,Los Angeles Lakers,Golden State Warriors,114,121,0.474,0.441,0.357,0.359,0.474,0.833,45,50,21,30,17,17,2021-22,Away
2021-10-20,New Orleans Pelicans,Philadelphia 76ers,97,117,0.419,0.518,0.433,0.52,0.667,0.8,44,47,28,24,13,12,2021-22,Away
2021-10-20,Portland Trail Blazers,Sacramento Kings,121,124,0.484,0.457,0.343,0.415,0.864,0.793,49,43,25,24,12,10,2021-22,Away
2021-10-20,New York Knicks,Boston Celtics,138,134,0.486,0.41,0.378,0.368,0.704,0.739,55,56,27,34,17,18,2021-22,Home
2021-10-20,Minnesota Timberwolves,Houston Rockets,124,106,0.483,0.455,0.421,0.333,0.774,0.682,46,41,26,21,18,24,2021-22,Home
2021-10-20,Memphis Grizzlies,Cleveland Cavaliers,132,121,0.53,0.505,0.424,0.368,1.0,0.722,53,36,28,38,10,10,2021-22,Home
2021-10-20,Toronto Raptors,Washington Wizards,83,98,0.309,0.444,0.206,0.185,0.727,0.808,54,51,14,20,19,21,2021-22,Away
2021-10-20,San Antonio Spurs,Orlando Magic,123,97,0.5,0.407,0.433,0.31,0.667,0.783,43,44,32,17,8,16,2021-22,Home
2021-10-20,Phoenix Suns,Denver Nuggets,98,110,0.414,0.53,0.378,0.436,0.706,0.556,45,46,23,25,18,17,2021-22,Away
2021-10-20,Charlotte Hornets,Indiana Pacers,123,122,0.43,0.467,0.419,0.362,0.667,0.875,46,51,29,29,8,16,2021-22,Home
2021-10-20,Utah Jazz,Oklahoma City Thunder,107,86,0.44,0.374,0.298,0.2,0.867,0.611,53,50,18,19,10,14,2021-22,Home
2021-10-20,Detroit Pistons,Chicago Bulls,88,94,0.4,0.43,0.214,0.304,0.769,0.867,47,48,17,18,16,17,2021-22,Away
2021-10-21,Miami Heat,Milwaukee Bucks,137,95,0.531,0.381,0.429,0.286,0.645,0.655,58,38,28,19,11,15,2021-22,Home
2021-10-21,Atlanta Hawks,Dallas Mavericks,113,87,0.479,0.333,0.429,0.302,0.889,0.923,55,50,31,16,13,15,2021-22,Home
2021-10-21,Golden State Warriors,LA Clippers,115,113,0.518,0.438,0.484,0.35,0.636,0.714,53,39,27,24,21,7,2021-22,Home
2021-10-22,Sacramento Kings,Utah Jazz,101,110,0.394,0.411,0.222,0.381,0.714,0.87,52,51,20,16,15,17,2021-22,Away
2021-10-22,Houston Rockets,Oklahoma City Thunder,124,91,0.505,0.374,0.447,0.326,0.786,0.563,54,39,29,22,17,19,2021-22,Home
2021-10-22,Cleveland Cavaliers,Charlotte Hornets,112,123,0.512,0.527,0.29,0.406,0.85,0.824,36,46,26,32,18,18,2021-22,Away
2021-10-22,Chicago Bulls,New Orleans Pelicans,128,112,0.528,0.483,0.5,0.517,0.8,0.813,46,42,32,26,14,16,2021-22,Home
2021-10-22,Orlando Magic,New York Knicks,96,121,0.398,0.5,0.395,0.444,0.867,0.529,46,38,24,34,18,11,2021-22,Away
2021-10-22,Los Angeles Lakers,Phoenix Suns,105,115,0.395,0.488,0.441,0.313,0.759,0.75,46,47,25,31,16,11,2021-22,Away
2021-10-22,Philadelphia 76ers,Brooklyn Nets,109,114,0.473,0.466,0.389,0.316,0.818,0.833,35,47,17,26,8,12,2021-22,Away
2021-10-22,Washington Wizards,Indiana Pacers,135,134,0.521,0.536,0.5,0.441,0.947,0.75,38,42,24,28,9,12,2021-22,Home
2021-10-22,Denver Nuggets,San Antonio Spurs,102,96,0.512,0.476,0.3,0.25,0.625,0.714,41,39,26,24,21,20,2021-22,Home
2021-10-22,Boston Celtics,Toronto Raptors,83,115,0.39,0.42,0.324,0.286,0.727,1.0,42,60,19,22,25,11,2021-22,Away
2021-10-23,San Antonio Spurs,Milwaukee Bucks,111,121,0.485,0.53,0.256,0.429,0.833,0.818,38,44,29,21,12,20,2021-22,Away
2021-10-23,Toronto Raptors,Dallas Mavericks,95,103,0.4,0.418,0.297,0.333,0.696,0.722,49,50,17,24,12,9,2021-22,Away
2021-10-23,LA Clippers,Memphis Grizzlies,114,120,0.434,0.467,0.333,0.417,0.882,0.84,44,48,23,26,7,11,2021-22,Away
2021-10-23,Minnesota Timberwolves,New Orleans Pelicans,96,89,0.406,0.348,0.316,0.225,0.6,0.783,47,61,22,15,19,28,2021-22,Home
2021-10-23,Cleveland Cavaliers,Atlanta Hawks,101,95,0.416,0.384,0.25,0.294,0.741,0.6,54,54,23,20,10,9,2021-22,Home
2021-10-23,Indiana Pacers,Miami Heat,102,91,0.392,0.385,0.256,0.273,0.762,0.857,55,55,18,18,16,22,2021-22,Home
2021-10-23,Portland Trail Blazers,Phoenix Suns,134,105,0.543,0.483,0.42,0.321,0.647,0.667,48,38,24,27,9,14,2021-22,Home
2021-10-23,Chicago Bulls,Detroit Pistons,97,82,0.417,0.386,0.423,0.179,0.842,0.6,42,53,24,14,12,20,2021-22,Home
2021-10-24,Houston Rockets,Boston Celtics,97,107,0.427,0.442,0.438,0.319,0.792,0.8,40,43,20,22,18,11,2021-22,Away
2021-10-24,Oklahoma City Thunder,Philadelphia 76ers,103,115,0.476,0.466,0.258,0.415,0.789,0.8,42,47,24,25,11,12,2021-22,Away
2021-10-24,Los Angeles Lakers,Memphis Grizzlies,121,118,0.536,0.45,0.533,0.371,0.682,0.833,36,49,29,25,17,17,2021-22,Home
2021-10-24,New York Knicks,Orlando Magic,104,110,0.37,0.409,0.271,0.279,0.68,0.765,52,57,20,22,12,13,2021-22,Away
2021-10-24,Sacramento Kings,Golden State Warriors,107,119,0.488,0.443,0.326,0.351,0.615,0.833,47,43,26,26,19,6,2021-22,Away
2021-10-24,Brooklyn Nets,Charlotte Hornets,95,111,0.437,0.457,0.257,0.333,0.833,0.789,44,48,18,26,17,12,2021-22,Away
2021-10-25,Brooklyn Nets,Washington Wizards,104,90,0.426,0.347,0.286,0.231,0.824,0.75,54,53,23,16,9,12,2021-22,Home
2021-10-25,Atlanta Hawks,Detroit Pistons,122,104,0.511,0.44,0.375,0.273,0.857,0.833,49,36,24,26,13,14,2021-22,Home
2021-10-25,Toronto Raptors,Chicago Bulls,108,111,0.482,0.481,0.4,0.444,0.8,0.955,47,29,27,24,19,13,2021-22,Away
2021-10-25,Minnesota Timberwolves,New Orleans Pelicans,98,107,0.344,0.448,0.3,0.333,0.778,0.826,41,60,20,19,11,17,2021-22,Away
2021-10-25,Miami Heat,Orlando Magic,107,90,0.471,0.407,0.222,0.273,1.0,0.632,42,39,28,21,10,16,2021-22,Home
2021-10-25,Charlotte Hornets,Boston Celtics,129,140,0.447,0.495,0.432,0.38,0.643,0.84,52,53,26,33,14,12,2021-22,Away
2021-10-25,LA Clippers,Portland Trail Blazers,116,86,0.473,0.376,0.326,0.216,0.737,0.778,43,47,37,15,17,30,2021-22,Home
2021-10-25,Denver Nuggets,Cleveland Cavaliers,87,99,0.407,0.463,0.237,0.28,0.667,0.8,47,49,21,26,21,14,2021-22,Away
2021-10-25,Indiana Pacers,Milwaukee Bucks,109,119,0.444,0.482,0.389,0.344,0.882,0.839,47,42,23,24,19,13,2021-22,Away
2021-10-26,San Antonio Spurs,Los Angeles Lakers,121,125,0.444,0.476,0.361,0.267,0.545,0.773,59,56,33,20,15,13,2021-22,Away
2021-10-26,New York Knicks,Philadelphia 76ers,112,99,0.471,0.439,0.432,0.293,0.933,0.882,45,40,24,24,12,14,2021-22,Home
2021-10-26,Oklahoma City Thunder,Golden State Warriors,98,106,0.419,0.47,0.353,0.35,0.824,0.778,42,46,19,30,13,15,2021-22,Away
2021-10-26,Dallas Mavericks,Houston Rockets,116,106,0.462,0.419,0.279,0.41,0.72,0.692,50,49,25,24,14,17,2021-22,Home
2021-10-26,Utah Jazz,Denver Nuggets,122,110,0.518,0.506,0.308,0.357,0.759,0.667,41,35,20,19,13,13,2021-22,Home
2021-10-27,Phoenix Suns,Sacramento Kings,107,110,0.452,0.442,0.273,0.395,0.708,0.733,56,40,23,28,11,11,2021-22,Away
2021-10-27,New Orleans Pelicans,Atlanta Hawks,99,102,0.43,0.417,0.306,0.267,0.889,0.824,44,55,24,21,9,11,2021-22,Away
2021-10-27,Toronto Raptors,Indiana Pacers,118,100,0.46,0.481,0.467,0.345,0.632,0.824,41,40,22,19,10,22,2021-22,Home
2021-10-27,Boston Celtics,Washington Wizards,107,116,0.435,0.512,0.345,0.36,0.821,0.724,37,47,18,18,13,15,2021-22,Away
2021-10-27,Orlando Magic,Charlotte Hornets,111,120,0.489,0.518,0.375,0.467,0.769,0.833,33,40,22,22,18,16,2021-22,Away
2021-10-27,Portland Trail Blazers,Memphis Grizzlies,116,96,0.464,0.365,0.417,0.34,0.742,0.474,48,50,22,27,13,21,2021-22,Home
2021-10-27,Brooklyn Nets,Miami Heat,93,106,0.388,0.396,0.326,0.276,0.929,0.846,42,62,21,21,15,14,2021-22,Away
2021-10-27,Milwaukee Bucks,Minnesota Timberwolves,108,113,0.411,0.473,0.275,0.289,0.762,0.824,43,49,22,29,8,17,2021-22,Away
2021-10-27,Oklahoma City Thunder,Los Angeles Lakers,123,115,0.5,0.5,0.405,0.314,0.759,0.857,42,40,21,29,15,17,2021-22,Home
2021-10-27,LA Clippers,Cleveland Cavaliers,79,92,0.356,0.407,0.22,0.15,0.615,0.852,36,57,19,12,14,20,2021-22,Away
2021-10-28,Golden State Warriors,Memphis Grizzlies,101,104,0.433,0.402,0.35,0.25,0.75,1.0,48,51,29,25,22,17,2021-22,Away
2021-10-28,Philadelphia 76ers,Detroit Pistons,110,102,0.5,0.407,0.444,0.333,0.917,0.704,46,37,22,22,20,12,2021-22,Home
2021-10-28,Washington Wizards,Atlanta Hawks,122,111,0.465,0.545,0.382,0.286,0.81,0.643,51,43,26,26,6,13,2021-22,Home
2021-10-28,Houston Rockets,Utah Jazz,91,122,0.326,0.482,0.205,0.348,0.87,0.8,41,58,15,24,11,16,2021-22,Away
2021-10-28,Chicago Bulls,New York Knicks,103,104,0.429,0.459,0.344,0.379,0.909,0.75,37,49,25,16,7,13,2021-22,Away
2021-10-28,Dallas Mavericks,San Antonio Spurs,104,99,0.461,0.443,0.4,0.4,0.308,0.6,45,48,18,21,12,14,2021-22,Home
2021-10-29,Toronto Raptors,Orlando Magic,110,109,0.5,0.471,0.3,0.471,0.682,0.688,40,46,18,24,7,17,2021-22,Home
2021-10-29,Miami Heat,Charlotte Hornets,114,99,0.473,0.389,0.257,0.351,1.0,0.727,60,37,23,21,17,11,2021-22,Home
2021-10-29,Brooklyn Nets,Indiana Pacers,105,98,0.447,0.398,0.231,0.276,0.756,0.696,50,46,20,20,18,14,2021-22,Home
2021-10-29,Los Angeles Lakers,Cleveland Cavaliers,113,101,0.548,0.425,0.444,0.353,0.9,0.682,42,36,24,28,20,15,2021-22,Home
2021-10-29,Denver Nuggets,Dallas Mavericks,106,75,0.518,0.295,0.306,0.216,0.692,0.778,51,36,28,14,19,15,2021-22,Home
2021-10-29,Portland Trail Blazers,LA Clippers,111,92,0.418,0.391,0.463,0.357,0.625,0.563,63,43,21,17,14,12,2021-22,Home
2021-10-29,New Orleans Pelicans,Sacramento Kings,109,113,0.429,0.5,0.265,0.333,0.64,0.96,49,45,18,19,10,14,2021-22,Away
2021-10-30,Milwaukee Bucks,San Antonio Spurs,93,102,0.404,0.411,0.256,0.226,0.688,0.708,52,49,20,28,19,9,2021-22,Away
2021-10-30,Indiana Pacers,Toronto Raptors,94,97,0.432,0.424,0.302,0.344,0.688,0.667,40,48,25,18,19,15,2021-22,Away
2021-10-30,Golden State Warriors,Oklahoma City Thunder,103,82,0.424,0.349,0.389,0.205,0.5,0.762,56,45,30,14,15,15,2021-22,Home
2021-10-30,Minnesota Timberwolves,Denver Nuggets,91,93,0.393,0.409,0.317,0.243,0.889,0.75,46,48,21,24,20,18,2021-22,Away
2021-10-30,Phoenix Suns,Cleveland Cavaliers,101,92,0.464,0.396,0.231,0.318,0.63,0.857,52,47,27,21,13,19,2021-22,Home
2021-10-30,Memphis Grizzlies,Miami Heat,103,129,0.386,0.523,0.32,0.568,0.905,0.842,32,50,26,31,14,18,2021-22,Away
2021-10-30,New Orleans Pelicans,New York Knicks,117,123,0.457,0.519,0.333,0.576,0.917,0.8,43,37,30,22,11,12,2021-22,Away
2021-10-30,Philadelphia 76ers,Atlanta Hawks,122,94,0.535,0.379,0.316,0.364,0.947,0.737,37,49,24,24,12,19,2021-22,Home
2021-10-30,Washington Wizards,Boston Celtics,115,112,0.365,0.411,0.278,0.077,0.806,0.88,62,54,19,23,13,11,2021-22,Home
2021-10-30,Chicago Bulls,Utah Jazz,107,99,0.429,0.38,0.238,0.289,0.8,0.947,45,54,16,15,9,20,2021-22,Home
2021-10-30,Detroit Pistons,Orlando Magic,110,103,0.404,0.437,0.326,0.5,0.8,0.733,48,46,26,21,13,17,2021-22,Home
2021-10-31,Charlotte Hornets,Portland Trail Blazers,125,113,0.517,0.443,0.476,0.315,0.619,0.909,44,47,36,30,8,12,2021-22,Home
2021-10-31,Dallas Mavericks,Sacramento Kings,105,99,0.444,0.396,0.324,0.194,0.65,0.8,45,56,24,20,9,12,2021-22,Home
2021-10-31,Los Angeles Lakers,Houston Rockets,95,85,0.406,0.421,0.29,0.214,0.615,0.517,43,55,22,18,12,25,2021-22,Home
2021-10-31,Milwaukee Bucks,Utah Jazz,95,107,0.406,0.467,0.293,0.324,0.833,0.926,44,44,16,13,9,12,2021-22,Away
2021-10-31,Brooklyn Nets,Detroit Pistons,117,91,0.653,0.405,0.52,0.364,0.625,0.682,41,29,30,21,19,15,2021-22,Home
2021-11-01,Philadelphia 76ers,Portland Trail Blazers,113,103,0.518,0.476,0.361,0.353,0.875,0.611,34,45,34,21,10,14,2021-22,Home
2021-11-01,Memphis Grizzlies,Denver Nuggets,106,97,0.454,0.443,0.382,0.237,0.714,0.667,55,40,20,27,12,12,2021-22,Home
2021-11-01,New York Knicks,Toronto Raptors,104,113,0.461,0.434,0.421,0.333,0.75,0.929,41,48,20,24,16,8,2021-22,Away
2021-11-01,Boston Celtics,Chicago Bulls,114,128,0.438,0.57,0.455,0.419,0.75,0.944,38,50,20,30,9,14,2021-22,Away
2021-11-01,Charlotte Hornets,Cleveland Cavaliers,110,113,0.416,0.433,0.385,0.321,0.733,0.684,46,49,27,21,17,16,2021-22,Away
2021-11-01,LA Clippers,Oklahoma City Thunder,99,94,0.38,0.389,0.357,0.297,0.737,0.813,51,51,18,17,12,16,2021-22,Home
2021-11-01,Minnesota Timberwolves,Orlando Magic,97,115,0.371,0.451,0.275,0.395,0.579,0.8,47,51,21,21,12,16,2021-22,Away
2021-11-01,Indiana Pacers,San Antonio Spurs,131,118,0.571,0.528,0.474,0.5,0.75,0.714,39,36,37,34,14,16,2021-22,Home
2021-11-01,Atlanta Hawks,Washington Wizards,118,111,0.458,0.477,0.382,0.333,1.0,1.0,47,36,24,27,11,12,2021-22,Home
2021-11-02,Detroit Pistons,Milwaukee Bucks,89,117,0.323,0.5,0.17,0.459,0.7,0.762,43,52,21,28,14,15,2021-22,Away
2021-11-02,Dallas Mavericks,Miami Heat,110,125,0.44,0.518,0.333,0.52,0.71,0.867,41,45,17,25,9,6,2021-22,Away
2021-11-02,Utah Jazz,Sacramento Kings,119,113,0.439,0.452,0.292,0.387,0.704,0.708,59,38,16,24,16,11,2021-22,Home
2021-11-02,Los Angeles Lakers,Houston Rockets,119,117,0.527,0.527,0.24,0.381,0.75,0.417,43,38,26,27,17,24,2021-22,Home
2021-11-02,Phoenix Suns,New Orleans Pelicans,112,100,0.524,0.396,0.346,0.333,0.944,0.938,42,43,32,21,19,17,2021-22,Home
2021-11-03,Indiana Pacers,New York Knicks,111,98,0.462,0.414,0.39,0.208,0.786,0.778,49,46,26,23,11,10,2021-22,Home
2021-11-03,Golden State Warriors,Charlotte Hornets,114,92,0.488,0.374,0.4,0.278,0.667,0.737,53,49,33,18,16,16,2021-22,Home
2021-11-03,San Antonio Spurs,Dallas Mavericks,108,109,0.489,0.43,0.333,0.235,0.75,0.724,40,56,25,21,15,19,2021-22,Away
2021-11-03,Washington Wizards,Toronto Raptors,100,109,0.436,0.466,0.25,0.4,0.8,0.85,44,42,19,17,13,10,2021-22,Away
2021-11-03,Philadelphia 76ers,Chicago Bulls,103,98,0.494,0.463,0.429,0.286,0.714,0.889,35,47,24,19,14,15,2021-22,Home
2021-11-03,Minnesota Timberwolves,LA Clippers,115,126,0.457,0.603,0.35,0.583,0.938,0.917,39,35,27,33,16,20,2021-22,Away
2021-11-03,Sacramento Kings,New Orleans Pelicans,112,99,0.525,0.43,0.333,0.353,0.818,0.867,37,40,27,24,8,16,2021-22,Home
2021-11-03,Memphis Grizzlies,Denver Nuggets,108,106,0.519,0.473,0.471,0.296,0.571,0.923,36,44,28,24,11,11,2021-22,Home
2021-11-03,Cleveland Cavaliers,Portland Trail Blazers,107,104,0.527,0.444,0.5,0.351,0.778,0.647,43,39,29,24,17,9,2021-22,Home
2021-11-03,Orlando Magic,Boston Celtics,79,92,0.321,0.418,0.209,0.27,0.8,0.64,46,50,15,24,14,11,2021-22,Away
2021-11-03,Brooklyn Nets,Atlanta Hawks,117,108,0.489,0.436,0.458,0.371,0.75,0.867,42,52,34,23,14,14,2021-22,Home
2021-11-04,Atlanta Hawks,Utah Jazz,98,116,0.427,0.506,0.25,0.415,0.808,0.739,32,46,18,30,9,14,2021-22,Away
2021-11-04,Phoenix Suns,Houston Rockets,123,111,0.473,0.432,0.452,0.344,0.913,0.857,46,43,29,25,12,18,2021-22,Home
2021-11-04,Miami Heat,Boston Celtics,78,95,0.346,0.397,0.22,0.39,0.684,0.85,45,46,18,16,18,16,2021-22,Away
2021-11-04,Los Angeles Lakers,Oklahoma City Thunder,104,107,0.415,0.425,0.364,0.366,0.824,0.692,49,50,22,23,13,16,2021-22,Away
2021-11-04,Detroit Pistons,Philadelphia 76ers,98,109,0.402,0.494,0.306,0.375,0.895,0.682,41,49,21,22,11,12,2021-22,Away
2021-11-05,Minnesota Timberwolves,LA Clippers,84,104,0.348,0.409,0.327,0.214,0.714,0.813,42,62,17,18,21,17,2021-22,Away
2021-11-05,Detroit Pistons,Brooklyn Nets,90,96,0.379,0.45,0.324,0.407,0.722,0.929,44,45,17,25,13,16,2021-22,Away
2021-11-05,Golden State Warriors,New Orleans Pelicans,126,85,0.516,0.352,0.4,0.25,0.857,0.75,49,42,36,23,11,17,2021-22,Home
2021-11-05,Toronto Raptors,Cleveland Cavaliers,101,102,0.424,0.458,0.444,0.333,0.556,0.842,45,39,20,22,9,17,2021-22,Away
2021-11-05,Orlando Magic,San Antonio Spurs,89,102,0.393,0.444,0.293,0.316,0.7,0.889,43,48,23,23,18,13,2021-22,Away
2021-11-05,Milwaukee Bucks,New York Knicks,98,113,0.402,0.427,0.372,0.25,0.762,0.808,37,59,19,16,15,14,2021-22,Away
2021-11-05,Sacramento Kings,Charlotte Hornets,140,110,0.552,0.467,0.5,0.314,0.846,0.619,56,28,29,29,18,10,2021-22,Home
2021-11-05,Portland Trail Blazers,Indiana Pacers,110,106,0.488,0.489,0.436,0.333,0.867,0.6,42,40,27,28,13,11,2021-22,Home
2021-11-05,Washington Wizards,Memphis Grizzlies,115,87,0.583,0.354,0.4,0.194,0.538,0.765,53,39,34,19,18,9,2021-22,Home
2021-11-06,Portland Trail Blazers,Los Angeles Lakers,105,90,0.379,0.344,0.273,0.281,0.75,0.792,52,59,22,20,11,19,2021-22,Home
2021-11-06,Dallas Mavericks,Boston Celtics,107,104,0.526,0.488,0.333,0.29,0.857,0.688,40,36,19,20,15,11,2021-22,Home
2021-11-06,Phoenix Suns,Atlanta Hawks,121,117,0.511,0.433,0.326,0.394,0.81,0.87,42,50,26,18,12,12,2021-22,Home
2021-11-06,Miami Heat,Utah Jazz,118,115,0.603,0.518,0.524,0.333,0.765,0.737,36,31,30,26,14,6,2021-22,Home
2021-11-06,Chicago Bulls,Philadelphia 76ers,105,114,0.402,0.531,0.241,0.5,0.8,0.789,46,41,20,22,9,14,2021-22,Away
2021-11-06,Denver Nuggets,Houston Rockets,95,94,0.404,0.467,0.225,0.286,0.824,0.667,45,47,19,19,11,16,2021-22,Home
2021-11-07,Golden State Warriors,Houston Rockets,120,107,0.518,0.456,0.326,0.303,0.85,0.676,41,42,31,17,15,21,2021-22,Home
2021-11-07,Sacramento Kings,Indiana Pacers,91,94,0.369,0.446,0.294,0.24,0.864,0.778,33,54,20,13,12,19,2021-22,Away
2021-11-07,Toronto Raptors,Brooklyn Nets,103,116,0.471,0.513,0.233,0.447,0.778,0.85,35,48,23,29,8,15,2021-22,Away
2021-11-07,Oklahoma City Thunder,San Antonio Spurs,99,94,0.372,0.41,0.286,0.2,0.85,0.667,57,46,21,29,13,9,2021-22,Home
2021-11-07,New York Knicks,Cleveland Cavaliers,109,126,0.459,0.544,0.29,0.543,0.917,0.818,32,48,21,31,10,15,2021-22,Away
2021-11-07,Orlando Magic,Utah Jazz,107,100,0.494,0.382,0.375,0.19,0.818,0.828,39,50,24,21,13,17,2021-22,Home
2021-11-07,LA Clippers,Charlotte Hornets,120,106,0.477,0.406,0.375,0.303,0.952,0.778,50,44,24,20,20,13,2021-22,Home
2021-11-07,Washington Wizards,Milwaukee Bucks,101,94,0.506,0.394,0.407,0.278,0.615,0.556,42,49,24,17,19,12,2021-22,Home
2021-11-08,Chicago Bulls,Brooklyn Nets,118,95,0.469,0.395,0.29,0.333,0.85,0.842,56,42,21,19,9,14,2021-22,Home
2021-11-08,Memphis Grizzlies,Minnesota Timberwolves,125,118,0.5,0.423,0.393,0.378,0.846,0.826,51,45,28,23,13,13,2021-22,Home
2021-11-08,Los Angeles Lakers,Charlotte Hornets,126,123,0.484,0.434,0.406,0.333,0.714,0.821,51,55,30,23,15,18,2021-22,Home
2021-11-08,Sacramento Kings,Phoenix Suns,104,109,0.451,0.473,0.417,0.4,0.769,0.818,46,38,18,28,24,14,2021-22,Away
2021-11-08,Philadelphia 76ers,New York Knicks,96,103,0.385,0.44,0.325,0.325,0.813,0.769,47,55,20,25,8,13,2021-22,Away
2021-11-08,Dallas Mavericks,New Orleans Pelicans,108,92,0.506,0.425,0.4,0.265,0.615,0.818,46,39,27,27,12,13,2021-22,Home
2021-11-08,Golden State Warriors,Atlanta Hawks,127,113,0.478,0.463,0.409,0.395,0.955,0.769,39,35,31,21,13,18,2021-22,Home
2021-11-08,Denver Nuggets,Miami Heat,113,96,0.462,0.397,0.293,0.361,0.708,0.84,49,37,28,22,9,13,2021-22,Home
2021-11-09,Utah Jazz,Atlanta Hawks,110,98,0.506,0.435,0.395,0.514,0.813,0.6,44,32,21,22,14,11,2021-22,Home
2021-11-09,LA Clippers,Portland Trail Blazers,117,109,0.518,0.473,0.533,0.378,0.684,0.75,43,43,25,29,8,9,2021-22,Home
2021-11-09,Philadelphia 76ers,Milwaukee Bucks,109,118,0.408,0.463,0.326,0.385,0.917,0.714,46,52,21,21,7,8,2021-22,Away
2021-11-10,Orlando Magic,Brooklyn Nets,90,123,0.38,0.505,0.121,0.432,0.667,0.882,49,49,19,29,17,15,2021-22,Away
2021-11-10,New York Knicks,Milwaukee Bucks,100,112,0.434,0.444,0.432,0.52,0.706,0.667,38,50,19,29,10,14,2021-22,Away
2021-11-10,Denver Nuggets,Indiana Pacers,101,98,0.429,0.476,0.4,0.355,0.85,0.636,39,48,19,22,10,12,2021-22,Home
2021-11-10,Houston Rockets,Detroit Pistons,104,112,0.427,0.433,0.353,0.333,0.647,0.667,42,49,17,23,13,14,2021-22,Away
2021-11-10,Phoenix Suns,Portland Trail Blazers,119,109,0.521,0.484,0.393,0.233,0.833,0.875,39,46,27,24,10,14,2021-22,Home
2021-11-10,Golden State Warriors,Minnesota Timberwolves,123,110,0.471,0.411,0.275,0.386,0.8,0.75,53,40,23,30,16,17,2021-22,Home
2021-11-10,Cleveland Cavaliers,Washington Wizards,94,97,0.461,0.417,0.29,0.357,0.714,1.0,40,49,21,25,14,12,2021-22,Away
2021-11-10,Boston Celtics,Toronto Raptors,104,88,0.447,0.429,0.345,0.24,0.667,0.842,44,41,21,20,15,18,2021-22,Home
2021-11-10,Los Angeles Lakers,Miami Heat,120,117,0.5,0.417,0.474,0.27,0.625,0.771,50,47,26,26,22,14,2021-22,Home
2021-11-10,New Orleans Pelicans,Oklahoma City Thunder,100,108,0.351,0.425,0.257,0.294,0.719,0.8,50,56,24,23,9,18,2021-22,Away
2021-11-10,Memphis Grizzlies,Charlotte Hornets,108,118,0.421,0.456,0.237,0.417,0.6,0.875,57,49,27,32,16,17,2021-22,Away
2021-11-10,Chicago Bulls,Dallas Mavericks,117,107,0.506,0.458,0.484,0.364,0.857,0.792,46,43,26,23,11,12,2021-22,Home
2021-11-10,San Antonio Spurs,Sacramento Kings,136,117,0.533,0.516,0.563,0.278,0.645,0.813,43,44,34,20,8,15,2021-22,Home
2021-11-11,LA Clippers,Miami Heat,112,109,0.473,0.443,0.297,0.22,0.882,0.824,42,50,20,18,12,15,2021-22,Home
2021-11-11,Utah Jazz,Indiana Pacers,100,111,0.47,0.448,0.281,0.355,0.565,0.737,37,53,22,19,12,10,2021-22,Away
2021-11-11,Philadelphia 76ers,Toronto Raptors,109,115,0.455,0.438,0.324,0.424,0.947,1.0,39,47,29,25,12,11,2021-22,Away
2021-11-12,Memphis Grizzlies,Phoenix Suns,94,119,0.378,0.489,0.212,0.486,0.565,1.0,59,46,19,28,15,12,2021-22,Away
2021-11-12,Oklahoma City Thunder,Sacramento Kings,105,103,0.424,0.4,0.333,0.341,0.733,0.765,52,49,13,20,10,13,2021-22,Home
2021-11-12,Houston Rockets,Portland Trail Blazers,92,104,0.4,0.391,0.219,0.306,0.63,0.806,49,52,13,21,13,13,2021-22,Away
2021-11-12,New Orleans Pelicans,Brooklyn Nets,112,120,0.489,0.5,0.406,0.529,0.813,0.741,43,34,26,27,15,12,2021-22,Away
2021-11-12,Los Angeles Lakers,Minnesota Timberwolves,83,107,0.354,0.457,0.22,0.324,0.8,0.75,44,54,17,24,19,16,2021-22,Away
2021-11-12,San Antonio Spurs,Dallas Mavericks,109,123,0.488,0.46,0.433,0.4,0.7,0.684,41,48,30,30,13,5,2021-22,Away
2021-11-12,Golden State Warriors,Chicago Bulls,119,93,0.484,0.436,0.326,0.296,0.875,0.773,47,38,27,18,16,20,2021-22,Home
2021-11-12,Cleveland Cavaliers,Detroit Pistons,98,78,0.476,0.367,0.341,0.3,0.667,0.846,40,43,27,18,19,23,2021-22,Home
2021-11-12,Charlotte Hornets,New York Knicks,104,96,0.433,0.387,0.278,0.371,0.667,0.611,49,51,25,17,12,19,2021-22,Home
2021-11-12,Denver Nuggets,Atlanta Hawks,105,96,0.444,0.409,0.286,0.179,0.75,0.714,49,50,26,20,7,8,2021-22,Home
2021-11-12,Boston Celtics,Milwaukee Bucks,122,113,0.49,0.449,0.293,0.34,0.889,0.818,53,39,22,23,16,11,2021-22,Home
2021-11-13,Orlando Magic,Washington Wizards,92,104,0.337,0.5,0.325,0.343,0.85,0.8,44,48,21,29,13,15,2021-22,Away
2021-11-13,LA Clippers,Minnesota Timberwolves,129,102,0.535,0.392,0.4,0.306,0.778,0.688,57,41,35,25,14,10,2021-22,Home
2021-11-13,Utah Jazz,Miami Heat,105,111,0.412,0.494,0.321,0.394,0.72,0.875,38,48,23,23,16,19,2021-22,Away
2021-11-13,Cleveland Cavaliers,Boston Celtics,91,89,0.383,0.423,0.263,0.261,0.864,0.944,39,47,17,20,11,19,2021-22,Home
2021-11-13,New Orleans Pelicans,Memphis Grizzlies,112,101,0.481,0.432,0.483,0.333,0.88,0.81,37,39,29,21,13,9,2021-22,Home
2021-11-13,Toronto Raptors,Detroit Pistons,121,127,0.506,0.544,0.382,0.429,0.645,0.867,39,34,21,34,13,13,2021-22,Away
2021-11-13,Indiana Pacers,Philadelphia 76ers,118,113,0.573,0.427,0.5,0.522,0.667,0.862,37,46,33,16,15,14,2021-22,Home
2021-11-14,LA Clippers,Chicago Bulls,90,100,0.358,0.442,0.324,0.379,1.0,0.929,44,45,16,19,19,15,2021-22,Away
2021-11-14,Charlotte Hornets,Golden State Warriors,106,102,0.477,0.422,0.389,0.231,0.667,0.68,39,49,23,31,11,15,2021-22,Home
2021-11-14,Los Angeles Lakers,San Antonio Spurs,114,106,0.518,0.444,0.484,0.444,0.765,0.667,46,43,28,28,14,15,2021-22,Home
2021-11-14,Oklahoma City Thunder,Brooklyn Nets,96,120,0.4,0.5,0.311,0.419,0.909,0.952,44,44,20,31,14,13,2021-22,Away
2021-11-14,Houston Rockets,Phoenix Suns,89,115,0.412,0.433,0.219,0.35,0.667,0.85,48,52,19,19,23,10,2021-22,Away
2021-11-14,Denver Nuggets,Portland Trail Blazers,124,95,0.522,0.438,0.475,0.333,0.786,0.923,49,36,29,22,9,12,2021-22,Home
2021-11-14,Atlanta Hawks,Milwaukee Bucks,120,100,0.485,0.452,0.429,0.341,0.846,0.625,51,30,21,24,12,11,2021-22,Home
2021-11-15,Dallas Mavericks,Denver Nuggets,111,101,0.5,0.476,0.389,0.281,0.7,0.706,44,46,30,20,8,11,2021-22,Home
2021-11-15,Washington Wizards,New Orleans Pelicans,105,100,0.464,0.405,0.357,0.524,0.68,0.853,42,45,23,20,5,12,2021-22,Home
2021-11-15,Atlanta Hawks,Orlando Magic,129,111,0.553,0.453,0.467,0.372,0.656,0.643,46,41,32,30,11,16,2021-22,Home
2021-11-15,Minnesota Timberwolves,Phoenix Suns,96,99,0.365,0.376,0.295,0.226,0.778,0.778,54,52,18,21,18,15,2021-22,Away
2021-11-15,Oklahoma City Thunder,Miami Heat,90,103,0.41,0.451,0.366,0.45,0.7,0.846,42,45,26,22,20,17,2021-22,Away
2021-11-15,New York Knicks,Indiana Pacers,92,84,0.43,0.372,0.324,0.216,0.7,0.75,46,44,22,16,10,7,2021-22,Home
2021-11-15,Detroit Pistons,Sacramento Kings,107,129,0.406,0.531,0.277,0.485,0.941,0.818,47,47,23,32,17,13,2021-22,Away
2021-11-15,Portland Trail Blazers,Toronto Raptors,118,113,0.561,0.461,0.444,0.455,0.714,0.889,39,39,25,20,12,11,2021-22,Home
2021-11-15,Cleveland Cavaliers,Boston Celtics,92,98,0.386,0.462,0.4,0.345,0.75,0.8,42,46,18,23,13,14,2021-22,Away
2021-11-15,Memphis Grizzlies,Houston Rockets,136,102,0.542,0.379,0.39,0.289,0.8,0.731,49,46,33,24,10,17,2021-22,Home
2021-11-15,Los Angeles Lakers,Chicago Bulls,103,121,0.456,0.551,0.188,0.441,0.806,0.727,43,36,19,31,17,16,2021-22,Away
2021-11-16,Brooklyn Nets,Golden State Warriors,99,117,0.386,0.519,0.278,0.325,0.778,0.786,38,53,21,25,11,21,2021-22,Away
2021-11-16,Utah Jazz,Philadelphia 76ers,120,85,0.517,0.367,0.421,0.207,0.632,0.765,56,42,27,19,9,8,2021-22,Home
2021-11-16,LA Clippers,San Antonio Spurs,106,92,0.435,0.432,0.316,0.227,0.909,0.714,52,41,16,26,20,16,2021-22,Home
2021-11-17,Oklahoma City Thunder,Houston Rockets,101,89,0.446,0.356,0.256,0.286,0.563,0.684,56,46,18,16,10,14,2021-22,Home
2021-11-17,New York Knicks,Orlando Magic,98,104,0.42,0.406,0.327,0.289,0.667,0.833,45,51,25,20,18,12,2021-22,Away
2021-11-17,Brooklyn Nets,Cleveland Cavaliers,109,99,0.458,0.393,0.375,0.25,0.84,0.857,47,50,29,20,11,13,2021-22,Home
2021-11-17,Charlotte Hornets,Washington Wizards,97,87,0.438,0.367,0.313,0.19,0.5,0.813,59,48,30,23,11,10,2021-22,Home
2021-11-17,Minnesota Timberwolves,Sacramento Kings,107,97,0.5,0.366,0.278,0.263,0.833,0.76,35,47,20,19,17,16,2021-22,Home
2021-11-17,Miami Heat,New Orleans Pelicans,113,98,0.483,0.44,0.375,0.286,0.824,0.786,39,38,29,18,10,16,2021-22,Home
2021-11-17,Portland Trail Blazers,Chicago Bulls,112,107,0.44,0.47,0.355,0.448,0.964,0.8,44,36,26,23,16,15,2021-22,Home
2021-11-17,Milwaukee Bucks,Los Angeles Lakers,109,102,0.46,0.417,0.324,0.279,0.708,0.833,52,48,22,24,15,13,2021-22,Home
2021-11-17,Atlanta Hawks,Boston Celtics,110,99,0.506,0.44,0.351,0.268,0.833,0.824,40,42,28,24,11,14,2021-22,Home
2021-11-17,Phoenix Suns,Dallas Mavericks,105,98,0.441,0.418,0.333,0.5,0.714,1.0,49,49,27,28,7,10,2021-22,Home
2021-11-17,Detroit Pistons,Indiana Pacers,97,89,0.425,0.418,0.286,0.243,0.75,0.737,42,43,16,14,12,18,2021-22,Home
2021-11-18,Minnesota Timberwolves,San Antonio Spurs,115,90,0.477,0.417,0.429,0.188,0.8,0.737,47,42,30,26,12,12,2021-22,Home
2021-11-18,Denver Nuggets,Philadelphia 76ers,89,103,0.36,0.506,0.333,0.379,0.813,0.5,46,45,22,22,10,9,2021-22,Away
2021-11-18,Miami Heat,Washington Wizards,112,97,0.5,0.494,0.385,0.417,0.833,0.6,41,37,27,25,6,17,2021-22,Home
2021-11-18,Cleveland Cavaliers,Golden State Warriors,89,104,0.425,0.494,0.308,0.349,0.563,0.875,42,34,22,36,17,11,2021-22,Away
2021-11-18,Memphis Grizzlies,LA Clippers,120,108,0.542,0.467,0.423,0.41,0.833,1.0,47,34,28,24,11,13,2021-22,Home
2021-11-18,Utah Jazz,Toronto Raptors,119,103,0.55,0.415,0.413,0.263,0.923,0.882,46,35,34,24,23,12,2021-22,Home
2021-11-19,Detroit Pistons,Golden State Warriors,102,105,0.4,0.475,0.333,0.4,0.8,0.81,35,48,21,22,12,18,2021-22,Away
2021-11-19,Phoenix Suns,Dallas Mavericks,112,104,0.518,0.411,0.483,0.3,0.714,0.783,53,40,28,25,17,10,2021-22,Home
2021-11-19,Denver Nuggets,Chicago Bulls,108,114,0.476,0.441,0.378,0.258,0.8,1.0,38,50,24,19,11,11,2021-22,Away
2021-11-19,Charlotte Hornets,Indiana Pacers,121,118,0.543,0.466,0.387,0.306,0.75,0.781,45,38,28,19,17,10,2021-22,Home
2021-11-19,New Orleans Pelicans,LA Clippers,94,81,0.437,0.378,0.433,0.243,0.625,0.8,55,43,19,22,13,11,2021-22,Home
2021-11-19,Sacramento Kings,Toronto Raptors,89,108,0.381,0.452,0.243,0.387,0.64,0.833,40,53,15,20,13,14,2021-22,Away
2021-11-19,Milwaukee Bucks,Oklahoma City Thunder,96,89,0.373,0.352,0.293,0.25,0.846,0.619,53,53,21,17,12,12,2021-22,Home
2021-11-19,Brooklyn Nets,Orlando Magic,115,113,0.451,0.449,0.303,0.368,0.92,0.76,43,45,19,26,11,13,2021-22,Home
2021-11-19,Boston Celtics,Los Angeles Lakers,130,108,0.5,0.464,0.367,0.4,0.816,0.75,51,33,22,20,12,12,2021-22,Home
2021-11-20,Indiana Pacers,New Orleans Pelicans,111,94,0.462,0.398,0.368,0.333,0.722,0.947,46,52,28,17,10,16,2021-22,Home
2021-11-20,Washington Wizards,Miami Heat,103,100,0.486,0.469,0.367,0.259,0.87,0.85,35,37,22,21,19,12,2021-22,Home
2021-11-20,Atlanta Hawks,Charlotte Hornets,115,105,0.524,0.422,0.353,0.25,0.81,0.6,46,51,24,26,12,10,2021-22,Home
2021-11-20,New York Knicks,Houston Rockets,106,99,0.423,0.452,0.439,0.256,0.846,0.591,37,48,25,21,12,22,2021-22,Home
2021-11-20,Milwaukee Bucks,Orlando Magic,117,108,0.451,0.398,0.475,0.373,0.649,0.786,60,39,25,26,14,10,2021-22,Home
2021-11-20,Boston Celtics,Oklahoma City Thunder,111,105,0.466,0.406,0.436,0.429,0.857,0.563,48,54,28,23,7,9,2021-22,Home
2021-11-20,Minnesota Timberwolves,Memphis Grizzlies,138,95,0.538,0.349,0.488,0.281,0.714,0.8,50,33,28,21,13,14,2021-22,Home
2021-11-20,Portland Trail Blazers,Philadelphia 76ers,118,111,0.5,0.506,0.441,0.357,1.0,0.905,38,32,23,24,12,11,2021-22,Home
2021-11-20,Sacramento Kings,Utah Jazz,105,123,0.451,0.505,0.323,0.436,0.619,0.824,35,52,20,20,8,11,2021-22,Away
2021-11-21,Detroit Pistons,Los Angeles Lakers,116,121,0.443,0.489,0.35,0.323,0.762,0.778,39,51,27,29,11,13,2021-22,Away
2021-11-21,Chicago Bulls,New York Knicks,109,103,0.42,0.417,0.379,0.259,0.889,0.839,44,44,21,16,9,13,2021-22,Home
2021-11-21,Golden State Warriors,Toronto Raptors,119,104,0.494,0.394,0.489,0.405,0.792,0.55,47,47,31,25,16,10,2021-22,Home
2021-11-21,LA Clippers,Dallas Mavericks,97,91,0.48,0.41,0.414,0.2,0.722,0.944,42,39,18,21,14,10,2021-22,Home
2021-11-21,Phoenix Suns,Denver Nuggets,126,97,0.529,0.367,0.306,0.289,0.885,0.714,51,42,34,20,11,10,2021-22,Home
2021-11-22,Atlanta Hawks,Oklahoma City Thunder,113,101,0.483,0.402,0.412,0.263,0.938,0.929,44,50,25,24,7,8,2021-22,Home
2021-11-22,New Orleans Pelicans,Minnesota Timberwolves,96,110,0.42,0.4,0.188,0.227,0.889,0.714,48,49,24,21,21,11,2021-22,Away
2021-11-22,Milwaukee Bucks,Orlando Magic,123,92,0.468,0.366,0.4,0.268,0.708,0.722,55,47,28,16,12,15,2021-22,Home
2021-11-22,San Antonio Spurs,Phoenix Suns,111,115,0.527,0.511,0.25,0.444,0.5,0.813,44,44,23,25,15,15,2021-22,Away
2021-11-22,Chicago Bulls,Indiana Pacers,77,109,0.365,0.444,0.214,0.419,0.6,0.889,38,59,13,27,9,11,2021-22,Away
2021-11-22,Sacramento Kings,Philadelphia 76ers,94,102,0.413,0.424,0.226,0.281,0.724,0.778,49,45,17,19,13,7,2021-22,Away
2021-11-22,Cleveland Cavaliers,Brooklyn Nets,112,117,0.387,0.474,0.318,0.314,0.897,0.889,53,42,24,32,12,9,2021-22,Away
2021-11-22,Boston Celtics,Houston Rockets,108,90,0.424,0.373,0.343,0.262,0.947,0.708,58,42,19,19,14,14,2021-22,Home
2021-11-22,Washington Wizards,Charlotte Hornets,103,109,0.383,0.44,0.243,0.484,0.815,0.583,65,36,23,21,18,10,2021-22,Away
2021-11-22,Utah Jazz,Memphis Grizzlies,118,119,0.471,0.442,0.395,0.371,0.76,0.815,46,50,26,24,14,7,2021-22,Away
2021-11-23,Portland Trail Blazers,Denver Nuggets,119,100,0.511,0.487,0.385,0.455,0.7,0.818,43,37,25,26,9,17,2021-22,Home
2021-11-23,LA Clippers,Dallas Mavericks,104,112,0.412,0.438,0.313,0.308,0.828,0.815,47,42,17,22,18,14,2021-22,Away
2021-11-23,New York Knicks,Los Angeles Lakers,106,100,0.451,0.374,0.441,0.306,0.81,0.7,52,50,23,23,14,12,2021-22,Home
2021-11-23,Detroit Pistons,Miami Heat,92,100,0.417,0.461,0.263,0.31,0.857,0.724,35,51,22,22,14,16,2021-22,Away
2021-11-24,Boston Celtics,Brooklyn Nets,104,123,0.374,0.506,0.229,0.4,0.893,0.767,45,50,25,29,11,10,2021-22,Away
2021-11-24,Cleveland Cavaliers,Phoenix Suns,115,120,0.443,0.523,0.308,0.364,0.68,0.786,44,47,22,26,10,15,2021-22,Away
2021-11-24,Minnesota Timberwolves,Miami Heat,113,101,0.409,0.446,0.327,0.357,0.905,0.69,52,40,24,25,16,21,2021-22,Home
2021-11-24,Memphis Grizzlies,Toronto Raptors,113,126,0.512,0.528,0.31,0.467,0.769,0.857,40,34,25,25,14,10,2021-22,Away
2021-11-24,Houston Rockets,Chicago Bulls,118,113,0.5,0.458,0.472,0.429,0.773,0.833,46,40,27,26,21,13,2021-22,Home
2021-11-24,New Orleans Pelicans,Washington Wizards,127,102,0.458,0.429,0.414,0.226,0.844,0.639,52,45,33,23,10,19,2021-22,Home
2021-11-24,Indiana Pacers,Los Angeles Lakers,116,124,0.404,0.442,0.283,0.405,0.792,0.862,52,52,25,20,11,11,2021-22,Away
2021-11-24,Oklahoma City Thunder,Utah Jazz,104,110,0.451,0.453,0.417,0.319,0.682,0.85,43,43,21,19,12,9,2021-22,Away
2021-11-24,Orlando Magic,Charlotte Hornets,99,106,0.409,0.419,0.357,0.3,0.8,0.762,51,49,23,26,14,10,2021-22,Away
2021-11-24,San Antonio Spurs,Atlanta Hawks,106,124,0.43,0.511,0.364,0.462,0.8,0.917,44,44,27,26,12,9,2021-22,Away
2021-11-24,Sacramento Kings,Portland Trail Blazers,125,121,0.523,0.468,0.364,0.316,0.676,0.84,43,43,21,27,14,13,2021-22,Home
2021-11-24,Milwaukee Bucks,Detroit Pistons,114,93,0.483,0.358,0.417,0.244,0.882,0.737,56,44,23,16,15,8,2021-22,Home
2021-11-24,Golden State Warriors,Philadelphia 76ers,116,96,0.525,0.425,0.395,0.286,0.708,0.909,41,41,32,17,16,19,2021-22,Home
2021-11-26,Indiana Pacers,Toronto Raptors,114,97,0.485,0.416,0.282,0.233,0.818,0.727,53,41,31,17,12,10,2021-22,Home
2021-11-26,Orlando Magic,Chicago Bulls,88,123,0.375,0.558,0.219,0.5,0.7,0.625,36,47,18,32,13,13,2021-22,Away
2021-11-26,LA Clippers,Detroit Pistons,107,96,0.429,0.367,0.289,0.242,0.947,0.846,54,52,26,17,14,15,2021-22,Home
2021-11-26,Los Angeles Lakers,Sacramento Kings,137,141,0.5,0.45,0.341,0.311,0.714,0.655,51,56,32,32,19,13,2021-22,Away
2021-11-26,Memphis Grizzlies,Atlanta Hawks,100,132,0.407,0.584,0.316,0.481,0.737,0.714,36,49,27,33,13,12,2021-22,Away
2021-11-26,Oklahoma City Thunder,Washington Wizards,99,101,0.404,0.481,0.333,0.345,0.857,1.0,41,43,23,17,9,15,2021-22,Away
2021-11-26,New York Knicks,Phoenix Suns,97,118,0.37,0.557,0.308,0.464,0.773,0.81,51,35,13,28,15,11,2021-22,Away
2021-11-26,Golden State Warriors,Portland Trail Blazers,118,103,0.54,0.419,0.324,0.342,0.75,0.783,48,37,31,23,15,10,2021-22,Home
2021-11-26,Denver Nuggets,Milwaukee Bucks,109,120,0.435,0.63,0.362,0.485,0.857,0.6,31,44,24,24,8,19,2021-22,Away
2021-11-26,Charlotte Hornets,Minnesota Timberwolves,133,115,0.557,0.45,0.575,0.314,0.8,0.737,44,45,32,24,15,12,2021-22,Home
2021-11-26,Utah Jazz,New Orleans Pelicans,97,98,0.45,0.427,0.394,0.407,0.667,0.846,43,39,17,27,17,13,2021-22,Away
2021-11-26,San Antonio Spurs,Boston Celtics,96,88,0.437,0.37,0.25,0.294,0.737,0.667,53,51,21,20,10,10,2021-22,Home
2021-11-27,Houston Rockets,Charlotte Hornets,146,143,0.537,0.466,0.469,0.4,0.677,0.9,41,39,36,31,13,11,2021-22,Home
2021-11-27,Utah Jazz,New Orleans Pelicans,127,105,0.563,0.43,0.571,0.229,0.773,0.81,41,45,24,27,18,13,2021-22,Home
2021-11-27,Dallas Mavericks,Washington Wizards,114,120,0.472,0.577,0.368,0.375,0.727,0.808,35,43,23,28,7,14,2021-22,Away
2021-11-27,Brooklyn Nets,Phoenix Suns,107,113,0.5,0.446,0.304,0.342,0.762,0.857,47,41,25,17,20,12,2021-22,Away
2021-11-27,Atlanta Hawks,New York Knicks,90,99,0.355,0.439,0.243,0.379,0.75,0.727,52,50,18,20,6,10,2021-22,Away
2021-11-27,Philadelphia 76ers,Minnesota Timberwolves,120,121,0.419,0.5,0.353,0.389,0.769,0.688,44,54,27,22,16,21,2021-22,Away
2021-11-27,Chicago Bulls,Miami Heat,104,107,0.469,0.43,0.282,0.35,0.81,0.864,47,36,22,23,22,10,2021-22,Away
2021-11-27,Cleveland Cavaliers,Orlando Magic,105,92,0.456,0.398,0.359,0.25,0.75,0.609,51,43,28,21,13,8,2021-22,Home
2021-11-28,LA Clippers,Golden State Warriors,90,105,0.4,0.442,0.321,0.425,0.68,0.545,47,43,18,25,24,16,2021-22,Away
2021-11-28,Memphis Grizzlies,Sacramento Kings,128,101,0.481,0.34,0.333,0.214,0.75,0.703,68,49,30,17,9,8,2021-22,Home
2021-11-28,Los Angeles Lakers,Detroit Pistons,110,106,0.5,0.427,0.281,0.394,0.6,0.895,42,53,32,29,12,17,2021-22,Home
2021-11-28,Indiana Pacers,Milwaukee Bucks,100,118,0.413,0.511,0.267,0.229,0.75,0.818,45,52,21,27,13,13,2021-22,Away
2021-11-28,Toronto Raptors,Boston Celtics,97,109,0.376,0.415,0.31,0.353,0.875,0.935,44,53,19,24,10,17,2021-22,Away
2021-11-29,San Antonio Spurs,Washington Wizards,116,99,0.533,0.446,0.444,0.29,0.625,0.615,51,40,28,26,10,6,2021-22,Home
2021-11-29,Utah Jazz,Portland Trail Blazers,129,107,0.528,0.462,0.413,0.355,0.696,0.706,43,42,30,19,5,8,2021-22,Home
2021-11-29,Minnesota Timberwolves,Indiana Pacers,100,98,0.439,0.396,0.257,0.243,0.731,0.81,47,47,25,27,13,13,2021-22,Home
2021-11-29,Philadelphia 76ers,Orlando Magic,101,96,0.402,0.411,0.303,0.242,0.722,0.778,55,55,24,20,10,12,2021-22,Home
2021-11-29,Dallas Mavericks,Cleveland Cavaliers,96,114,0.438,0.563,0.308,0.526,0.4,0.778,33,48,20,29,10,19,2021-22,Away
2021-11-29,Houston Rockets,Oklahoma City Thunder,102,89,0.417,0.356,0.326,0.163,0.636,0.769,60,45,31,16,13,12,2021-22,Home
2021-11-29,Miami Heat,Denver Nuggets,111,120,0.473,0.581,0.341,0.514,0.667,0.762,39,35,32,32,9,13,2021-22,Away
2021-11-29,LA Clippers,New Orleans Pelicans,104,123,0.514,0.511,0.389,0.4,0.762,0.813,35,47,17,30,15,7,2021-22,Away
2021-11-29,Chicago Bulls,Charlotte Hornets,133,119,0.596,0.477,0.467,0.462,0.684,0.81,41,34,35,23,10,9,2021-22,Home
2021-11-30,Toronto Raptors,Memphis Grizzlies,91,98,0.396,0.387,0.256,0.294,0.75,0.842,44,54,14,18,18,17,2021-22,Away
2021-11-30,Brooklyn Nets,New York Knicks,112,110,0.482,0.484,0.286,0.344,0.88,0.917,38,42,27,27,9,10,2021-22,Home
2021-11-30,Portland Trail Blazers,Detroit Pistons,110,92,0.427,0.382,0.333,0.257,0.778,0.833,43,45,24,17,10,18,2021-22,Home
2021-11-30,Phoenix Suns,Golden State Warriors,104,96,0.494,0.419,0.4,0.35,0.545,0.714,35,51,28,25,12,22,2021-22,Home
2021-11-30,Sacramento Kings,Los Angeles Lakers,92,117,0.443,0.5,0.207,0.393,0.727,0.7,40,47,22,21,19,14,2021-22,Away
2021-12-01,Washington Wizards,Minnesota Timberwolves,115,107,0.495,0.42,0.313,0.297,0.714,0.846,52,39,34,15,13,12,2021-22,Home
2021-12-01,New Orleans Pelicans,Dallas Mavericks,107,139,0.449,0.687,0.351,0.529,0.875,0.778,32,34,22,32,13,18,2021-22,Away
2021-12-01,Indiana Pacers,Atlanta Hawks,111,114,0.489,0.512,0.303,0.485,0.813,0.833,40,41,23,24,10,13,2021-22,Away
2021-12-01,LA Clippers,Sacramento Kings,115,124,0.47,0.523,0.29,0.395,0.75,0.85,49,38,35,28,11,11,2021-22,Away
2021-12-01,Boston Celtics,Philadelphia 76ers,88,87,0.418,0.371,0.393,0.258,0.733,0.765,46,46,18,20,13,7,2021-22,Home
2021-12-01,Oklahoma City Thunder,Houston Rockets,110,114,0.471,0.506,0.25,0.405,0.759,0.864,35,40,16,25,13,18,2021-22,Away
2021-12-01,Orlando Magic,Denver Nuggets,108,103,0.543,0.488,0.222,0.294,0.737,0.714,39,35,26,22,12,14,2021-22,Home
2021-12-01,Milwaukee Bucks,Charlotte Hornets,127,125,0.489,0.494,0.389,0.412,0.808,0.857,45,36,29,30,13,16,2021-22,Home
2021-12-01,Miami Heat,Cleveland Cavaliers,85,111,0.376,0.544,0.324,0.516,0.692,0.913,28,46,21,27,11,20,2021-22,Away
2021-12-02,Portland Trail Blazers,San Antonio Spurs,83,114,0.354,0.484,0.353,0.389,0.765,0.75,41,48,19,32,18,12,2021-22,Away
2021-12-02,New York Knicks,Chicago Bulls,115,119,0.512,0.494,0.346,0.379,0.815,0.952,39,39,19,24,18,15,2021-22,Away
2021-12-02,Phoenix Suns,Detroit Pistons,114,103,0.544,0.45,0.571,0.407,0.696,0.769,44,36,23,20,14,12,2021-22,Home
2021-12-02,Memphis Grizzlies,Oklahoma City Thunder,152,79,0.625,0.329,0.528,0.289,0.722,0.818,53,26,41,14,10,19,2021-22,Home
2021-12-02,Toronto Raptors,Milwaukee Bucks,97,93,0.42,0.376,0.35,0.355,0.643,0.72,47,47,23,16,13,13,2021-22,Home
2021-12-03,Los Angeles Lakers,LA Clippers,115,119,0.5,0.506,0.364,0.457,0.619,0.875,43,34,28,28,11,9,2021-22,Away
2021-12-03,Indiana Pacers,Miami Heat,104,113,0.438,0.531,0.25,0.471,0.758,0.846,39,38,20,24,12,13,2021-22,Away
2021-12-03,Brooklyn Nets,Minnesota Timberwolves,110,105,0.474,0.387,0.261,0.31,0.78,0.833,41,44,26,22,17,15,2021-22,Home
2021-12-03,Golden State Warriors,Phoenix Suns,118,96,0.489,0.383,0.487,0.364,0.75,0.743,51,38,30,23,17,14,2021-22,Home
2021-12-03,Dallas Mavericks,New Orleans Pelicans,91,107,0.405,0.411,0.294,0.4,0.654,0.75,42,55,17,30,15,10,2021-22,Away
2021-12-03,Utah Jazz,Boston Celtics,137,130,0.556,0.516,0.529,0.359,0.87,1.0,44,30,26,23,19,6,2021-22,Home
2021-12-03,Atlanta Hawks,Philadelphia 76ers,96,98,0.408,0.469,0.357,0.409,0.8,0.765,47,40,20,22,14,11,2021-22,Away
2021-12-03,Houston Rockets,Orlando Magic,118,116,0.478,0.488,0.362,0.351,0.867,0.905,35,45,33,24,10,18,2021-22,Home
2021-12-03,Washington Wizards,Cleveland Cavaliers,101,116,0.463,0.472,0.323,0.433,0.789,0.76,33,54,21,30,8,14,2021-22,Away
2021-12-04,New York Knicks,Denver Nuggets,99,113,0.398,0.524,0.3,0.465,0.81,1.0,40,42,23,30,11,13,2021-22,Away
2021-12-04,Golden State Warriors,San Antonio Spurs,107,112,0.444,0.477,0.333,0.343,0.667,0.842,45,45,26,24,12,12,2021-22,Away
2021-12-04,Brooklyn Nets,Chicago Bulls,107,111,0.414,0.477,0.32,0.323,0.778,0.704,55,47,28,22,5,9,2021-22,Away
2021-12-04,Sacramento Kings,LA Clippers,104,99,0.419,0.382,0.353,0.382,0.8,0.667,51,47,19,23,15,17,2021-22,Home
2021-12-04,Milwaukee Bucks,Miami Heat,124,102,0.449,0.405,0.36,0.395,0.9,0.708,57,39,32,29,14,14,2021-22,Home
2021-12-04,Dallas Mavericks,Memphis Grizzlies,90,97,0.337,0.487,0.349,0.346,0.684,0.583,42,52,19,20,13,22,2021-22,Away
2021-12-04,Portland Trail Blazers,Boston Celtics,117,145,0.472,0.563,0.276,0.568,0.781,0.897,32,46,22,26,9,11,2021-22,Away
2021-12-05,Toronto Raptors,Washington Wizards,102,90,0.447,0.411,0.348,0.32,0.75,0.759,47,43,22,20,8,10,2021-22,Home
2021-12-05,Houston Rockets,New Orleans Pelicans,118,108,0.494,0.426,0.425,0.263,0.793,0.72,40,50,24,19,14,7,2021-22,Home
2021-12-05,Cleveland Cavaliers,Utah Jazz,108,109,0.462,0.444,0.368,0.417,0.769,0.9,45,46,20,24,13,17,2021-22,Away
2021-12-05,Atlanta Hawks,Charlotte Hornets,127,130,0.516,0.535,0.459,0.459,0.778,0.75,45,39,29,21,10,6,2021-22,Away
2021-12-06,Detroit Pistons,Oklahoma City Thunder,103,114,0.414,0.5,0.39,0.36,0.833,0.767,52,40,21,22,16,11,2021-22,Away
2021-12-06,Minnesota Timberwolves,Atlanta Hawks,110,121,0.398,0.444,0.425,0.51,0.789,0.842,50,49,22,31,8,10,2021-22,Away
2021-12-06,Miami Heat,Memphis Grizzlies,90,105,0.461,0.427,0.273,0.394,0.824,0.762,36,47,26,26,23,19,2021-22,Away
2021-12-06,Indiana Pacers,Washington Wizards,116,110,0.524,0.531,0.391,0.467,0.955,0.81,40,30,25,25,15,12,2021-22,Home
2021-12-06,Portland Trail Blazers,LA Clippers,90,102,0.443,0.446,0.227,0.306,0.75,0.643,45,37,16,18,18,13,2021-22,Away
2021-12-06,Chicago Bulls,Denver Nuggets,109,97,0.451,0.396,0.371,0.344,0.7,0.667,55,50,25,30,11,9,2021-22,Home
2021-12-06,Phoenix Suns,San Antonio Spurs,108,104,0.457,0.43,0.345,0.379,0.667,0.684,49,41,27,31,17,15,2021-22,Home
2021-12-06,Golden State Warriors,Orlando Magic,126,95,0.494,0.434,0.5,0.289,0.69,0.818,43,38,28,18,15,22,2021-22,Home
2021-12-06,Charlotte Hornets,Philadelphia 76ers,124,127,0.449,0.529,0.348,0.417,0.706,0.741,42,49,31,28,8,15,2021-22,Away
2021-12-06,Milwaukee Bucks,Cleveland Cavaliers,112,104,0.465,0.389,0.406,0.326,0.792,0.95,53,39,21,27,16,9,2021-22,Home
2021-12-07,San Antonio Spurs,New York Knicks,109,121,0.446,0.473,0.387,0.474,0.75,0.895,43,52,30,22,10,10,2021-22,Away
2021-12-07,Los Angeles Lakers,Boston Celtics,117,102,0.516,0.439,0.296,0.303,0.765,0.69,51,34,25,27,14,13,2021-22,Home
2021-12-07,Dallas Mavericks,Brooklyn Nets,99,102,0.4,0.506,0.196,0.308,0.818,0.769,39,50,21,28,4,12,2021-22,Away
2021-12-08,Golden State Warriors,Portland Trail Blazers,104,94,0.398,0.413,0.304,0.267,0.774,0.714,47,42,22,24,15,16,2021-22,Home
2021-12-08,Toronto Raptors,Oklahoma City Thunder,109,110,0.452,0.452,0.366,0.425,0.667,0.85,46,40,27,28,13,13,2021-22,Away
2021-12-08,LA Clippers,Boston Celtics,114,111,0.471,0.477,0.438,0.313,0.909,0.905,38,47,20,26,20,22,2021-22,Home
2021-12-08,Houston Rockets,Brooklyn Nets,114,104,0.494,0.393,0.341,0.242,0.69,0.839,38,44,23,18,13,13,2021-22,Home
2021-12-08,Minnesota Timberwolves,Utah Jazz,104,136,0.4,0.568,0.362,0.463,0.647,0.733,37,48,19,26,15,13,2021-22,Away
2021-12-08,Detroit Pistons,Washington Wizards,116,119,0.468,0.477,0.542,0.375,0.829,0.821,37,45,22,27,15,17,2021-22,Away
2021-12-08,Charlotte Hornets,Philadelphia 76ers,106,110,0.488,0.48,0.345,0.382,0.857,0.833,35,36,22,23,18,15,2021-22,Away
2021-12-08,Sacramento Kings,Orlando Magic,142,130,0.546,0.495,0.441,0.471,0.84,0.783,43,43,24,29,8,12,2021-22,Home
2021-12-08,Memphis Grizzlies,Dallas Mavericks,96,104,0.4,0.481,0.29,0.364,0.6,0.783,40,47,23,24,13,18,2021-22,Away
2021-12-08,Miami Heat,Milwaukee Bucks,113,104,0.519,0.424,0.468,0.308,0.917,0.741,42,41,32,18,20,18,2021-22,Home
2021-12-08,New Orleans Pelicans,Denver Nuggets,114,120,0.522,0.511,0.367,0.281,0.75,0.778,46,33,32,28,22,11,2021-22,Away
2021-12-08,Indiana Pacers,New York Knicks,122,102,0.535,0.419,0.37,0.3,0.8,0.913,42,36,27,17,9,13,2021-22,Home
2021-12-08,Cleveland Cavaliers,Chicago Bulls,115,92,0.55,0.417,0.464,0.269,0.875,0.714,42,37,28,21,14,17,2021-22,Home
2021-12-09,Philadelphia 76ers,Utah Jazz,96,118,0.432,0.473,0.182,0.375,0.933,0.708,34,52,17,22,9,11,2021-22,Away
2021-12-09,San Antonio Spurs,Denver Nuggets,123,111,0.523,0.447,0.429,0.385,0.727,0.923,54,33,32,29,13,8,2021-22,Home
2021-12-09,Memphis Grizzlies,Los Angeles Lakers,108,95,0.436,0.462,0.333,0.4,0.667,0.647,47,45,28,26,11,22,2021-22,Home
2021-12-10,Minnesota Timberwolves,Cleveland Cavaliers,106,123,0.391,0.541,0.282,0.394,0.821,0.818,40,47,24,34,14,15,2021-22,Away
2021-12-10,Atlanta Hawks,Brooklyn Nets,105,113,0.394,0.495,0.324,0.261,0.833,0.938,49,41,21,26,14,13,2021-22,Away
2021-12-10,Houston Rockets,Milwaukee Bucks,114,123,0.472,0.506,0.413,0.385,0.55,0.75,40,48,30,19,16,15,2021-22,Away
2021-12-10,Oklahoma City Thunder,Los Angeles Lakers,95,116,0.396,0.471,0.227,0.452,0.643,0.75,51,47,21,23,15,16,2021-22,Away
2021-12-10,Indiana Pacers,Dallas Mavericks,106,93,0.471,0.464,0.361,0.138,0.917,0.917,44,37,28,18,11,12,2021-22,Home
2021-12-10,New Orleans Pelicans,Detroit Pistons,109,93,0.432,0.389,0.351,0.324,0.875,0.917,60,38,29,22,14,12,2021-22,Home
2021-12-10,Charlotte Hornets,Sacramento Kings,124,123,0.552,0.475,0.4,0.341,0.7,0.765,39,48,29,22,15,14,2021-22,Home
2021-12-10,Toronto Raptors,New York Knicks,90,87,0.345,0.358,0.343,0.265,0.783,0.833,48,55,21,18,8,13,2021-22,Home
2021-12-10,Phoenix Suns,Boston Celtics,111,90,0.448,0.376,0.368,0.154,1.0,0.667,53,46,25,13,12,13,2021-22,Home
2021-12-11,Miami Heat,Chicago Bulls,118,92,0.495,0.373,0.442,0.425,0.778,0.65,50,34,37,22,8,14,2021-22,Home
2021-12-11,Cleveland Cavaliers,Sacramento Kings,117,103,0.466,0.441,0.387,0.25,0.821,0.636,47,48,27,19,14,17,2021-22,Home
2021-12-11,LA Clippers,Orlando Magic,106,104,0.457,0.438,0.5,0.364,0.667,0.917,45,45,27,21,7,11,2021-22,Home
2021-12-11,Washington Wizards,Utah Jazz,98,123,0.461,0.516,0.32,0.333,0.571,0.824,39,49,17,28,12,8,2021-22,Away
2021-12-11,San Antonio Spurs,Denver Nuggets,112,127,0.461,0.505,0.37,0.465,0.69,0.929,45,41,28,33,17,11,2021-22,Away
2021-12-11,Memphis Grizzlies,Houston Rockets,113,106,0.5,0.494,0.379,0.333,0.611,0.655,38,40,22,25,11,16,2021-22,Home
2021-12-11,Philadelphia 76ers,Golden State Warriors,102,93,0.461,0.4,0.333,0.25,0.885,0.722,44,42,19,21,11,13,2021-22,Home
2021-12-12,New York Knicks,Milwaukee Bucks,97,112,0.427,0.477,0.347,0.341,0.769,0.824,37,46,27,27,16,15,2021-22,Away
2021-12-12,Oklahoma City Thunder,Dallas Mavericks,84,103,0.375,0.422,0.351,0.273,0.688,0.783,39,54,19,25,11,6,2021-22,Away
2021-12-12,Portland Trail Blazers,Minnesota Timberwolves,111,116,0.457,0.447,0.375,0.389,0.679,0.813,45,42,25,23,19,17,2021-22,Away
2021-12-12,Detroit Pistons,Brooklyn Nets,104,116,0.424,0.471,0.378,0.393,0.667,0.92,40,43,24,28,19,17,2021-22,Away
2021-12-12,San Antonio Spurs,New Orleans Pelicans,112,97,0.495,0.426,0.28,0.276,0.75,0.6,55,42,31,24,13,14,2021-22,Home
2021-12-12,Los Angeles Lakers,Orlando Magic,106,94,0.488,0.375,0.464,0.342,0.647,0.789,44,47,24,17,13,18,2021-22,Home
2021-12-13,Atlanta Hawks,Houston Rockets,126,132,0.494,0.479,0.385,0.413,0.871,0.778,40,45,20,27,12,11,2021-22,Away
2021-12-13,Memphis Grizzlies,Philadelphia 76ers,126,91,0.528,0.446,0.412,0.182,0.783,0.684,50,38,29,22,9,15,2021-22,Home
2021-12-13,Cleveland Cavaliers,Miami Heat,105,94,0.444,0.447,0.444,0.325,0.944,0.556,42,39,24,26,12,14,2021-22,Home
2021-12-13,LA Clippers,Phoenix Suns,111,95,0.551,0.375,0.429,0.241,0.696,0.842,45,41,24,22,16,10,2021-22,Home
2021-12-13,Indiana Pacers,Golden State Warriors,100,102,0.402,0.5,0.233,0.267,0.742,0.714,42,47,16,21,10,17,2021-22,Away
2021-12-13,Toronto Raptors,Sacramento Kings,124,101,0.541,0.404,0.355,0.324,0.7,0.667,46,53,28,21,8,17,2021-22,Home
2021-12-13,Boston Celtics,Milwaukee Bucks,117,103,0.5,0.444,0.426,0.306,0.846,0.8,40,45,31,22,11,13,2021-22,Home
2021-12-13,Dallas Mavericks,Charlotte Hornets,120,96,0.518,0.395,0.463,0.351,0.882,0.625,50,38,28,22,9,8,2021-22,Home
2021-12-13,Denver Nuggets,Washington Wizards,113,107,0.468,0.456,0.313,0.353,0.879,0.619,49,41,26,25,13,10,2021-22,Home
2021-12-14,Portland Trail Blazers,Phoenix Suns,107,111,0.417,0.473,0.317,0.355,0.636,0.8,48,49,23,30,13,14,2021-22,Away
2021-12-14,New York Knicks,Golden State Warriors,96,105,0.361,0.455,0.381,0.375,0.909,0.741,35,49,18,28,8,12,2021-22,Away
2021-12-14,Brooklyn Nets,Toronto Raptors,131,129,0.485,0.457,0.359,0.346,0.739,0.789,60,41,28,26,16,12,2021-22,Home
2021-12-15,Orlando Magic,Atlanta Hawks,99,111,0.389,0.494,0.286,0.355,0.905,1.0,46,40,25,25,16,13,2021-22,Away
2021-12-15,Dallas Mavericks,Los Angeles Lakers,104,107,0.398,0.433,0.273,0.385,0.824,0.778,51,46,22,24,11,14,2021-22,Away
2021-12-15,Denver Nuggets,Minnesota Timberwolves,107,124,0.452,0.511,0.359,0.479,0.739,0.688,42,39,33,24,17,11,2021-22,Away
2021-12-15,Portland Trail Blazers,Memphis Grizzlies,103,113,0.378,0.476,0.395,0.344,0.929,0.8,38,53,18,22,13,15,2021-22,Away
2021-12-15,Oklahoma City Thunder,New Orleans Pelicans,110,113,0.419,0.488,0.371,0.393,1.0,0.667,42,49,22,23,8,11,2021-22,Away
2021-12-15,Cleveland Cavaliers,Houston Rockets,124,89,0.563,0.385,0.45,0.172,0.667,0.686,44,41,26,20,15,16,2021-22,Home
2021-12-15,Utah Jazz,LA Clippers,124,103,0.528,0.471,0.405,0.333,0.75,0.65,44,42,26,24,9,16,2021-22,Home
2021-12-15,Sacramento Kings,Washington Wizards,119,105,0.549,0.472,0.308,0.208,0.724,0.762,39,39,25,20,11,10,2021-22,Home
2021-12-15,San Antonio Spurs,Charlotte Hornets,115,131,0.433,0.593,0.324,0.529,1.0,0.688,38,48,27,34,8,11,2021-22,Away
2021-12-15,Philadelphia 76ers,Miami Heat,96,101,0.443,0.449,0.324,0.409,0.824,0.765,35,44,26,25,11,16,2021-22,Away
2021-12-15,Milwaukee Bucks,Indiana Pacers,114,99,0.489,0.47,0.483,0.289,0.8,0.909,38,45,25,24,8,18,2021-22,Home
2021-12-16,Houston Rockets,New York Knicks,103,116,0.5,0.47,0.344,0.472,0.8,0.84,29,40,29,25,17,11,2021-22,Away
2021-12-16,Phoenix Suns,Washington Wizards,118,98,0.532,0.488,0.31,0.286,0.962,0.632,47,32,25,22,19,16,2021-22,Home
2021-12-16,Brooklyn Nets,Philadelphia 76ers,114,105,0.494,0.438,0.478,0.294,0.938,0.85,48,38,21,19,14,9,2021-22,Home
2021-12-16,Indiana Pacers,Detroit Pistons,122,113,0.495,0.494,0.219,0.28,0.893,0.867,41,37,26,20,8,12,2021-22,Home
2021-12-17,Portland Trail Blazers,Charlotte Hornets,125,116,0.518,0.478,0.447,0.351,0.889,0.833,41,38,27,29,15,13,2021-22,Home
2021-12-17,Utah Jazz,San Antonio Spurs,126,128,0.495,0.5,0.351,0.366,0.808,0.722,50,43,26,27,12,7,2021-22,Away
2021-12-17,Atlanta Hawks,Denver Nuggets,115,133,0.466,0.581,0.292,0.447,0.765,0.889,37,38,22,35,15,14,2021-22,Away
2021-12-17,Boston Celtics,Golden State Warriors,107,111,0.439,0.433,0.366,0.348,0.69,0.81,45,45,20,27,16,12,2021-22,Away
2021-12-17,Minnesota Timberwolves,Los Angeles Lakers,110,92,0.418,0.385,0.273,0.279,0.667,0.69,61,36,23,26,15,18,2021-22,Home
2021-12-17,New Orleans Pelicans,Milwaukee Bucks,116,112,0.472,0.433,0.351,0.298,0.633,0.8,57,44,34,16,20,13,2021-22,Home
2021-12-17,Sacramento Kings,Memphis Grizzlies,105,124,0.409,0.464,0.371,0.542,0.769,0.778,45,50,21,25,18,11,2021-22,Away
2021-12-17,Orlando Magic,Miami Heat,105,115,0.483,0.5,0.344,0.543,0.8,0.737,36,46,23,25,11,15,2021-22,Away
2021-12-18,Brooklyn Nets,Orlando Magic,93,100,0.382,0.415,0.196,0.323,0.75,0.923,51,50,24,20,15,16,2021-22,Away
2021-12-18,Utah Jazz,Washington Wizards,103,109,0.432,0.447,0.318,0.29,0.633,0.8,46,47,17,27,15,9,2021-22,Away
2021-12-18,Detroit Pistons,Houston Rockets,107,116,0.462,0.495,0.278,0.368,0.688,0.588,42,47,29,27,20,19,2021-22,Away
2021-12-18,Toronto Raptors,Golden State Warriors,119,100,0.5,0.468,0.368,0.306,0.652,0.714,41,47,26,26,10,20,2021-22,Home
2021-12-18,Boston Celtics,New York Knicks,114,107,0.472,0.438,0.378,0.361,0.765,0.8,45,42,23,18,12,14,2021-22,Home
2021-12-18,Oklahoma City Thunder,LA Clippers,104,103,0.467,0.446,0.387,0.41,0.6,0.684,55,39,23,26,15,12,2021-22,Home
2021-12-18,Milwaukee Bucks,Cleveland Cavaliers,90,119,0.393,0.5,0.316,0.356,0.727,0.929,44,46,18,36,17,13,2021-22,Away
2021-12-19,Minnesota Timberwolves,Dallas Mavericks,111,105,0.468,0.439,0.441,0.293,0.774,0.955,37,41,26,27,9,10,2021-22,Home
2021-12-19,Detroit Pistons,Miami Heat,100,90,0.467,0.378,0.25,0.302,0.733,0.636,47,39,24,23,13,13,2021-22,Home
2021-12-19,Chicago Bulls,Los Angeles Lakers,115,110,0.43,0.512,0.333,0.353,0.806,0.636,43,46,20,25,10,19,2021-22,Home
2021-12-19,Sacramento Kings,San Antonio Spurs,121,114,0.505,0.495,0.56,0.48,0.833,0.923,40,44,23,24,11,14,2021-22,Home
2021-12-19,Memphis Grizzlies,Portland Trail Blazers,100,105,0.385,0.473,0.265,0.344,0.84,0.857,33,51,22,17,8,20,2021-22,Away
2021-12-19,Phoenix Suns,Charlotte Hornets,137,106,0.568,0.36,0.488,0.222,0.692,0.857,57,43,35,26,17,9,2021-22,Home
2021-12-20,Golden State Warriors,Sacramento Kings,113,98,0.523,0.446,0.405,0.406,0.667,0.688,42,37,28,23,16,19,2021-22,Home
2021-12-20,Boston Celtics,Philadelphia 76ers,103,108,0.463,0.5,0.259,0.4,0.8,0.839,42,34,16,20,18,15,2021-22,Away
2021-12-20,Chicago Bulls,Houston Rockets,133,118,0.534,0.564,0.457,0.364,0.958,0.75,34,35,33,27,8,14,2021-22,Home
2021-12-20,Utah Jazz,Charlotte Hornets,112,102,0.354,0.386,0.302,0.349,0.757,1.0,68,51,21,27,17,13,2021-22,Home
2021-12-20,Memphis Grizzlies,Oklahoma City Thunder,99,102,0.386,0.429,0.344,0.289,0.769,0.679,51,47,24,24,12,14,2021-22,Away
2021-12-20,LA Clippers,San Antonio Spurs,92,116,0.391,0.439,0.281,0.324,0.75,0.667,43,66,18,37,14,11,2021-22,Away
2021-12-21,Miami Heat,Indiana Pacers,125,96,0.495,0.356,0.449,0.355,0.818,0.821,53,42,30,22,11,11,2021-22,Home
2021-12-21,Los Angeles Lakers,Phoenix Suns,90,108,0.391,0.441,0.2,0.293,0.652,0.933,47,53,14,29,14,16,2021-22,Away
2021-12-21,Dallas Mavericks,Minnesota Timberwolves,114,102,0.488,0.456,0.324,0.325,0.826,0.85,44,39,30,26,10,17,2021-22,Home
2021-12-21,New Orleans Pelicans,Portland Trail Blazers,111,97,0.525,0.449,0.364,0.382,0.833,0.737,44,31,27,18,15,10,2021-22,Home
2021-12-21,New York Knicks,Detroit Pistons,105,91,0.444,0.362,0.333,0.242,0.737,0.789,52,48,22,22,12,12,2021-22,Home
2021-12-22,Sacramento Kings,LA Clippers,89,105,0.4,0.512,0.316,0.292,0.75,0.875,40,43,24,26,16,12,2021-22,Away
2021-12-22,Oklahoma City Thunder,Denver Nuggets,108,94,0.447,0.393,0.235,0.295,0.842,0.577,60,39,22,21,11,11,2021-22,Home
2021-12-22,Milwaukee Bucks,Houston Rockets,126,106,0.437,0.419,0.37,0.289,0.905,0.677,48,52,25,23,5,15,2021-22,Home
2021-12-22,Boston Celtics,Cleveland Cavaliers,111,101,0.467,0.391,0.367,0.237,0.778,0.833,48,53,24,17,13,15,2021-22,Home
2021-12-22,Atlanta Hawks,Orlando Magic,98,104,0.4,0.447,0.387,0.297,0.759,0.739,49,40,21,27,14,10,2021-22,Away
2021-12-23,Philadelphia 76ers,Atlanta Hawks,96,98,0.413,0.451,0.222,0.292,0.923,0.895,38,46,20,20,8,10,2021-22,Away
2021-12-23,Phoenix Suns,Oklahoma City Thunder,113,101,0.484,0.385,0.385,0.268,0.615,0.762,52,44,26,17,13,12,2021-22,Home
2021-12-23,Indiana Pacers,Houston Rockets,118,106,0.523,0.438,0.342,0.405,0.684,0.808,47,28,27,16,13,12,2021-22,Home
2021-12-23,Los Angeles Lakers,San Antonio Spurs,110,138,0.468,0.484,0.185,0.462,0.567,0.848,48,50,21,33,14,6,2021-22,Away
2021-12-23,Dallas Mavericks,Milwaukee Bucks,95,102,0.407,0.451,0.267,0.278,0.765,0.818,43,47,25,26,11,12,2021-22,Away
2021-12-23,Orlando Magic,New Orleans Pelicans,104,110,0.432,0.43,0.281,0.433,0.905,0.885,44,46,19,21,8,10,2021-22,Away
2021-12-23,New York Knicks,Washington Wizards,117,124,0.452,0.56,0.31,0.432,0.87,0.75,44,38,17,30,7,11,2021-22,Away
2021-12-23,Denver Nuggets,Charlotte Hornets,107,115,0.417,0.415,0.35,0.34,0.765,0.875,54,50,23,28,15,11,2021-22,Away
2021-12-23,Miami Heat,Detroit Pistons,115,112,0.489,0.45,0.375,0.45,0.895,0.88,43,43,23,23,13,16,2021-22,Home
2021-12-23,Golden State Warriors,Memphis Grizzlies,113,104,0.488,0.422,0.475,0.308,0.778,0.833,39,42,30,18,18,13,2021-22,Home
2021-12-23,Utah Jazz,Minnesota Timberwolves,128,116,0.533,0.446,0.41,0.378,0.727,0.75,45,44,31,29,15,14,2021-22,Home
2021-12-25,Phoenix Suns,Golden State Warriors,107,116,0.482,0.494,0.367,0.378,1.0,0.857,37,42,20,28,13,9,2021-22,Away
2021-12-25,Milwaukee Bucks,Boston Celtics,117,113,0.473,0.427,0.364,0.378,0.704,0.833,48,44,24,24,13,14,2021-22,Home
2021-12-25,Utah Jazz,Dallas Mavericks,120,116,0.444,0.427,0.333,0.333,0.757,0.857,49,43,24,19,14,13,2021-22,Home
2021-12-25,New York Knicks,Atlanta Hawks,101,87,0.447,0.379,0.4,0.342,0.417,0.571,50,46,28,23,10,12,2021-22,Home
2021-12-25,Los Angeles Lakers,Brooklyn Nets,115,122,0.417,0.483,0.286,0.438,0.893,0.815,47,41,29,31,13,10,2021-22,Away
2021-12-26,Miami Heat,Orlando Magic,93,83,0.404,0.431,0.294,0.313,0.611,0.647,51,43,28,17,13,18,2021-22,Home
2021-12-26,Cleveland Cavaliers,Toronto Raptors,144,99,0.528,0.416,0.423,0.25,0.833,0.696,52,43,39,24,12,21,2021-22,Home
2021-12-26,Sacramento Kings,Memphis Grizzlies,102,127,0.42,0.47,0.345,0.3,0.889,0.8,38,53,22,33,18,11,2021-22,Away
2021-12-26,Chicago Bulls,Indiana Pacers,113,105,0.566,0.436,0.478,0.267,0.727,0.714,40,45,17,23,15,9,2021-22,Home
2021-12-26,San Antonio Spurs,Detroit Pistons,144,109,0.56,0.388,0.481,0.25,0.784,0.735,52,42,39,16,18,14,2021-22,Home
2021-12-26,Washington Wizards,Philadelphia 76ers,96,117,0.389,0.5,0.242,0.387,0.643,0.864,43,50,22,25,8,12,2021-22,Away
2021-12-26,LA Clippers,Denver Nuggets,100,103,0.465,0.411,0.308,0.366,0.667,0.909,46,48,26,29,14,14,2021-22,Away
2021-12-26,Oklahoma City Thunder,New Orleans Pelicans,117,112,0.477,0.415,0.361,0.244,0.71,0.857,47,49,24,26,12,10,2021-22,Home
2021-12-27,Charlotte Hornets,Houston Rockets,123,99,0.534,0.414,0.439,0.326,0.786,0.667,39,44,33,20,16,21,2021-22,Home
2021-12-27,Phoenix Suns,Memphis Grizzlies,113,114,0.456,0.511,0.355,0.379,0.87,0.765,35,50,25,22,11,18,2021-22,Away
2021-12-27,Portland Trail Blazers,Dallas Mavericks,117,132,0.427,0.571,0.3,0.364,0.833,0.727,33,41,19,38,11,13,2021-22,Away
2021-12-27,Atlanta Hawks,Chicago Bulls,118,130,0.449,0.543,0.441,0.486,0.885,0.714,45,44,22,29,10,7,2021-22,Away
2021-12-27,San Antonio Spurs,Utah Jazz,104,110,0.45,0.453,0.333,0.29,0.444,0.767,44,55,26,19,10,14,2021-22,Away
2021-12-27,Minnesota Timberwolves,Boston Celtics,108,103,0.444,0.371,0.412,0.34,0.737,0.75,53,53,30,23,14,14,2021-22,Home
2021-12-27,LA Clippers,Brooklyn Nets,108,124,0.381,0.568,0.378,0.382,0.741,0.688,45,47,25,31,11,13,2021-22,Away
2021-12-28,Minnesota Timberwolves,New York Knicks,88,96,0.4,0.411,0.184,0.4,0.65,0.375,45,54,22,20,10,15,2021-22,Away
2021-12-28,Toronto Raptors,Philadelphia 76ers,109,114,0.437,0.442,0.366,0.467,0.818,0.842,43,42,24,23,10,8,2021-22,Away
2021-12-28,Golden State Warriors,Denver Nuggets,86,89,0.417,0.41,0.313,0.242,0.516,0.65,43,44,20,24,16,15,2021-22,Away
2021-12-28,Orlando Magic,Milwaukee Bucks,110,127,0.458,0.553,0.308,0.459,0.846,0.727,37,40,24,31,13,12,2021-22,Away
2021-12-28,Sacramento Kings,Oklahoma City Thunder,117,111,0.421,0.389,0.436,0.333,0.741,0.833,57,45,25,16,10,9,2021-22,Home
2021-12-28,New Orleans Pelicans,Cleveland Cavaliers,108,104,0.45,0.42,0.444,0.341,0.769,0.842,44,42,24,27,12,7,2021-22,Home
2021-12-28,Miami Heat,Washington Wizards,119,112,0.446,0.494,0.471,0.405,0.913,0.786,42,47,26,27,7,18,2021-22,Home
2021-12-28,Houston Rockets,Los Angeles Lakers,123,132,0.53,0.522,0.457,0.412,0.76,0.759,30,48,24,27,14,12,2021-22,Away
2021-12-29,Sacramento Kings,Dallas Mavericks,95,94,0.48,0.469,0.385,0.375,0.867,0.692,38,36,21,23,14,11,2021-22,Home
2021-12-29,Portland Trail Blazers,Utah Jazz,105,120,0.42,0.529,0.35,0.276,0.708,0.625,45,46,23,22,10,11,2021-22,Away
2021-12-29,Memphis Grizzlies,Los Angeles Lakers,104,99,0.412,0.453,0.333,0.366,0.828,0.75,43,39,18,24,12,18,2021-22,Home
2021-12-29,Boston Celtics,LA Clippers,82,91,0.347,0.407,0.095,0.393,0.727,0.824,50,49,19,17,8,14,2021-22,Away
2021-12-29,Detroit Pistons,New York Knicks,85,94,0.37,0.383,0.343,0.258,0.765,0.889,43,48,19,19,17,16,2021-22,Away
2021-12-29,Phoenix Suns,Oklahoma City Thunder,115,97,0.461,0.396,0.353,0.2,0.75,0.875,56,45,22,19,14,11,2021-22,Home
2021-12-29,Indiana Pacers,Charlotte Hornets,108,116,0.419,0.518,0.378,0.346,0.655,0.594,45,48,25,27,18,13,2021-22,Away
2021-12-29,Chicago Bulls,Atlanta Hawks,131,117,0.619,0.478,0.455,0.423,0.773,0.692,41,37,38,26,13,11,2021-22,Home
2021-12-30,Brooklyn Nets,Philadelphia 76ers,102,110,0.457,0.42,0.259,0.406,0.778,0.65,52,43,21,22,17,7,2021-22,Away
2021-12-30,Washington Wizards,Cleveland Cavaliers,110,93,0.5,0.422,0.31,0.286,0.647,0.652,47,44,27,20,7,12,2021-22,Home
2021-12-30,Orlando Magic,Milwaukee Bucks,118,136,0.483,0.495,0.361,0.394,0.778,0.917,33,50,26,24,10,13,2021-22,Away
2021-12-31,Houston Rockets,Miami Heat,110,120,0.441,0.465,0.333,0.424,0.824,0.839,46,43,21,21,18,14,2021-22,Away
2021-12-31,Utah Jazz,Minnesota Timberwolves,120,108,0.474,0.43,0.379,0.341,0.854,0.636,49,41,18,23,17,10,2021-22,Home
2021-12-31,Indiana Pacers,Chicago Bulls,106,108,0.418,0.407,0.258,0.444,0.759,0.867,55,42,23,22,17,9,2021-22,Away
2021-12-31,Sacramento Kings,Dallas Mavericks,96,112,0.418,0.519,0.345,0.409,0.833,0.864,33,47,25,30,10,11,2021-22,Away
2021-12-31,Memphis Grizzlies,San Antonio Spurs,118,105,0.48,0.433,0.385,0.343,0.625,0.625,58,47,28,24,9,11,2021-22,Home
2021-12-31,Boston Celtics,Phoenix Suns,123,108,0.542,0.41,0.37,0.314,0.885,0.938,51,37,28,20,17,9,2021-22,Home
2021-12-31,Los Angeles Lakers,Portland Trail Blazers,139,106,0.553,0.353,0.463,0.286,0.867,0.815,47,54,27,19,7,9,2021-22,Home
2021-12-31,Oklahoma City Thunder,New York Knicks,95,80,0.414,0.37,0.419,0.195,0.714,0.545,49,48,21,12,9,10,2021-22,Home
2021-12-31,Toronto Raptors,LA Clippers,116,108,0.417,0.487,0.314,0.441,0.758,0.895,54,37,19,27,7,12,2021-22,Home
2021-12-31,Cleveland Cavaliers,Atlanta Hawks,118,121,0.571,0.443,0.32,0.421,0.583,0.905,46,44,27,23,9,2,2021-22,Away
2022-01-01,Houston Rockets,Denver Nuggets,111,124,0.435,0.535,0.381,0.313,0.875,0.815,36,46,20,33,17,18,2021-22,Away
2022-01-01,Washington Wizards,Chicago Bulls,119,120,0.529,0.488,0.222,0.5,0.808,0.84,43,44,26,17,11,15,2021-22,Away
2022-01-01,Milwaukee Bucks,New Orleans Pelicans,136,113,0.533,0.411,0.479,0.314,0.833,0.633,48,50,27,28,13,15,2021-22,Home
2022-01-01,Detroit Pistons,San Antonio Spurs,117,116,0.406,0.412,0.257,0.3,0.788,0.714,63,48,18,30,20,16,2021-22,Home
2022-01-01,Utah Jazz,Golden State Warriors,116,123,0.435,0.535,0.318,0.531,0.786,0.667,45,40,19,39,13,15,2021-22,Away
2022-01-01,Brooklyn Nets,LA Clippers,116,120,0.433,0.488,0.333,0.389,0.84,0.71,57,40,26,23,14,10,2021-22,Away
2022-01-02,Cleveland Cavaliers,Indiana Pacers,108,104,0.466,0.446,0.231,0.413,0.714,0.786,48,39,26,24,8,14,2021-22,Home
2022-01-02,Los Angeles Lakers,Minnesota Timberwolves,108,103,0.48,0.446,0.317,0.237,0.793,0.75,28,56,20,21,15,23,2021-22,Home
2022-01-02,Boston Celtics,Orlando Magic,116,111,0.453,0.421,0.361,0.333,0.893,0.815,46,45,25,17,21,14,2021-22,Home
2022-01-02,Toronto Raptors,New York Knicks,120,105,0.477,0.449,0.382,0.333,0.833,0.821,44,30,21,22,16,17,2021-22,Home
2022-01-02,Charlotte Hornets,Phoenix Suns,99,133,0.459,0.505,0.257,0.415,0.571,1.0,34,53,27,36,17,17,2021-22,Away
2022-01-02,Oklahoma City Thunder,Dallas Mavericks,86,95,0.412,0.447,0.333,0.359,0.667,0.714,41,48,20,28,11,16,2021-22,Away
2022-01-02,Sacramento Kings,Miami Heat,115,113,0.513,0.438,0.382,0.273,0.815,1.0,39,49,31,26,16,9,2021-22,Home
2022-01-03,Chicago Bulls,Orlando Magic,102,98,0.43,0.424,0.355,0.37,0.739,0.889,49,44,17,24,13,13,2021-22,Home
2022-01-03,Brooklyn Nets,Memphis Grizzlies,104,118,0.451,0.471,0.29,0.286,0.808,0.571,33,61,28,24,12,12,2021-22,Away
2022-01-03,Golden State Warriors,Miami Heat,115,108,0.489,0.411,0.368,0.405,0.846,0.895,43,49,39,24,12,18,2021-22,Home
2022-01-03,Portland Trail Blazers,Atlanta Hawks,136,131,0.528,0.545,0.439,0.341,0.857,0.875,41,39,29,31,9,12,2021-22,Home
2022-01-03,Washington Wizards,Charlotte Hornets,124,121,0.46,0.481,0.421,0.368,0.903,0.538,51,45,26,28,15,8,2021-22,Home
2022-01-03,New Orleans Pelicans,Utah Jazz,104,115,0.402,0.482,0.261,0.487,0.636,0.824,47,43,21,22,10,14,2021-22,Away
2022-01-03,Milwaukee Bucks,Detroit Pistons,106,115,0.424,0.484,0.239,0.419,0.773,0.643,47,47,21,31,8,13,2021-22,Away
2022-01-03,LA Clippers,Minnesota Timberwolves,104,122,0.5,0.527,0.344,0.356,0.882,0.889,31,40,22,34,20,17,2021-22,Away
2022-01-03,Philadelphia 76ers,Houston Rockets,133,113,0.521,0.416,0.425,0.341,0.941,0.727,54,42,33,25,12,11,2021-22,Home
2022-01-03,Dallas Mavericks,Denver Nuggets,103,89,0.449,0.463,0.378,0.24,0.905,0.724,28,47,23,21,11,25,2021-22,Home
2022-01-04,Cleveland Cavaliers,Memphis Grizzlies,106,110,0.435,0.467,0.294,0.333,0.762,0.773,49,45,28,21,11,9,2021-22,Away
2022-01-04,Los Angeles Lakers,Sacramento Kings,122,114,0.495,0.518,0.344,0.412,0.65,0.778,44,45,24,31,5,18,2021-22,Home
2022-01-04,New Orleans Pelicans,Phoenix Suns,110,123,0.404,0.541,0.303,0.548,0.875,0.7,48,42,28,32,12,10,2021-22,Away
2022-01-04,Toronto Raptors,San Antonio Spurs,129,104,0.469,0.432,0.409,0.257,0.724,0.684,52,50,30,27,12,20,2021-22,Home
2022-01-04,New York Knicks,Indiana Pacers,104,94,0.488,0.421,0.214,0.237,0.714,0.656,51,35,17,22,9,10,2021-22,Home
2022-01-05,Washington Wizards,Houston Rockets,111,114,0.44,0.471,0.256,0.346,0.808,0.781,41,48,18,15,15,20,2021-22,Away
2022-01-05,Orlando Magic,Philadelphia 76ers,106,116,0.444,0.506,0.308,0.429,0.7,0.75,47,42,22,26,19,15,2021-22,Away
2022-01-05,Charlotte Hornets,Detroit Pistons,140,111,0.593,0.467,0.571,0.333,0.69,0.55,49,36,39,26,17,13,2021-22,Home
2022-01-05,Minnesota Timberwolves,Oklahoma City Thunder,98,90,0.4,0.367,0.273,0.257,0.7,0.833,55,52,23,21,16,17,2021-22,Home
2022-01-05,Boston Celtics,San Antonio Spurs,97,99,0.444,0.477,0.321,0.385,0.889,1.0,41,48,19,20,8,17,2021-22,Away
2022-01-05,Dallas Mavericks,Golden State Warriors,99,82,0.379,0.407,0.3,0.179,0.808,0.688,46,46,22,20,12,16,2021-22,Home
2022-01-05,Indiana Pacers,Brooklyn Nets,121,129,0.5,0.57,0.333,0.238,0.929,0.897,33,38,26,28,15,11,2021-22,Away
2022-01-05,Milwaukee Bucks,Toronto Raptors,111,117,0.447,0.472,0.436,0.444,0.692,0.68,45,44,22,24,17,14,2021-22,Away
2022-01-05,Denver Nuggets,Utah Jazz,109,115,0.477,0.467,0.306,0.341,0.933,0.833,42,44,27,22,12,7,2021-22,Away
2022-01-05,Portland Trail Blazers,Miami Heat,109,115,0.423,0.451,0.395,0.463,0.778,0.759,36,50,18,29,5,11,2021-22,Away
2022-01-05,Sacramento Kings,Atlanta Hawks,102,108,0.422,0.453,0.407,0.267,0.75,0.733,47,48,15,20,11,10,2021-22,Away
2022-01-06,Memphis Grizzlies,Detroit Pistons,118,88,0.49,0.343,0.313,0.227,0.632,0.769,61,39,31,23,18,11,2021-22,Home
2022-01-06,Phoenix Suns,LA Clippers,106,89,0.411,0.36,0.323,0.214,0.8,0.84,63,49,22,20,8,12,2021-22,Home
2022-01-06,New York Knicks,Boston Celtics,108,105,0.444,0.475,0.5,0.378,0.667,0.923,42,38,23,22,8,12,2021-22,Home
2022-01-06,New Orleans Pelicans,Golden State Warriors,101,96,0.422,0.425,0.235,0.212,0.793,0.833,46,43,20,22,17,14,2021-22,Home
2022-01-07,Philadelphia 76ers,San Antonio Spurs,119,100,0.517,0.413,0.348,0.3,0.778,0.75,49,39,28,22,13,12,2021-22,Home
2022-01-07,Oklahoma City Thunder,Minnesota Timberwolves,105,135,0.404,0.556,0.341,0.415,0.783,0.72,45,45,26,39,19,15,2021-22,Away
2022-01-07,Chicago Bulls,Washington Wizards,130,122,0.527,0.511,0.455,0.292,0.905,0.962,41,41,34,28,15,15,2021-22,Home
2022-01-07,Brooklyn Nets,Milwaukee Bucks,109,121,0.457,0.458,0.222,0.356,0.95,0.81,49,45,23,21,10,10,2021-22,Away
2022-01-07,Los Angeles Lakers,Atlanta Hawks,134,118,0.495,0.448,0.415,0.361,0.895,0.704,47,54,37,29,8,15,2021-22,Home
2022-01-07,Houston Rockets,Dallas Mavericks,106,130,0.425,0.544,0.279,0.447,0.69,0.536,40,55,17,34,13,14,2021-22,Away
2022-01-07,Portland Trail Blazers,Cleveland Cavaliers,101,114,0.402,0.488,0.457,0.436,0.579,0.655,51,43,22,22,11,8,2021-22,Away
2022-01-07,Toronto Raptors,Utah Jazz,122,108,0.45,0.481,0.293,0.447,0.8,0.722,48,40,26,23,7,21,2021-22,Home
2022-01-07,Denver Nuggets,Sacramento Kings,121,111,0.553,0.435,0.353,0.379,0.625,0.833,41,47,32,21,7,11,2021-22,Home
2022-01-08,Indiana Pacers,Utah Jazz,125,113,0.55,0.476,0.483,0.429,0.719,0.947,38,39,30,20,10,14,2021-22,Home
2022-01-08,Boston Celtics,New York Knicks,99,75,0.474,0.367,0.414,0.355,0.882,0.4,45,40,26,13,10,12,2021-22,Home
2022-01-08,Detroit Pistons,Orlando Magic,97,92,0.437,0.337,0.303,0.304,0.688,0.87,49,44,23,25,12,12,2021-22,Home
2022-01-08,Phoenix Suns,Miami Heat,100,123,0.38,0.5,0.412,0.5,0.897,0.867,35,49,24,33,15,14,2021-22,Away
2022-01-08,Charlotte Hornets,Milwaukee Bucks,114,106,0.444,0.389,0.333,0.324,0.588,0.923,49,53,29,21,10,15,2021-22,Home
2022-01-08,LA Clippers,Memphis Grizzlies,108,123,0.406,0.44,0.313,0.316,0.833,0.742,49,56,16,26,12,9,2021-22,Away
2022-01-09,Brooklyn Nets,San Antonio Spurs,121,119,0.48,0.43,0.286,0.406,0.864,0.778,55,44,26,33,21,15,2021-22,Home
2022-01-09,Portland Trail Blazers,Sacramento Kings,103,88,0.42,0.388,0.425,0.226,0.8,0.714,48,46,26,20,16,12,2021-22,Home
2022-01-09,LA Clippers,Atlanta Hawks,106,93,0.478,0.449,0.364,0.269,0.857,0.842,47,39,24,19,12,13,2021-22,Home
2022-01-09,Golden State Warriors,Cleveland Cavaliers,96,82,0.402,0.427,0.238,0.292,0.8,0.611,54,42,24,21,14,18,2021-22,Home
2022-01-09,Orlando Magic,Washington Wizards,100,102,0.4,0.409,0.321,0.379,0.938,0.792,42,54,18,23,7,12,2021-22,Away
2022-01-09,Dallas Mavericks,Chicago Bulls,113,99,0.5,0.433,0.444,0.333,1.0,0.769,48,39,28,23,9,7,2021-22,Home
2022-01-09,Houston Rockets,Minnesota Timberwolves,123,141,0.474,0.509,0.326,0.357,0.607,0.762,45,56,31,37,12,11,2021-22,Away
2022-01-09,Oklahoma City Thunder,Denver Nuggets,95,99,0.432,0.416,0.237,0.361,0.833,0.75,41,53,29,28,9,15,2021-22,Away
2022-01-09,Los Angeles Lakers,Memphis Grizzlies,119,127,0.464,0.547,0.424,0.367,0.789,0.688,41,47,26,33,12,12,2021-22,Away
2022-01-09,Toronto Raptors,New Orleans Pelicans,105,101,0.424,0.453,0.412,0.364,0.95,0.84,46,35,18,20,12,13,2021-22,Home
2022-01-10,Portland Trail Blazers,Brooklyn Nets,114,108,0.465,0.462,0.395,0.375,0.731,0.8,47,42,23,23,13,15,2021-22,Home
2022-01-10,Sacramento Kings,Cleveland Cavaliers,108,109,0.429,0.494,0.467,0.294,0.727,0.867,43,48,20,29,10,16,2021-22,Away
2022-01-10,Detroit Pistons,Utah Jazz,126,116,0.516,0.512,0.514,0.333,0.917,0.773,39,40,30,23,11,16,2021-22,Home
2022-01-10,New York Knicks,San Antonio Spurs,111,96,0.488,0.411,0.406,0.276,0.75,0.667,49,43,23,19,15,10,2021-22,Home
2022-01-10,Boston Celtics,Indiana Pacers,101,98,0.398,0.383,0.286,0.297,0.821,0.882,53,47,17,22,20,17,2021-22,Home
2022-01-10,Houston Rockets,Philadelphia 76ers,91,111,0.39,0.457,0.31,0.286,0.667,0.833,39,47,18,23,20,14,2021-22,Away
2022-01-10,Charlotte Hornets,Milwaukee Bucks,103,99,0.396,0.44,0.295,0.302,0.875,0.75,48,48,23,25,14,20,2021-22,Home
2022-01-11,Memphis Grizzlies,Golden State Warriors,116,108,0.44,0.427,0.412,0.361,0.778,0.862,49,45,30,25,11,16,2021-22,Home
2022-01-11,Toronto Raptors,Phoenix Suns,95,99,0.404,0.473,0.216,0.344,0.6,0.818,47,39,15,25,14,20,2021-22,Away
2022-01-11,New Orleans Pelicans,Minnesota Timberwolves,128,125,0.553,0.488,0.485,0.462,0.757,0.742,38,32,33,27,20,13,2021-22,Home
2022-01-11,Chicago Bulls,Detroit Pistons,133,87,0.543,0.337,0.529,0.171,0.789,0.778,61,41,33,17,17,18,2021-22,Home
2022-01-11,LA Clippers,Denver Nuggets,87,85,0.405,0.4,0.294,0.121,0.75,0.85,31,56,23,24,9,19,2021-22,Home
2022-01-11,Washington Wizards,Oklahoma City Thunder,122,118,0.54,0.48,0.333,0.282,0.739,0.867,42,41,29,23,8,5,2021-22,Home
2022-01-12,Washington Wizards,Orlando Magic,112,106,0.524,0.414,0.323,0.314,0.762,0.813,42,49,26,31,10,9,2021-22,Home
2022-01-12,San Antonio Spurs,Houston Rockets,124,128,0.434,0.549,0.37,0.444,0.778,0.688,43,48,27,23,9,14,2021-22,Away
2022-01-12,Indiana Pacers,Boston Celtics,100,119,0.465,0.513,0.194,0.474,0.65,0.84,37,37,27,23,11,11,2021-22,Away
2022-01-12,Utah Jazz,Cleveland Cavaliers,91,111,0.4,0.531,0.34,0.367,0.636,0.824,32,50,11,28,7,13,2021-22,Away
2022-01-12,Chicago Bulls,Brooklyn Nets,112,138,0.469,0.563,0.367,0.531,0.806,0.821,35,41,22,35,17,9,2021-22,Away
2022-01-12,New York Knicks,Dallas Mavericks,108,85,0.467,0.41,0.444,0.216,0.8,0.684,54,39,24,16,9,13,2021-22,Home
2022-01-12,Philadelphia 76ers,Charlotte Hornets,98,109,0.466,0.517,0.4,0.294,0.643,0.875,33,42,18,29,16,10,2021-22,Away
2022-01-12,Sacramento Kings,Los Angeles Lakers,125,116,0.551,0.429,0.367,0.34,0.842,0.667,45,45,28,25,12,9,2021-22,Home
2022-01-12,Atlanta Hawks,Miami Heat,91,115,0.378,0.478,0.289,0.356,0.696,0.929,37,54,20,28,14,14,2021-22,Away
2022-01-13,Brooklyn Nets,Oklahoma City Thunder,109,130,0.418,0.516,0.219,0.444,0.909,0.889,50,38,16,32,12,10,2021-22,Away
2022-01-13,Memphis Grizzlies,Minnesota Timberwolves,116,108,0.457,0.427,0.25,0.313,0.686,0.786,56,46,22,23,13,15,2021-22,Home
2022-01-13,New Orleans Pelicans,LA Clippers,113,89,0.443,0.383,0.359,0.294,0.813,0.85,57,46,23,19,6,15,2021-22,Home
2022-01-13,Denver Nuggets,Portland Trail Blazers,140,108,0.627,0.453,0.5,0.325,0.75,0.607,40,34,35,28,15,15,2021-22,Home
2022-01-13,Milwaukee Bucks,Golden State Warriors,118,99,0.512,0.347,0.439,0.333,0.667,0.708,54,49,29,20,16,15,2021-22,Home
2022-01-14,Chicago Bulls,Golden State Warriors,96,138,0.425,0.564,0.263,0.452,0.667,0.765,36,47,26,39,14,7,2021-22,Away
2022-01-14,Sacramento Kings,Houston Rockets,126,114,0.5,0.436,0.351,0.302,0.708,0.813,53,50,33,25,14,16,2021-22,Home
2022-01-14,Miami Heat,Atlanta Hawks,124,118,0.532,0.481,0.467,0.421,0.933,0.867,37,34,30,26,15,15,2021-22,Home
2022-01-14,Charlotte Hornets,Orlando Magic,109,116,0.412,0.517,0.286,0.333,0.81,0.733,44,43,28,32,16,19,2021-22,Away
2022-01-14,Memphis Grizzlies,Dallas Mavericks,85,112,0.382,0.516,0.226,0.25,0.769,0.625,41,52,19,30,14,13,2021-22,Away
2022-01-14,Detroit Pistons,Toronto Raptors,103,87,0.469,0.322,0.296,0.289,0.826,0.769,43,46,22,18,8,11,2021-22,Home
2022-01-14,San Antonio Spurs,Cleveland Cavaliers,109,114,0.457,0.484,0.441,0.4,0.769,0.583,47,46,22,24,15,9,2021-22,Away
2022-01-14,Indiana Pacers,Phoenix Suns,94,112,0.386,0.455,0.302,0.393,0.722,0.913,42,51,20,24,12,14,2021-22,Away
2022-01-14,Philadelphia 76ers,Boston Celtics,111,99,0.447,0.474,0.341,0.355,0.84,0.778,40,44,26,20,9,20,2021-22,Home
2022-01-15,Milwaukee Bucks,Toronto Raptors,96,103,0.338,0.44,0.308,0.343,0.914,0.55,41,50,19,25,13,14,2021-22,Away
2022-01-15,Brooklyn Nets,New Orleans Pelicans,120,105,0.548,0.46,0.444,0.29,0.941,0.667,44,35,30,27,14,11,2021-22,Home
2022-01-15,Boston Celtics,Chicago Bulls,114,112,0.489,0.506,0.346,0.414,0.895,0.8,50,32,27,31,11,6,2021-22,Home
2022-01-15,Washington Wizards,Portland Trail Blazers,110,115,0.433,0.459,0.324,0.333,0.87,0.686,43,39,20,19,20,12,2021-22,Away
2022-01-15,Oklahoma City Thunder,Cleveland Cavaliers,102,107,0.434,0.46,0.37,0.257,0.909,0.72,51,37,17,28,15,7,2021-22,Away
2022-01-15,Atlanta Hawks,New York Knicks,108,117,0.5,0.506,0.364,0.419,0.706,0.769,31,44,23,24,9,8,2021-22,Away
2022-01-15,San Antonio Spurs,LA Clippers,101,94,0.41,0.38,0.297,0.316,0.815,0.75,54,54,19,24,14,14,2021-22,Home
2022-01-15,Denver Nuggets,Los Angeles Lakers,133,96,0.516,0.439,0.575,0.333,0.941,0.737,51,41,35,21,6,10,2021-22,Home
2022-01-15,Dallas Mavericks,Orlando Magic,108,92,0.41,0.481,0.353,0.269,0.842,0.688,47,37,16,16,9,15,2021-22,Home
2022-01-15,Miami Heat,Philadelphia 76ers,98,109,0.384,0.506,0.257,0.406,0.767,0.762,43,43,24,24,10,15,2021-22,Away
2022-01-16,Sacramento Kings,Houston Rockets,112,118,0.451,0.539,0.316,0.4,0.75,0.833,37,47,26,22,12,22,2021-22,Away
2022-01-16,Minnesota Timberwolves,Golden State Warriors,119,99,0.495,0.39,0.372,0.31,0.65,0.759,47,47,30,20,15,15,2021-22,Home
2022-01-16,Detroit Pistons,Phoenix Suns,108,135,0.463,0.586,0.36,0.407,0.676,0.733,32,51,25,30,9,14,2021-22,Away
2022-01-16,Denver Nuggets,Utah Jazz,102,125,0.442,0.524,0.256,0.385,0.875,0.759,39,51,32,26,9,9,2021-22,Away
2022-01-17,Washington Wizards,Philadelphia 76ers,117,98,0.483,0.407,0.3,0.269,0.75,0.84,49,42,25,19,12,12,2021-22,Home
2022-01-17,Miami Heat,Toronto Raptors,104,99,0.458,0.411,0.375,0.361,0.864,0.706,49,45,20,24,12,11,2021-22,Home
2022-01-17,New York Knicks,Charlotte Hornets,87,97,0.4,0.419,0.353,0.359,0.524,0.647,53,39,22,23,15,7,2021-22,Away
2022-01-17,LA Clippers,Indiana Pacers,139,133,0.549,0.515,0.5,0.394,0.861,0.87,37,41,32,30,11,12,2021-22,Home
2022-01-17,San Antonio Spurs,Phoenix Suns,107,121,0.446,0.516,0.3,0.281,0.727,0.7,47,45,21,29,12,5,2021-22,Away
2022-01-17,Los Angeles Lakers,Utah Jazz,101,95,0.442,0.373,0.297,0.261,0.609,0.875,45,44,15,21,12,15,2021-22,Home
2022-01-17,Orlando Magic,Portland Trail Blazers,88,98,0.378,0.411,0.25,0.206,0.6,0.944,50,55,21,20,16,17,2021-22,Away
2022-01-17,Memphis Grizzlies,Chicago Bulls,119,106,0.511,0.435,0.4,0.419,0.75,0.867,48,43,29,24,17,18,2021-22,Home
2022-01-17,Cleveland Cavaliers,Brooklyn Nets,114,107,0.519,0.494,0.344,0.4,0.905,0.722,40,35,26,27,15,14,2021-22,Home
2022-01-17,Atlanta Hawks,Milwaukee Bucks,121,114,0.442,0.443,0.417,0.421,0.938,0.833,46,42,25,21,13,13,2021-22,Home
2022-01-17,Boston Celtics,New Orleans Pelicans,104,92,0.475,0.414,0.313,0.3,0.9,0.611,47,41,22,23,14,11,2021-22,Home
2022-01-17,Dallas Mavericks,Oklahoma City Thunder,104,102,0.398,0.434,0.324,0.314,0.786,0.792,47,42,28,20,11,13,2021-22,Home
2022-01-18,New York Knicks,Minnesota Timberwolves,110,112,0.463,0.432,0.316,0.317,0.727,0.763,44,38,21,21,18,12,2021-22,Away
2022-01-18,Golden State Warriors,Detroit Pistons,102,86,0.41,0.353,0.333,0.265,0.741,0.708,54,50,26,18,13,16,2021-22,Home
2022-01-19,Chicago Bulls,Cleveland Cavaliers,117,104,0.547,0.519,0.455,0.333,0.722,0.682,37,38,25,27,9,14,2021-22,Home
2022-01-19,Denver Nuggets,LA Clippers,130,128,0.49,0.536,0.342,0.385,0.84,0.75,44,47,32,35,12,12,2021-22,Home
2022-01-19,Sacramento Kings,Detroit Pistons,131,133,0.524,0.505,0.444,0.417,0.705,0.867,35,41,22,27,7,8,2021-22,Away
2022-01-19,Milwaukee Bucks,Memphis Grizzlies,126,114,0.474,0.415,0.351,0.225,0.955,0.68,56,47,29,26,15,9,2021-22,Home
2022-01-19,Miami Heat,Portland Trail Blazers,104,92,0.463,0.407,0.343,0.304,0.72,0.75,43,43,24,19,14,16,2021-22,Home
2022-01-19,Atlanta Hawks,Minnesota Timberwolves,134,122,0.523,0.433,0.395,0.37,0.879,0.724,39,45,34,21,11,13,2021-22,Home
2022-01-19,Utah Jazz,Houston Rockets,111,116,0.472,0.427,0.263,0.489,0.85,0.706,49,44,26,24,9,8,2021-22,Away
2022-01-19,Los Angeles Lakers,Indiana Pacers,104,111,0.444,0.489,0.324,0.367,0.722,0.8,40,48,23,28,11,12,2021-22,Away
2022-01-19,San Antonio Spurs,Oklahoma City Thunder,118,96,0.49,0.388,0.375,0.258,0.643,0.8,50,46,32,20,9,14,2021-22,Home
2022-01-19,Washington Wizards,Brooklyn Nets,118,119,0.477,0.528,0.345,0.32,0.813,0.85,40,36,23,23,12,12,2021-22,Away
2022-01-19,Philadelphia 76ers,Orlando Magic,123,110,0.542,0.444,0.357,0.514,0.852,0.75,44,43,21,26,9,11,2021-22,Home
2022-01-19,Boston Celtics,Charlotte Hornets,102,111,0.433,0.488,0.304,0.41,0.769,0.733,38,47,27,27,14,15,2021-22,Away
2022-01-19,Dallas Mavericks,Toronto Raptors,102,98,0.487,0.385,0.273,0.25,0.95,0.8,45,44,23,17,16,12,2021-22,Home
2022-01-20,Dallas Mavericks,Phoenix Suns,101,109,0.435,0.453,0.297,0.222,0.8,0.92,50,40,19,25,19,7,2021-22,Away
2022-01-20,Golden State Warriors,Indiana Pacers,117,121,0.447,0.432,0.214,0.429,0.828,0.706,53,48,28,23,21,14,2021-22,Away
2022-01-20,New York Knicks,New Orleans Pelicans,91,102,0.377,0.5,0.237,0.393,0.667,0.682,48,35,21,27,15,12,2021-22,Away
2022-01-21,Milwaukee Bucks,Chicago Bulls,94,90,0.386,0.365,0.194,0.184,0.714,0.875,53,49,20,21,8,8,2021-22,Home
2022-01-21,Boston Celtics,Portland Trail Blazers,105,109,0.451,0.474,0.297,0.485,0.87,0.7,42,42,25,20,11,13,2021-22,Away
2022-01-21,San Antonio Spurs,Brooklyn Nets,102,117,0.389,0.48,0.276,0.36,0.833,1.0,49,53,24,24,6,7,2021-22,Away
2022-01-21,Atlanta Hawks,Miami Heat,110,108,0.559,0.482,0.424,0.375,0.833,0.917,36,33,26,30,16,15,2021-22,Home
2022-01-21,Golden State Warriors,Houston Rockets,105,103,0.481,0.427,0.333,0.286,0.773,0.85,41,39,25,25,17,12,2021-22,Home
2022-01-21,Orlando Magic,Los Angeles Lakers,105,116,0.444,0.494,0.275,0.433,0.759,0.826,35,45,23,23,17,18,2021-22,Away
2022-01-21,Philadelphia 76ers,LA Clippers,101,102,0.418,0.46,0.357,0.344,0.714,0.733,44,49,23,21,7,10,2021-22,Away
2022-01-21,Charlotte Hornets,Oklahoma City Thunder,121,98,0.455,0.378,0.347,0.273,0.7,0.8,62,52,34,20,12,11,2021-22,Home
2022-01-21,Denver Nuggets,Memphis Grizzlies,118,122,0.473,0.524,0.406,0.44,0.826,0.625,37,48,34,19,13,15,2021-22,Away
2022-01-21,Utah Jazz,Detroit Pistons,111,101,0.456,0.437,0.323,0.406,0.853,0.75,44,40,22,22,10,10,2021-22,Home
2022-01-21,Washington Wizards,Toronto Raptors,105,109,0.506,0.467,0.333,0.367,0.8,0.824,45,40,29,20,17,8,2021-22,Away
2022-01-22,Phoenix Suns,Indiana Pacers,113,103,0.49,0.44,0.28,0.345,0.857,0.704,51,44,34,19,11,17,2021-22,Home
2022-01-22,Cleveland Cavaliers,Oklahoma City Thunder,94,87,0.461,0.388,0.222,0.293,0.514,0.563,54,41,22,16,22,15,2021-22,Home
2022-01-22,Milwaukee Bucks,Sacramento Kings,133,127,0.495,0.526,0.5,0.405,0.88,0.625,43,48,19,29,7,14,2021-22,Home
2022-01-23,Washington Wizards,Boston Celtics,87,116,0.355,0.444,0.235,0.487,0.813,0.81,44,57,20,26,6,13,2021-22,Away
2022-01-23,Minnesota Timberwolves,Brooklyn Nets,136,125,0.522,0.505,0.438,0.395,0.839,0.933,37,48,24,27,9,17,2021-22,Home
2022-01-23,Charlotte Hornets,Atlanta Hawks,91,113,0.391,0.455,0.111,0.385,0.704,0.75,54,45,23,25,16,10,2021-22,Away
2022-01-23,Miami Heat,Los Angeles Lakers,113,107,0.494,0.456,0.455,0.275,0.9,0.8,39,38,31,20,15,17,2021-22,Home
2022-01-23,Golden State Warriors,Utah Jazz,94,92,0.434,0.383,0.31,0.314,0.9,0.826,40,51,19,17,9,9,2021-22,Home
2022-01-23,New York Knicks,LA Clippers,110,102,0.429,0.43,0.444,0.341,0.842,0.667,52,40,26,20,12,12,2021-22,Home
2022-01-23,Denver Nuggets,Detroit Pistons,117,111,0.518,0.56,0.343,0.379,0.739,0.842,34,34,29,28,11,22,2021-22,Home
2022-01-23,Dallas Mavericks,Memphis Grizzlies,104,91,0.486,0.374,0.3,0.167,0.742,0.684,42,50,22,20,15,15,2021-22,Home
2022-01-23,Orlando Magic,Chicago Bulls,114,95,0.525,0.434,0.462,0.238,0.783,0.75,35,44,31,10,12,21,2021-22,Home
2022-01-23,Toronto Raptors,Portland Trail Blazers,105,114,0.398,0.529,0.333,0.563,0.643,0.462,43,47,28,31,15,22,2021-22,Away
2022-01-23,San Antonio Spurs,Philadelphia 76ers,109,115,0.472,0.478,0.333,0.438,0.682,0.87,43,47,30,22,8,10,2021-22,Away
2022-01-24,Phoenix Suns,Utah Jazz,115,109,0.475,0.494,0.361,0.452,0.533,0.682,51,38,28,16,14,13,2021-22,Home
2022-01-24,Oklahoma City Thunder,Chicago Bulls,110,111,0.413,0.461,0.356,0.385,0.75,0.737,44,51,26,31,11,16,2021-22,Away
2022-01-24,Cleveland Cavaliers,New York Knicks,95,93,0.432,0.417,0.361,0.316,0.6,0.524,51,45,29,21,19,11,2021-22,Home
2022-01-24,New Orleans Pelicans,Indiana Pacers,117,113,0.466,0.437,0.2,0.413,0.935,0.72,45,41,23,26,11,15,2021-22,Home
2022-01-25,Detroit Pistons,Denver Nuggets,105,110,0.423,0.429,0.333,0.344,0.786,0.871,36,56,25,25,9,25,2021-22,Away
2022-01-25,Washington Wizards,LA Clippers,115,116,0.463,0.415,0.333,0.379,0.8,0.871,52,48,25,28,18,11,2021-22,Away
2022-01-25,Toronto Raptors,Charlotte Hornets,125,113,0.524,0.488,0.471,0.323,0.793,0.719,42,37,27,25,14,12,2021-22,Home
2022-01-25,Boston Celtics,Sacramento Kings,128,75,0.495,0.305,0.444,0.182,0.857,0.733,67,45,32,15,11,10,2021-22,Home
2022-01-25,Brooklyn Nets,Los Angeles Lakers,96,106,0.42,0.472,0.259,0.316,0.682,1.0,54,33,20,23,18,8,2021-22,Away
2022-01-25,Portland Trail Blazers,Minnesota Timberwolves,107,109,0.394,0.439,0.39,0.326,0.85,0.742,50,49,26,21,14,15,2021-22,Away
2022-01-25,Golden State Warriors,Dallas Mavericks,130,92,0.533,0.352,0.395,0.25,0.833,1.0,58,39,31,17,14,11,2021-22,Home
2022-01-25,Philadelphia 76ers,New Orleans Pelicans,117,107,0.464,0.482,0.323,0.409,0.935,0.692,44,39,26,26,10,8,2021-22,Home
2022-01-25,Houston Rockets,San Antonio Spurs,104,134,0.411,0.574,0.265,0.375,0.68,1.0,45,49,21,38,15,13,2021-22,Away
2022-01-26,San Antonio Spurs,Memphis Grizzlies,110,118,0.457,0.511,0.243,0.304,0.789,0.731,39,44,30,24,13,13,2021-22,Away
2022-01-26,Orlando Magic,LA Clippers,102,111,0.452,0.444,0.257,0.517,0.773,0.889,39,49,29,20,13,15,2021-22,Away
2022-01-26,Atlanta Hawks,Sacramento Kings,121,104,0.533,0.419,0.333,0.3,0.765,0.737,48,42,29,23,8,12,2021-22,Home
2022-01-26,Miami Heat,New York Knicks,110,96,0.5,0.422,0.432,0.341,0.909,0.647,38,44,30,24,17,17,2021-22,Home
2022-01-26,Portland Trail Blazers,Dallas Mavericks,112,132,0.512,0.545,0.368,0.444,0.609,0.769,38,45,27,35,9,8,2021-22,Away
2022-01-26,Indiana Pacers,Charlotte Hornets,126,158,0.478,0.581,0.294,0.533,0.824,0.788,41,36,33,37,19,13,2021-22,Away
2022-01-26,Chicago Bulls,Toronto Raptors,111,105,0.548,0.481,0.269,0.387,0.75,0.607,45,34,32,24,13,12,2021-22,Home
2022-01-26,Cleveland Cavaliers,Milwaukee Bucks,115,99,0.471,0.463,0.452,0.281,0.824,0.889,41,41,27,22,12,19,2021-22,Home
2022-01-26,Brooklyn Nets,Denver Nuggets,118,124,0.489,0.472,0.414,0.417,0.769,0.926,38,48,26,27,12,13,2021-22,Away
2022-01-26,Utah Jazz,Phoenix Suns,97,105,0.43,0.488,0.4,0.389,0.739,0.667,39,44,20,14,14,7,2021-22,Away
2022-01-27,Philadelphia 76ers,Los Angeles Lakers,105,87,0.5,0.409,0.371,0.207,0.588,1.0,41,42,30,19,14,17,2021-22,Home
2022-01-27,Golden State Warriors,Minnesota Timberwolves,124,115,0.537,0.442,0.583,0.227,0.714,0.778,47,41,31,22,18,9,2021-22,Home
2022-01-28,Phoenix Suns,Minnesota Timberwolves,134,124,0.512,0.489,0.513,0.359,0.757,0.815,49,38,36,20,12,7,2021-22,Home
2022-01-28,New Orleans Pelicans,Denver Nuggets,105,116,0.389,0.5,0.147,0.364,0.909,0.88,43,43,23,29,13,21,2021-22,Away
2022-01-28,Miami Heat,LA Clippers,121,114,0.471,0.446,0.441,0.257,0.963,0.719,51,37,28,22,18,13,2021-22,Home
2022-01-28,Orlando Magic,Detroit Pistons,119,103,0.494,0.368,0.48,0.345,0.962,0.784,47,41,28,23,15,10,2021-22,Home
2022-01-28,Atlanta Hawks,Boston Celtics,108,92,0.461,0.349,0.387,0.194,0.7,0.926,43,52,19,15,11,16,2021-22,Home
2022-01-28,Houston Rockets,Portland Trail Blazers,110,125,0.481,0.568,0.244,0.436,0.774,0.8,38,34,25,20,17,13,2021-22,Away
2022-01-28,San Antonio Spurs,Chicago Bulls,131,122,0.526,0.523,0.432,0.267,0.833,0.846,44,37,35,22,7,6,2021-22,Home
2022-01-28,Oklahoma City Thunder,Indiana Pacers,110,113,0.453,0.432,0.326,0.333,0.588,0.621,43,60,22,25,13,19,2021-22,Away
2022-01-28,Milwaukee Bucks,New York Knicks,123,108,0.461,0.464,0.326,0.35,0.871,0.571,47,45,27,21,12,14,2021-22,Home
2022-01-28,Memphis Grizzlies,Utah Jazz,119,109,0.561,0.435,0.391,0.37,0.75,0.857,42,37,27,20,15,16,2021-22,Home
2022-01-28,Charlotte Hornets,Los Angeles Lakers,117,114,0.518,0.418,0.306,0.375,0.714,0.719,50,44,25,19,11,6,2021-22,Home
2022-01-29,Dallas Mavericks,Indiana Pacers,132,105,0.531,0.44,0.471,0.273,0.636,0.696,46,47,31,25,5,11,2021-22,Home
2022-01-29,Miami Heat,Toronto Raptors,120,124,0.409,0.439,0.32,0.356,0.7,0.778,61,53,26,24,23,16,2021-22,Away
2022-01-29,New Orleans Pelicans,Boston Celtics,97,107,0.439,0.531,0.25,0.341,0.739,0.636,40,43,22,31,13,14,2021-22,Away
2022-01-29,Philadelphia 76ers,Sacramento Kings,103,101,0.514,0.439,0.4,0.343,0.731,0.85,36,43,24,24,17,13,2021-22,Home
2022-01-29,Golden State Warriors,Brooklyn Nets,110,106,0.408,0.398,0.311,0.393,0.889,0.81,55,52,24,21,10,10,2021-22,Home
2022-01-29,Memphis Grizzlies,Washington Wizards,115,95,0.46,0.417,0.419,0.345,0.833,0.714,60,37,24,27,9,12,2021-22,Home
2022-01-30,Detroit Pistons,Cleveland Cavaliers,115,105,0.462,0.463,0.385,0.382,0.84,0.64,48,41,26,25,9,11,2021-22,Home
2022-01-30,Atlanta Hawks,Los Angeles Lakers,129,121,0.583,0.54,0.323,0.429,0.656,0.522,45,38,31,29,12,12,2021-22,Home
2022-01-30,Phoenix Suns,San Antonio Spurs,115,110,0.495,0.45,0.344,0.351,0.667,0.875,46,43,31,27,8,11,2021-22,Home
2022-01-30,Chicago Bulls,Portland Trail Blazers,130,116,0.556,0.518,0.406,0.462,0.944,0.75,44,36,36,23,7,12,2021-22,Home
2022-01-30,Orlando Magic,Dallas Mavericks,110,108,0.512,0.481,0.324,0.421,0.813,0.778,40,40,26,22,16,18,2021-22,Home
2022-01-30,Minnesota Timberwolves,Utah Jazz,126,106,0.551,0.469,0.419,0.375,0.833,0.714,40,38,35,23,16,18,2021-22,Home
2022-01-30,Charlotte Hornets,LA Clippers,90,115,0.327,0.524,0.235,0.393,0.667,0.842,44,60,24,23,8,17,2021-22,Away
2022-01-30,Milwaukee Bucks,Denver Nuggets,100,136,0.474,0.602,0.333,0.535,0.727,0.7,32,41,23,39,15,9,2021-22,Away
2022-01-31,Oklahoma City Thunder,Portland Trail Blazers,98,81,0.407,0.42,0.293,0.184,0.941,0.75,50,41,22,18,12,14,2021-22,Home
2022-01-31,Boston Celtics,Miami Heat,122,92,0.524,0.391,0.381,0.386,0.667,0.7,44,38,24,25,10,18,2021-22,Home
2022-01-31,Indiana Pacers,LA Clippers,122,116,0.526,0.469,0.483,0.341,0.667,0.846,50,41,31,25,11,9,2021-22,Home
2022-01-31,Cleveland Cavaliers,New Orleans Pelicans,93,90,0.429,0.388,0.29,0.2,0.857,0.857,37,51,26,26,9,13,2021-22,Home
2022-01-31,Houston Rockets,Golden State Warriors,108,122,0.429,0.538,0.372,0.425,0.69,0.826,37,41,25,23,16,14,2021-22,Away
2022-01-31,Philadelphia 76ers,Memphis Grizzlies,122,119,0.49,0.461,0.355,0.2,0.867,0.679,49,48,30,18,21,14,2021-22,Home
2022-01-31,New York Knicks,Sacramento Kings,116,96,0.5,0.43,0.371,0.289,0.793,0.5,47,36,25,24,17,16,2021-22,Home
2022-01-31,Atlanta Hawks,Toronto Raptors,100,106,0.457,0.427,0.375,0.5,0.875,0.706,46,43,28,21,15,8,2021-22,Away
2022-02-01,Phoenix Suns,Brooklyn Nets,121,111,0.553,0.494,0.355,0.4,0.839,0.714,37,33,26,25,15,11,2021-22,Home
2022-02-01,Milwaukee Bucks,Washington Wizards,112,98,0.5,0.439,0.316,0.343,0.889,0.7,44,40,26,22,9,12,2021-22,Home
2022-02-01,Minnesota Timberwolves,Denver Nuggets,130,115,0.495,0.427,0.422,0.318,0.76,0.893,52,46,35,27,10,12,2021-22,Home
2022-02-01,Detroit Pistons,New Orleans Pelicans,101,111,0.488,0.438,0.25,0.286,0.786,0.893,35,46,21,24,18,15,2021-22,Away
2022-02-01,Chicago Bulls,Orlando Magic,126,115,0.511,0.495,0.367,0.359,0.793,0.818,49,36,25,33,9,9,2021-22,Home
2022-02-01,San Antonio Spurs,Golden State Warriors,120,124,0.554,0.448,0.485,0.435,0.706,1.0,34,46,33,30,14,14,2021-22,Away
2022-02-01,Toronto Raptors,Miami Heat,110,106,0.481,0.487,0.462,0.267,0.69,0.88,43,38,20,26,15,16,2021-22,Home
2022-02-02,Los Angeles Lakers,Portland Trail Blazers,99,94,0.423,0.357,0.367,0.333,0.667,0.526,53,55,25,23,16,12,2021-22,Home
2022-02-02,Dallas Mavericks,Oklahoma City Thunder,114,120,0.469,0.477,0.326,0.459,0.8,0.84,39,50,28,25,13,18,2021-22,Away
2022-02-02,Philadelphia 76ers,Washington Wizards,103,106,0.451,0.456,0.407,0.409,0.769,0.789,41,52,23,25,4,8,2021-22,Away
2022-02-02,Indiana Pacers,Orlando Magic,118,119,0.449,0.442,0.438,0.314,0.696,0.923,46,52,25,29,8,12,2021-22,Away
2022-02-02,Boston Celtics,Charlotte Hornets,113,107,0.512,0.425,0.389,0.3,0.882,0.778,42,46,31,18,18,16,2021-22,Home
2022-02-02,Sacramento Kings,Brooklyn Nets,112,101,0.441,0.488,0.333,0.32,0.889,0.786,48,40,23,22,11,13,2021-22,Home
2022-02-02,Utah Jazz,Denver Nuggets,108,104,0.488,0.532,0.241,0.393,0.773,0.75,37,39,21,24,7,14,2021-22,Home
2022-02-02,New York Knicks,Memphis Grizzlies,108,120,0.432,0.431,0.333,0.41,0.769,0.696,48,51,23,30,15,9,2021-22,Away
2022-02-02,Houston Rockets,Cleveland Cavaliers,115,104,0.476,0.513,0.35,0.333,0.697,0.556,37,48,25,23,12,17,2021-22,Home
2022-02-03,Golden State Warriors,Sacramento Kings,126,114,0.56,0.525,0.476,0.355,0.75,0.826,40,25,27,29,15,15,2021-22,Home
2022-02-03,Toronto Raptors,Chicago Bulls,127,120,0.425,0.478,0.389,0.414,0.895,0.917,58,51,30,30,12,17,2021-22,Home
2022-02-03,LA Clippers,Los Angeles Lakers,111,110,0.517,0.466,0.433,0.379,0.545,0.68,43,44,29,19,7,10,2021-22,Home
2022-02-03,Atlanta Hawks,Phoenix Suns,124,115,0.524,0.523,0.5,0.281,0.727,0.778,41,39,25,30,15,10,2021-22,Home
2022-02-03,San Antonio Spurs,Miami Heat,95,112,0.375,0.506,0.242,0.4,0.711,0.889,43,42,21,27,17,13,2021-22,Away
2022-02-03,Detroit Pistons,Minnesota Timberwolves,117,128,0.44,0.506,0.326,0.441,0.786,0.893,45,42,27,29,15,14,2021-22,Away
2022-02-04,Toronto Raptors,Atlanta Hawks,125,114,0.568,0.462,0.63,0.31,0.889,0.905,45,40,29,27,14,9,2021-22,Home
2022-02-04,San Antonio Spurs,Houston Rockets,131,106,0.573,0.434,0.464,0.333,0.8,0.793,44,35,33,15,12,17,2021-22,Home
2022-02-04,Detroit Pistons,Boston Celtics,93,102,0.327,0.451,0.385,0.321,0.75,0.76,56,55,18,23,11,13,2021-22,Away
2022-02-04,Indiana Pacers,Chicago Bulls,115,122,0.495,0.544,0.444,0.231,1.0,0.783,37,43,25,30,12,9,2021-22,Away
2022-02-04,Denver Nuggets,New Orleans Pelicans,105,113,0.449,0.56,0.463,0.32,0.941,0.913,31,38,22,27,15,14,2021-22,Away
2022-02-04,Dallas Mavericks,Philadelphia 76ers,107,98,0.459,0.514,0.294,0.333,0.826,0.739,40,36,22,23,10,13,2021-22,Home
2022-02-04,Utah Jazz,Brooklyn Nets,125,102,0.565,0.414,0.447,0.353,0.857,0.727,50,42,33,25,16,9,2021-22,Home
2022-02-04,Charlotte Hornets,Cleveland Cavaliers,101,102,0.413,0.4,0.326,0.4,0.917,0.8,52,51,27,26,14,12,2021-22,Away
2022-02-04,Portland Trail Blazers,Oklahoma City Thunder,93,96,0.396,0.379,0.182,0.357,0.7,0.714,53,52,18,24,12,14,2021-22,Away
2022-02-05,Orlando Magic,Memphis Grizzlies,115,135,0.433,0.505,0.354,0.333,0.69,0.727,38,62,27,33,9,8,2021-22,Away
2022-02-05,Charlotte Hornets,Miami Heat,86,104,0.384,0.418,0.278,0.344,0.625,0.944,50,49,23,27,19,12,2021-22,Away
2022-02-05,Sacramento Kings,Oklahoma City Thunder,113,103,0.518,0.483,0.375,0.3,0.682,0.625,47,41,30,23,15,14,2021-22,Home
2022-02-05,Portland Trail Blazers,Milwaukee Bucks,108,137,0.482,0.533,0.311,0.46,0.571,0.727,38,44,25,36,16,10,2021-22,Away
2022-02-05,Washington Wizards,Phoenix Suns,80,95,0.353,0.404,0.208,0.258,0.789,0.5,42,64,14,26,9,10,2021-22,Away
2022-02-05,Los Angeles Lakers,New York Knicks,122,115,0.471,0.398,0.265,0.289,0.607,0.722,57,56,29,24,13,14,2021-22,Home
2022-02-06,Chicago Bulls,Philadelphia 76ers,108,119,0.481,0.536,0.269,0.5,0.885,0.81,38,38,21,29,8,9,2021-22,Away
2022-02-06,Cleveland Cavaliers,Indiana Pacers,98,85,0.405,0.373,0.344,0.258,0.679,0.882,50,47,25,17,10,19,2021-22,Home
2022-02-06,Dallas Mavericks,Atlanta Hawks,103,94,0.432,0.389,0.444,0.2,0.846,0.938,48,50,25,21,14,12,2021-22,Home
2022-02-06,Houston Rockets,New Orleans Pelicans,107,120,0.476,0.532,0.356,0.414,0.688,0.722,33,33,28,29,16,10,2021-22,Away
2022-02-06,LA Clippers,Milwaukee Bucks,113,137,0.417,0.545,0.391,0.5,0.938,0.815,44,50,26,28,10,10,2021-22,Away
2022-02-06,Orlando Magic,Boston Celtics,83,116,0.358,0.455,0.192,0.283,0.952,0.929,40,55,17,29,17,14,2021-22,Away
2022-02-06,Minnesota Timberwolves,Detroit Pistons,118,105,0.462,0.421,0.472,0.375,0.81,0.684,51,47,27,28,10,10,2021-22,Home
2022-02-06,Denver Nuggets,Brooklyn Nets,124,104,0.521,0.414,0.313,0.39,0.762,0.727,55,36,37,24,10,10,2021-22,Home
2022-02-07,Chicago Bulls,Phoenix Suns,124,127,0.478,0.544,0.385,0.375,0.903,0.895,40,44,18,31,9,10,2021-22,Away
2022-02-07,Charlotte Hornets,Toronto Raptors,101,116,0.411,0.488,0.225,0.429,0.875,0.655,38,51,28,21,13,18,2021-22,Away
2022-02-07,Washington Wizards,Miami Heat,100,121,0.45,0.566,0.226,0.563,0.913,0.81,33,37,25,29,16,18,2021-22,Away
2022-02-07,Utah Jazz,New York Knicks,113,104,0.419,0.379,0.25,0.242,0.852,0.686,49,56,19,18,10,16,2021-22,Home
2022-02-07,Oklahoma City Thunder,Golden State Warriors,98,110,0.411,0.5,0.306,0.349,0.765,0.765,50,40,21,30,17,15,2021-22,Away
2022-02-08,Memphis Grizzlies,LA Clippers,135,109,0.515,0.449,0.346,0.355,0.8,0.75,55,40,26,25,13,17,2021-22,Home
2022-02-08,Dallas Mavericks,Detroit Pistons,116,86,0.506,0.379,0.5,0.167,0.783,0.682,47,45,24,20,13,15,2021-22,Home
2022-02-08,Denver Nuggets,New York Knicks,132,115,0.541,0.446,0.41,0.349,0.774,0.833,52,41,31,25,13,8,2021-22,Home
2022-02-08,Atlanta Hawks,Indiana Pacers,133,112,0.578,0.398,0.515,0.323,0.75,0.848,43,43,36,22,14,13,2021-22,Home
2022-02-08,Philadelphia 76ers,Phoenix Suns,109,114,0.461,0.453,0.313,0.231,0.944,0.917,44,48,24,27,14,8,2021-22,Away
2022-02-08,Los Angeles Lakers,Milwaukee Bucks,116,131,0.518,0.542,0.313,0.417,0.6,0.6,41,42,28,31,16,11,2021-22,Away
2022-02-08,Portland Trail Blazers,Orlando Magic,95,113,0.352,0.489,0.289,0.5,0.769,0.75,50,50,21,34,13,14,2021-22,Away
2022-02-08,Sacramento Kings,Minnesota Timberwolves,114,134,0.494,0.481,0.36,0.5,0.885,0.706,38,49,29,34,19,12,2021-22,Away
2022-02-08,Brooklyn Nets,Boston Celtics,91,126,0.384,0.549,0.278,0.35,0.385,0.75,40,52,22,32,13,13,2021-22,Away
2022-02-08,New Orleans Pelicans,Houston Rockets,110,97,0.525,0.372,0.25,0.31,0.9,0.645,43,47,27,19,19,21,2021-22,Home
2022-02-09,Sacramento Kings,Minnesota Timberwolves,132,119,0.516,0.449,0.4,0.348,0.889,0.833,51,34,32,28,13,10,2021-22,Home
2022-02-09,Cleveland Cavaliers,San Antonio Spurs,105,92,0.476,0.384,0.429,0.242,0.75,0.727,51,46,18,24,13,13,2021-22,Home
2022-02-09,Charlotte Hornets,Chicago Bulls,109,121,0.43,0.561,0.302,0.485,0.696,0.684,43,40,26,27,8,12,2021-22,Away
2022-02-09,Portland Trail Blazers,Los Angeles Lakers,107,105,0.472,0.554,0.313,0.459,0.813,0.462,41,38,26,29,11,21,2021-22,Home
2022-02-09,Oklahoma City Thunder,Toronto Raptors,98,117,0.414,0.511,0.298,0.371,0.857,1.0,45,45,28,22,17,16,2021-22,Away
2022-02-09,Utah Jazz,Golden State Warriors,111,85,0.461,0.359,0.333,0.372,0.706,0.765,52,35,26,17,9,11,2021-22,Home
2022-02-10,Phoenix Suns,Milwaukee Bucks,131,107,0.567,0.455,0.3,0.263,0.69,0.68,43,39,35,18,8,14,2021-22,Home
2022-02-10,Golden State Warriors,New York Knicks,114,116,0.462,0.433,0.333,0.389,0.882,0.727,38,51,27,24,7,13,2021-22,Away
2022-02-10,Washington Wizards,Brooklyn Nets,113,112,0.506,0.464,0.355,0.345,0.889,0.857,41,42,29,19,11,10,2021-22,Home
2022-02-10,New Orleans Pelicans,Miami Heat,97,112,0.424,0.481,0.268,0.313,0.875,0.857,39,43,19,25,17,13,2021-22,Away
2022-02-10,Detroit Pistons,Memphis Grizzlies,107,132,0.436,0.478,0.2,0.5,0.857,0.69,40,60,27,32,9,12,2021-22,Away
2022-02-10,Dallas Mavericks,LA Clippers,112,105,0.487,0.481,0.333,0.391,0.852,0.72,41,31,19,24,13,10,2021-22,Home
2022-02-10,Houston Rockets,Toronto Raptors,120,139,0.524,0.546,0.421,0.385,0.6,0.818,41,37,25,25,21,11,2021-22,Away
2022-02-11,Detroit Pistons,Charlotte Hornets,119,141,0.471,0.557,0.343,0.429,0.611,0.652,45,51,32,36,18,18,2021-22,Away
2022-02-11,Boston Celtics,Denver Nuggets,108,102,0.396,0.433,0.27,0.25,0.733,0.722,54,52,24,23,12,21,2021-22,Home
2022-02-11,Indiana Pacers,Cleveland Cavaliers,113,120,0.472,0.531,0.474,0.375,0.688,0.833,38,32,25,20,20,13,2021-22,Away
2022-02-11,Chicago Bulls,Minnesota Timberwolves,134,122,0.632,0.5,0.452,0.325,0.769,0.813,43,32,32,32,13,9,2021-22,Home
2022-02-11,Atlanta Hawks,San Antonio Spurs,121,136,0.456,0.556,0.326,0.563,0.867,0.857,49,41,28,37,14,14,2021-22,Away
2022-02-11,Utah Jazz,Orlando Magic,114,99,0.449,0.44,0.317,0.371,0.875,0.75,50,40,22,23,15,18,2021-22,Home
2022-02-11,Philadelphia 76ers,Oklahoma City Thunder,100,87,0.387,0.389,0.269,0.171,0.808,0.917,55,52,19,21,11,15,2021-22,Home
2022-02-12,Charlotte Hornets,Memphis Grizzlies,118,125,0.402,0.49,0.311,0.333,0.788,0.606,53,57,28,31,16,17,2021-22,Away
2022-02-12,Phoenix Suns,Orlando Magic,132,105,0.524,0.425,0.441,0.366,0.7,0.667,52,44,40,25,7,14,2021-22,Home
2022-02-12,Dallas Mavericks,LA Clippers,97,99,0.412,0.524,0.385,0.318,0.632,0.545,44,42,16,23,14,14,2021-22,Away
2022-02-12,Portland Trail Blazers,New York Knicks,112,103,0.476,0.383,0.375,0.308,0.85,0.853,51,41,29,19,15,12,2021-22,Home
2022-02-12,Philadelphia 76ers,Cleveland Cavaliers,103,93,0.481,0.468,0.455,0.333,0.81,0.867,40,34,24,21,11,15,2021-22,Home
2022-02-12,Washington Wizards,Sacramento Kings,110,123,0.466,0.566,0.342,0.429,0.714,0.862,32,42,26,27,9,14,2021-22,Away
2022-02-12,Chicago Bulls,Oklahoma City Thunder,106,101,0.449,0.386,0.28,0.306,0.826,0.733,57,43,20,22,13,8,2021-22,Home
2022-02-12,Golden State Warriors,Los Angeles Lakers,117,115,0.444,0.466,0.316,0.407,0.735,0.667,50,48,24,25,9,8,2021-22,Home
2022-02-12,Miami Heat,Brooklyn Nets,115,111,0.5,0.452,0.345,0.3,0.793,0.682,52,41,20,16,15,8,2021-22,Home
2022-02-12,Toronto Raptors,Denver Nuggets,109,110,0.489,0.464,0.353,0.378,0.647,0.857,35,50,22,28,7,17,2021-22,Away
2022-02-12,New Orleans Pelicans,San Antonio Spurs,114,124,0.494,0.505,0.344,0.378,0.85,0.842,46,34,22,26,15,5,2021-22,Away
2022-02-13,Boston Celtics,Atlanta Hawks,105,95,0.424,0.366,0.289,0.316,0.815,1.0,54,48,21,18,12,13,2021-22,Home
2022-02-13,Indiana Pacers,Minnesota Timberwolves,120,129,0.441,0.512,0.289,0.529,0.773,0.893,54,38,28,23,13,13,2021-22,Away
2022-02-14,Brooklyn Nets,Sacramento Kings,109,85,0.512,0.344,0.346,0.257,0.933,0.778,49,43,25,12,16,18,2021-22,Home
2022-02-14,Denver Nuggets,Orlando Magic,121,111,0.477,0.44,0.4,0.282,0.913,0.87,52,42,25,24,22,15,2021-22,Home
2022-02-14,Milwaukee Bucks,Portland Trail Blazers,107,122,0.427,0.455,0.317,0.419,0.75,0.737,43,58,18,30,13,13,2021-22,Away
2022-02-14,LA Clippers,Golden State Warriors,119,104,0.565,0.453,0.441,0.39,0.533,0.769,43,38,25,23,12,14,2021-22,Home
2022-02-14,New Orleans Pelicans,Toronto Raptors,120,90,0.584,0.305,0.457,0.235,0.875,0.774,47,44,36,8,13,6,2021-22,Home
2022-02-14,Washington Wizards,Detroit Pistons,103,94,0.471,0.376,0.31,0.348,0.778,0.815,45,44,21,19,15,11,2021-22,Home
2022-02-14,New York Knicks,Oklahoma City Thunder,123,127,0.417,0.5,0.3,0.382,0.818,0.667,56,46,28,28,14,11,2021-22,Away
2022-02-14,Utah Jazz,Houston Rockets,135,101,0.551,0.422,0.45,0.324,0.864,0.679,53,33,34,23,13,12,2021-22,Home
2022-02-14,Chicago Bulls,San Antonio Spurs,120,109,0.523,0.478,0.417,0.3,0.857,0.714,53,33,25,28,15,7,2021-22,Home
2022-02-15,Minnesota Timberwolves,Charlotte Hornets,126,120,0.394,0.412,0.236,0.242,0.628,0.757,58,62,29,31,13,14,2021-22,Home
2022-02-15,Atlanta Hawks,Cleveland Cavaliers,124,116,0.538,0.511,0.424,0.39,0.889,0.833,35,39,25,30,11,13,2021-22,Home
2022-02-15,Miami Heat,Dallas Mavericks,99,107,0.417,0.447,0.259,0.439,0.815,0.636,48,38,19,27,12,8,2021-22,Away
2022-02-15,Philadelphia 76ers,Boston Celtics,87,135,0.288,0.561,0.25,0.556,0.846,0.818,40,51,17,28,9,9,2021-22,Away
2022-02-15,New Orleans Pelicans,Memphis Grizzlies,109,121,0.5,0.5,0.154,0.294,0.85,0.63,34,49,20,29,15,12,2021-22,Away
2022-02-15,Milwaukee Bucks,Indiana Pacers,128,119,0.558,0.505,0.345,0.415,0.733,0.421,47,41,28,32,13,12,2021-22,Home
2022-02-15,Phoenix Suns,LA Clippers,103,96,0.489,0.412,0.32,0.286,0.7,0.667,52,46,30,26,16,13,2021-22,Home
2022-02-16,Chicago Bulls,Sacramento Kings,125,118,0.5,0.512,0.414,0.4,0.95,0.909,47,36,25,24,11,13,2021-22,Home
2022-02-16,Golden State Warriors,Denver Nuggets,116,117,0.517,0.473,0.294,0.389,0.667,0.81,37,48,26,27,10,18,2021-22,Away
2022-02-16,Phoenix Suns,Houston Rockets,124,121,0.512,0.433,0.292,0.295,0.806,0.857,42,49,27,23,11,16,2021-22,Home
2022-02-16,Indiana Pacers,Washington Wizards,113,108,0.542,0.429,0.2,0.459,0.655,0.813,40,44,30,25,11,12,2021-22,Home
2022-02-16,Orlando Magic,Atlanta Hawks,109,130,0.429,0.5,0.317,0.545,0.923,0.786,45,47,23,23,13,11,2021-22,Away
2022-02-16,Los Angeles Lakers,Utah Jazz,106,101,0.477,0.468,0.278,0.333,0.636,0.842,44,41,24,17,11,13,2021-22,Home
2022-02-16,New York Knicks,Brooklyn Nets,106,111,0.435,0.439,0.372,0.324,0.889,0.609,44,51,22,21,9,9,2021-22,Away
2022-02-16,Minnesota Timberwolves,Toronto Raptors,91,103,0.39,0.455,0.238,0.32,0.724,0.789,42,48,23,21,14,13,2021-22,Away
2022-02-16,Boston Celtics,Detroit Pistons,111,112,0.545,0.462,0.406,0.533,0.778,0.769,30,47,29,28,15,16,2021-22,Away
2022-02-16,Memphis Grizzlies,Portland Trail Blazers,119,123,0.435,0.506,0.367,0.406,0.81,0.75,39,43,20,23,9,12,2021-22,Away
2022-02-16,Oklahoma City Thunder,San Antonio Spurs,106,114,0.39,0.439,0.344,0.294,0.684,0.818,50,57,25,29,8,13,2021-22,Away
2022-02-17,Brooklyn Nets,Washington Wizards,103,117,0.404,0.554,0.368,0.5,0.708,0.813,42,38,19,26,15,15,2021-22,Away
2022-02-17,Charlotte Hornets,Miami Heat,107,111,0.4,0.402,0.238,0.292,0.7,0.652,58,56,27,31,18,14,2021-22,Away
2022-02-17,LA Clippers,Houston Rockets,142,111,0.554,0.462,0.514,0.351,0.846,0.737,50,35,34,29,16,18,2021-22,Home
2022-02-17,Milwaukee Bucks,Philadelphia 76ers,120,123,0.442,0.5,0.318,0.353,0.786,0.852,44,46,20,21,7,12,2021-22,Away
2022-02-17,New Orleans Pelicans,Dallas Mavericks,118,125,0.5,0.537,0.429,0.475,0.667,0.72,48,38,22,18,13,8,2021-22,Away
2022-02-24,Minnesota Timberwolves,Memphis Grizzlies,119,114,0.462,0.388,0.381,0.29,0.68,0.725,42,59,26,25,12,15,2021-22,Home
2022-02-24,Detroit Pistons,Cleveland Cavaliers,106,103,0.407,0.442,0.324,0.343,0.893,0.676,49,43,23,20,10,12,2021-22,Home
2022-02-24,Oklahoma City Thunder,Phoenix Suns,104,124,0.473,0.535,0.194,0.382,0.909,0.905,42,43,22,32,16,15,2021-22,Away
2022-02-24,Brooklyn Nets,Boston Celtics,106,129,0.415,0.541,0.241,0.405,0.75,0.741,38,48,25,28,10,13,2021-22,Away
2022-02-24,Portland Trail Blazers,Golden State Warriors,95,132,0.392,0.511,0.257,0.366,0.828,0.844,31,46,16,36,18,12,2021-22,Away
2022-02-24,Sacramento Kings,Denver Nuggets,110,128,0.5,0.558,0.31,0.429,0.833,0.85,34,39,25,30,15,16,2021-22,Away
2022-02-24,Chicago Bulls,Atlanta Hawks,112,108,0.488,0.423,0.296,0.286,0.815,0.667,43,45,16,20,8,9,2021-22,Home
2022-02-25,Los Angeles Lakers,LA Clippers,102,105,0.419,0.494,0.258,0.385,0.762,0.684,47,47,18,25,12,15,2021-22,Away
2022-02-25,Charlotte Hornets,Toronto Raptors,125,93,0.553,0.44,0.375,0.261,0.667,0.565,52,36,34,18,16,16,2021-22,Home
2022-02-25,Washington Wizards,San Antonio Spurs,153,157,0.546,0.543,0.421,0.31,0.792,0.791,39,50,36,35,15,17,2021-22,Away
2022-02-25,New York Knicks,Miami Heat,100,115,0.4,0.47,0.35,0.344,0.722,0.743,45,44,19,22,18,8,2021-22,Away
2022-02-25,Utah Jazz,Dallas Mavericks,114,109,0.541,0.477,0.421,0.436,0.818,1.0,44,30,22,22,18,11,2021-22,Home
2022-02-25,Phoenix Suns,New Orleans Pelicans,102,117,0.439,0.437,0.3,0.276,0.75,0.805,37,53,23,21,14,10,2021-22,Away
2022-02-25,Orlando Magic,Houston Rockets,119,111,0.506,0.468,0.361,0.298,0.759,0.45,54,41,20,22,18,13,2021-22,Home
2022-02-25,Minnesota Timberwolves,Philadelphia 76ers,102,133,0.419,0.512,0.231,0.487,0.84,0.833,41,42,23,30,16,11,2021-22,Away
2022-02-25,Indiana Pacers,Oklahoma City Thunder,125,129,0.485,0.495,0.378,0.355,0.591,0.75,51,54,31,23,14,11,2021-22,Away
2022-02-26,Detroit Pistons,Boston Celtics,104,113,0.448,0.477,0.259,0.385,0.864,0.905,41,37,18,31,14,10,2021-22,Away
2022-02-26,Milwaukee Bucks,Brooklyn Nets,123,126,0.526,0.478,0.421,0.382,0.658,0.758,43,40,24,24,14,7,2021-22,Away
2022-02-26,Denver Nuggets,Sacramento Kings,115,110,0.463,0.427,0.372,0.3,0.793,0.758,45,45,29,24,12,12,2021-22,Home
2022-02-26,Miami Heat,San Antonio Spurs,133,129,0.566,0.556,0.429,0.452,0.711,0.789,32,46,25,33,11,20,2021-22,Home
2022-02-26,Chicago Bulls,Memphis Grizzlies,110,116,0.419,0.44,0.45,0.304,0.767,0.808,41,61,17,23,9,13,2021-22,Away
2022-02-26,Cleveland Cavaliers,Washington Wizards,92,86,0.386,0.432,0.32,0.478,0.833,0.833,49,42,22,19,13,18,2021-22,Home
2022-02-26,Atlanta Hawks,Toronto Raptors,127,100,0.578,0.4,0.419,0.313,0.818,0.737,45,42,27,25,12,11,2021-22,Home
2022-02-27,Portland Trail Blazers,Denver Nuggets,92,124,0.374,0.512,0.167,0.324,0.692,0.774,42,55,22,28,15,14,2021-22,Away
2022-02-27,Los Angeles Lakers,New Orleans Pelicans,95,123,0.417,0.511,0.206,0.433,0.9,0.64,38,51,15,29,23,15,2021-22,Away
2022-02-27,New York Knicks,Philadelphia 76ers,109,125,0.447,0.487,0.333,0.303,0.629,0.886,47,43,21,28,18,10,2021-22,Away
2022-02-27,Charlotte Hornets,Detroit Pistons,126,127,0.506,0.455,0.419,0.35,0.676,0.722,46,54,25,30,17,14,2021-22,Away
2022-02-27,Phoenix Suns,Utah Jazz,114,118,0.512,0.468,0.464,0.425,0.813,0.65,36,41,24,23,9,9,2021-22,Away
2022-02-27,Houston Rockets,LA Clippers,98,99,0.38,0.442,0.405,0.324,0.611,0.714,37,59,26,18,6,18,2021-22,Away
2022-02-27,Indiana Pacers,Boston Celtics,128,107,0.522,0.429,0.515,0.279,0.85,0.85,49,40,25,25,14,10,2021-22,Home
2022-02-27,Golden State Warriors,Dallas Mavericks,101,107,0.429,0.5,0.282,0.382,0.6,0.8,44,45,27,16,10,18,2021-22,Away
2022-02-28,Brooklyn Nets,Toronto Raptors,97,133,0.384,0.515,0.343,0.474,0.792,0.591,45,47,23,35,22,12,2021-22,Away
2022-02-28,Oklahoma City Thunder,Sacramento Kings,110,131,0.465,0.563,0.314,0.323,0.704,0.767,38,46,28,30,16,16,2021-22,Away
2022-02-28,Milwaukee Bucks,Charlotte Hornets,130,106,0.44,0.387,0.4,0.359,0.865,0.625,62,40,25,22,13,8,2021-22,Home
2022-02-28,Cleveland Cavaliers,Minnesota Timberwolves,122,127,0.527,0.547,0.405,0.429,0.853,0.789,38,31,29,30,20,13,2021-22,Away
2022-02-28,Memphis Grizzlies,San Antonio Spurs,118,105,0.539,0.414,0.423,0.281,0.579,0.737,55,38,24,30,16,9,2021-22,Home
2022-02-28,Orlando Magic,Indiana Pacers,119,103,0.469,0.486,0.324,0.417,0.773,0.72,39,39,29,22,10,21,2021-22,Home
2022-02-28,Miami Heat,Chicago Bulls,112,99,0.494,0.488,0.387,0.241,0.769,0.667,39,38,28,23,14,14,2021-22,Home
2022-03-01,Washington Wizards,Detroit Pistons,116,113,0.5,0.478,0.5,0.296,0.808,0.826,42,43,29,23,15,12,2021-22,Home
2022-03-01,Boston Celtics,Atlanta Hawks,107,98,0.47,0.434,0.314,0.226,0.947,0.792,47,37,27,15,12,9,2021-22,Home
2022-03-01,Minnesota Timberwolves,Golden State Warriors,129,114,0.528,0.456,0.4,0.289,0.826,0.864,42,40,27,26,16,17,2021-22,Home
2022-03-01,Los Angeles Lakers,Dallas Mavericks,104,109,0.451,0.5,0.412,0.286,0.8,0.63,37,45,22,24,12,13,2021-22,Away
2022-03-01,Toronto Raptors,Brooklyn Nets,109,108,0.456,0.5,0.304,0.4,0.87,0.737,48,37,27,21,13,12,2021-22,Home
2022-03-01,Houston Rockets,LA Clippers,100,113,0.396,0.438,0.333,0.419,0.647,0.941,45,55,21,24,13,15,2021-22,Away
2022-03-02,New Orleans Pelicans,Sacramento Kings,125,95,0.591,0.393,0.379,0.229,0.833,0.68,50,38,30,20,15,11,2021-22,Home
2022-03-02,Houston Rockets,Utah Jazz,127,132,0.5,0.549,0.412,0.357,0.667,0.708,34,49,27,32,16,19,2021-22,Away
2022-03-02,Orlando Magic,Indiana Pacers,114,122,0.454,0.436,0.313,0.324,0.8,0.8,52,54,22,23,18,18,2021-22,Away
2022-03-02,Cleveland Cavaliers,Charlotte Hornets,98,119,0.468,0.506,0.323,0.447,0.667,0.727,37,45,21,32,14,10,2021-22,Away
2022-03-02,Milwaukee Bucks,Miami Heat,120,119,0.451,0.454,0.389,0.477,0.889,0.833,52,48,22,28,12,10,2021-22,Home
2022-03-02,Denver Nuggets,Oklahoma City Thunder,107,119,0.444,0.506,0.261,0.552,0.882,0.714,47,50,25,24,16,14,2021-22,Away
2022-03-02,Philadelphia 76ers,New York Knicks,123,108,0.52,0.429,0.472,0.286,0.848,0.688,43,40,24,20,14,7,2021-22,Home
2022-03-02,Phoenix Suns,Portland Trail Blazers,120,90,0.5,0.385,0.389,0.355,0.839,0.76,46,35,32,22,14,18,2021-22,Home
2022-03-03,Boston Celtics,Memphis Grizzlies,120,107,0.517,0.424,0.432,0.325,0.8,0.769,51,44,33,24,14,7,2021-22,Home
2022-03-03,Dallas Mavericks,Golden State Warriors,122,113,0.529,0.543,0.459,0.5,0.75,0.769,32,37,29,26,9,15,2021-22,Home
2022-03-03,Toronto Raptors,Detroit Pistons,106,108,0.434,0.452,0.269,0.297,0.75,0.75,41,42,12,25,10,9,2021-22,Away
2022-03-03,LA Clippers,Los Angeles Lakers,132,111,0.548,0.488,0.63,0.343,0.867,0.773,46,36,32,26,10,14,2021-22,Home
2022-03-03,San Antonio Spurs,Sacramento Kings,112,115,0.495,0.459,0.375,0.313,0.5,0.844,40,49,28,26,11,13,2021-22,Away
2022-03-03,Brooklyn Nets,Miami Heat,107,113,0.47,0.519,0.387,0.333,0.773,0.821,30,35,24,27,13,13,2021-22,Away
2022-03-03,Atlanta Hawks,Chicago Bulls,130,124,0.524,0.591,0.45,0.538,0.857,0.857,33,32,26,30,5,13,2021-22,Home
2022-03-04,Oklahoma City Thunder,Minnesota Timberwolves,101,138,0.43,0.538,0.257,0.468,0.857,0.783,39,41,19,35,23,17,2021-22,Away
2022-03-04,Detroit Pistons,Indiana Pacers,111,106,0.447,0.39,0.5,0.25,0.667,0.643,52,55,28,24,13,12,2021-22,Home
2022-03-04,Chicago Bulls,Milwaukee Bucks,112,118,0.5,0.489,0.385,0.323,0.727,0.667,40,50,25,20,12,13,2021-22,Away
2022-03-04,Philadelphia 76ers,Cleveland Cavaliers,125,119,0.547,0.537,0.424,0.357,0.906,0.875,30,41,23,30,11,12,2021-22,Home
2022-03-04,Phoenix Suns,New York Knicks,115,114,0.447,0.465,0.5,0.448,0.815,0.7,33,49,28,23,9,12,2021-22,Home
2022-03-04,New Orleans Pelicans,Utah Jazz,124,90,0.515,0.348,0.306,0.268,0.765,0.654,52,52,29,15,10,20,2021-22,Home
2022-03-04,Denver Nuggets,Houston Rockets,116,101,0.453,0.458,0.394,0.278,0.806,0.682,41,44,27,25,10,14,2021-22,Home
2022-03-04,Toronto Raptors,Orlando Magic,97,103,0.398,0.379,0.324,0.297,0.647,0.952,54,55,22,24,12,8,2021-22,Away
2022-03-04,Washington Wizards,Atlanta Hawks,114,117,0.541,0.418,0.483,0.361,0.889,0.824,41,39,37,18,14,4,2021-22,Away
2022-03-05,Charlotte Hornets,San Antonio Spurs,123,117,0.462,0.459,0.381,0.297,0.793,0.8,50,51,29,28,9,10,2021-22,Home
2022-03-05,Minnesota Timberwolves,Portland Trail Blazers,135,121,0.565,0.471,0.405,0.421,0.828,0.833,42,41,36,24,11,15,2021-22,Home
2022-03-05,Miami Heat,Philadelphia 76ers,99,82,0.486,0.341,0.464,0.171,0.842,0.826,38,41,20,13,13,9,2021-22,Home
2022-03-05,Memphis Grizzlies,Orlando Magic,124,96,0.5,0.43,0.412,0.314,0.667,0.688,55,41,25,25,7,12,2021-22,Home
2022-03-05,Dallas Mavericks,Sacramento Kings,114,113,0.476,0.489,0.389,0.36,0.741,0.667,39,45,22,24,10,14,2021-22,Home
2022-03-05,Los Angeles Lakers,Golden State Warriors,124,116,0.494,0.5,0.439,0.441,0.857,0.474,47,41,25,22,17,16,2021-22,Home
2022-03-06,LA Clippers,New York Knicks,93,116,0.375,0.472,0.324,0.448,0.727,0.633,43,57,17,19,10,10,2021-22,Away
2022-03-06,Houston Rockets,Memphis Grizzlies,123,112,0.524,0.454,0.382,0.192,0.667,0.704,45,40,23,27,17,11,2021-22,Home
2022-03-06,Denver Nuggets,New Orleans Pelicans,138,130,0.54,0.475,0.303,0.424,0.791,0.69,47,49,32,30,15,14,2021-22,Home
2022-03-06,Washington Wizards,Indiana Pacers,133,123,0.523,0.518,0.405,0.323,0.813,0.862,36,42,33,28,5,10,2021-22,Home
2022-03-06,Cleveland Cavaliers,Toronto Raptors,104,96,0.459,0.394,0.306,0.25,0.652,0.615,58,45,24,17,17,7,2021-22,Home
2022-03-06,Boston Celtics,Brooklyn Nets,126,120,0.482,0.506,0.472,0.444,0.763,0.9,37,45,25,24,10,15,2021-22,Home
2022-03-06,Milwaukee Bucks,Phoenix Suns,132,122,0.54,0.538,0.469,0.452,0.793,0.727,48,27,31,33,14,11,2021-22,Home
2022-03-06,Oklahoma City Thunder,Utah Jazz,103,116,0.424,0.449,0.2,0.442,0.895,0.765,47,48,20,27,7,11,2021-22,Away
2022-03-07,Sacramento Kings,New York Knicks,115,131,0.488,0.511,0.344,0.429,0.722,0.826,40,47,23,19,11,8,2021-22,Away
2022-03-07,Denver Nuggets,Golden State Warriors,131,124,0.548,0.511,0.313,0.425,0.707,0.739,41,41,39,29,9,14,2021-22,Home
2022-03-07,Minnesota Timberwolves,Portland Trail Blazers,124,81,0.413,0.277,0.302,0.25,0.795,0.737,67,42,21,11,20,17,2021-22,Home
2022-03-07,Dallas Mavericks,Utah Jazz,111,103,0.443,0.434,0.37,0.387,0.8,0.792,43,45,19,22,9,13,2021-22,Home
2022-03-07,Miami Heat,Houston Rockets,123,106,0.538,0.443,0.452,0.302,0.786,0.682,50,33,26,22,15,10,2021-22,Home
2022-03-07,San Antonio Spurs,Los Angeles Lakers,117,110,0.548,0.473,0.346,0.308,0.533,0.696,47,43,28,19,16,15,2021-22,Home
2022-03-07,Philadelphia 76ers,Chicago Bulls,121,106,0.488,0.448,0.4,0.333,0.794,0.769,38,48,29,22,9,13,2021-22,Home
2022-03-07,Detroit Pistons,Atlanta Hawks,113,110,0.462,0.452,0.364,0.289,0.652,0.682,47,48,27,28,12,13,2021-22,Home
2022-03-08,Orlando Magic,Phoenix Suns,99,102,0.38,0.38,0.179,0.351,0.88,0.826,53,52,17,24,11,10,2021-22,Away
2022-03-08,Golden State Warriors,LA Clippers,112,97,0.478,0.355,0.382,0.308,0.846,0.826,51,47,33,23,16,13,2021-22,Home
2022-03-08,Charlotte Hornets,Brooklyn Nets,121,132,0.489,0.561,0.317,0.514,0.818,0.759,41,38,26,33,15,16,2021-22,Away
2022-03-08,Indiana Pacers,Cleveland Cavaliers,124,127,0.538,0.5,0.5,0.281,0.667,0.889,38,40,35,25,17,8,2021-22,Away
2022-03-08,Memphis Grizzlies,New Orleans Pelicans,132,111,0.475,0.466,0.364,0.324,0.833,0.667,52,45,30,24,11,14,2021-22,Home
2022-03-08,Oklahoma City Thunder,Milwaukee Bucks,115,142,0.5,0.53,0.41,0.5,0.714,0.8,36,53,26,35,15,13,2021-22,Away
2022-03-09,Detroit Pistons,Chicago Bulls,108,114,0.512,0.526,0.355,0.2,0.765,0.886,32,33,25,19,16,11,2021-22,Away
2022-03-09,San Antonio Spurs,Toronto Raptors,104,119,0.452,0.482,0.281,0.367,0.95,0.929,36,47,24,12,12,10,2021-22,Away
2022-03-09,Milwaukee Bucks,Atlanta Hawks,124,115,0.5,0.5,0.343,0.289,0.783,0.818,50,44,24,26,8,9,2021-22,Home
2022-03-09,Miami Heat,Phoenix Suns,90,111,0.398,0.455,0.303,0.297,0.769,1.0,38,55,27,26,14,14,2021-22,Away
2022-03-09,Charlotte Hornets,Boston Celtics,101,115,0.424,0.495,0.242,0.324,0.75,0.786,46,47,18,30,16,11,2021-22,Away
2022-03-09,LA Clippers,Washington Wizards,115,109,0.5,0.471,0.5,0.37,1.0,0.85,41,41,21,26,12,12,2021-22,Home
2022-03-09,Utah Jazz,Portland Trail Blazers,123,85,0.519,0.326,0.37,0.25,0.815,0.818,50,36,31,19,9,9,2021-22,Home
2022-03-09,New Orleans Pelicans,Orlando Magic,102,108,0.441,0.474,0.226,0.378,0.722,0.846,41,45,23,25,11,18,2021-22,Away
2022-03-09,Sacramento Kings,Denver Nuggets,100,106,0.447,0.488,0.353,0.257,0.667,0.895,38,51,24,26,16,20,2021-22,Away
2022-03-09,Dallas Mavericks,New York Knicks,77,107,0.314,0.429,0.136,0.265,0.68,0.788,37,55,11,20,8,10,2021-22,Away
2022-03-09,Houston Rockets,Los Angeles Lakers,139,130,0.51,0.465,0.425,0.383,0.947,0.692,50,48,25,25,16,16,2021-22,Home
2022-03-09,Minnesota Timberwolves,Oklahoma City Thunder,132,102,0.523,0.414,0.423,0.326,0.769,0.667,48,42,34,26,14,15,2021-22,Home
2022-03-10,Philadelphia 76ers,Brooklyn Nets,100,129,0.323,0.56,0.389,0.45,0.867,0.529,50,45,19,29,18,11,2021-22,Away
2022-03-10,Denver Nuggets,Golden State Warriors,102,113,0.417,0.477,0.226,0.333,0.781,0.75,49,36,19,26,11,7,2021-22,Away
2022-03-11,Miami Heat,Cleveland Cavaliers,117,105,0.477,0.443,0.314,0.32,0.889,0.931,42,40,28,25,9,17,2021-22,Home
2022-03-11,Phoenix Suns,Toronto Raptors,112,117,0.5,0.447,0.306,0.438,0.765,0.905,40,48,27,19,16,15,2021-22,Away
2022-03-11,Boston Celtics,Detroit Pistons,114,103,0.467,0.422,0.188,0.294,0.8,0.958,47,42,23,21,9,14,2021-22,Home
2022-03-11,New Orleans Pelicans,Charlotte Hornets,120,142,0.5,0.598,0.385,0.468,0.76,0.8,40,38,31,41,17,14,2021-22,Away
2022-03-11,San Antonio Spurs,Utah Jazz,104,102,0.4,0.402,0.207,0.325,0.698,0.652,54,57,15,20,13,17,2021-22,Home
2022-03-11,Orlando Magic,Minnesota Timberwolves,118,110,0.465,0.456,0.4,0.333,0.88,1.0,49,37,31,24,12,9,2021-22,Home
2022-03-11,Los Angeles Lakers,Washington Wizards,122,109,0.527,0.459,0.452,0.333,0.706,0.667,37,47,25,21,7,10,2021-22,Home
2022-03-11,Houston Rockets,Dallas Mavericks,100,113,0.477,0.455,0.2,0.306,0.632,0.786,39,47,29,20,11,13,2021-22,Away
2022-03-11,Memphis Grizzlies,New York Knicks,118,114,0.442,0.422,0.346,0.4,0.586,0.757,54,54,23,23,10,16,2021-22,Home
2022-03-11,Atlanta Hawks,LA Clippers,112,106,0.478,0.488,0.29,0.375,0.895,0.824,47,36,28,22,10,12,2021-22,Home
2022-03-12,Denver Nuggets,Toronto Raptors,115,127,0.551,0.471,0.407,0.387,0.75,0.76,39,50,32,28,19,7,2021-22,Away
2022-03-12,Golden State Warriors,Milwaukee Bucks,122,109,0.484,0.413,0.4,0.386,0.933,0.696,55,39,33,27,10,4,2021-22,Home
2022-03-12,Miami Heat,Minnesota Timberwolves,104,113,0.398,0.422,0.333,0.357,0.76,0.875,53,46,23,21,18,14,2021-22,Away
2022-03-12,Portland Trail Blazers,Washington Wizards,127,118,0.516,0.47,0.367,0.412,0.909,0.963,43,35,21,26,11,14,2021-22,Home
2022-03-12,Chicago Bulls,Cleveland Cavaliers,101,91,0.443,0.419,0.429,0.208,0.933,0.824,46,40,20,19,12,14,2021-22,Home
2022-03-12,San Antonio Spurs,Indiana Pacers,108,119,0.412,0.489,0.324,0.389,0.813,1.0,52,47,28,23,10,12,2021-22,Away
2022-03-12,Utah Jazz,Sacramento Kings,134,125,0.558,0.5,0.39,0.394,0.71,0.857,44,33,21,27,9,7,2021-22,Home
2022-03-13,Boston Celtics,Dallas Mavericks,92,95,0.375,0.446,0.243,0.405,0.895,0.737,45,42,16,20,11,17,2021-22,Away
2022-03-13,Atlanta Hawks,Indiana Pacers,131,128,0.548,0.517,0.447,0.429,0.917,0.808,36,43,27,23,11,15,2021-22,Home
2022-03-13,New Orleans Pelicans,Houston Rockets,130,105,0.516,0.506,0.313,0.387,0.706,0.6,45,39,30,24,10,24,2021-22,Home
2022-03-13,Orlando Magic,Philadelphia 76ers,114,116,0.451,0.38,0.419,0.378,0.7,0.865,50,45,28,21,11,8,2021-22,Away
2022-03-13,Detroit Pistons,LA Clippers,102,106,0.45,0.449,0.414,0.333,0.9,0.8,44,46,23,25,10,6,2021-22,Away
2022-03-13,Brooklyn Nets,New York Knicks,110,107,0.494,0.47,0.207,0.379,0.727,0.857,39,40,30,27,13,16,2021-22,Home
2022-03-13,Oklahoma City Thunder,Memphis Grizzlies,118,125,0.423,0.471,0.317,0.379,0.821,0.9,44,57,25,30,11,13,2021-22,Away
2022-03-13,Phoenix Suns,Los Angeles Lakers,140,111,0.569,0.444,0.364,0.4,0.857,0.742,51,37,36,24,9,19,2021-22,Home
2022-03-14,Atlanta Hawks,Portland Trail Blazers,122,113,0.367,0.5,0.25,0.417,0.938,0.714,49,56,28,25,4,20,2021-22,Home
2022-03-14,Philadelphia 76ers,Denver Nuggets,110,114,0.429,0.537,0.364,0.394,0.813,0.65,48,42,25,29,13,14,2021-22,Away
2022-03-14,Utah Jazz,Milwaukee Bucks,111,117,0.398,0.465,0.354,0.387,0.833,0.862,45,42,21,21,13,12,2021-22,Away
2022-03-14,Oklahoma City Thunder,Charlotte Hornets,116,134,0.467,0.538,0.364,0.571,0.842,0.762,49,37,31,33,18,6,2021-22,Away
2022-03-14,Los Angeles Lakers,Toronto Raptors,103,114,0.391,0.406,0.31,0.27,0.759,0.722,43,64,20,24,13,12,2021-22,Away
2022-03-14,Golden State Warriors,Washington Wizards,126,112,0.536,0.512,0.4,0.385,0.818,0.783,44,35,26,28,13,12,2021-22,Home
2022-03-14,San Antonio Spurs,Minnesota Timberwolves,139,149,0.536,0.578,0.371,0.515,0.846,0.875,36,40,33,28,15,15,2021-22,Away
2022-03-14,Cleveland Cavaliers,LA Clippers,120,111,0.477,0.439,0.5,0.333,0.719,0.765,49,43,28,29,11,10,2021-22,Home
2022-03-14,Sacramento Kings,Chicago Bulls,112,103,0.476,0.409,0.4,0.294,0.923,0.955,45,40,25,22,15,13,2021-22,Home
2022-03-15,Orlando Magic,Brooklyn Nets,108,150,0.379,0.602,0.366,0.593,0.778,0.824,37,48,25,35,12,12,2021-22,Away
2022-03-15,Miami Heat,Detroit Pistons,105,98,0.403,0.463,0.364,0.294,0.897,0.636,44,39,20,23,11,12,2021-22,Home
2022-03-15,Indiana Pacers,Memphis Grizzlies,102,135,0.418,0.514,0.2,0.375,0.737,0.6,49,51,23,38,19,10,2021-22,Away
2022-03-15,New Orleans Pelicans,Phoenix Suns,115,131,0.5,0.544,0.353,0.529,0.708,1.0,45,34,29,35,17,8,2021-22,Away
2022-03-16,Charlotte Hornets,Atlanta Hawks,116,106,0.494,0.43,0.314,0.351,0.826,0.929,43,43,30,28,9,12,2021-22,Home
2022-03-16,Minnesota Timberwolves,Los Angeles Lakers,124,104,0.444,0.419,0.405,0.227,0.871,0.696,51,38,22,23,16,14,2021-22,Home
2022-03-16,LA Clippers,Toronto Raptors,100,103,0.487,0.458,0.367,0.344,0.867,0.762,41,43,27,14,14,11,2021-22,Away
2022-03-16,New York Knicks,Portland Trail Blazers,128,98,0.5,0.44,0.421,0.324,0.821,0.5,47,41,31,26,10,11,2021-22,Home
2022-03-16,San Antonio Spurs,Oklahoma City Thunder,122,120,0.439,0.524,0.463,0.371,0.85,0.724,48,47,31,24,12,17,2021-22,Home
2022-03-16,Cleveland Cavaliers,Philadelphia 76ers,114,118,0.488,0.519,0.321,0.375,0.844,0.857,39,39,25,24,9,11,2021-22,Away
2022-03-16,Golden State Warriors,Boston Celtics,88,110,0.372,0.469,0.229,0.375,0.813,0.864,38,53,19,23,8,10,2021-22,Away
2022-03-16,Brooklyn Nets,Dallas Mavericks,111,113,0.495,0.494,0.346,0.353,0.8,1.0,45,37,28,21,11,10,2021-22,Away
2022-03-16,Houston Rockets,Phoenix Suns,112,129,0.494,0.558,0.41,0.394,0.632,0.769,33,49,26,32,11,11,2021-22,Away
2022-03-16,Utah Jazz,Chicago Bulls,125,110,0.506,0.473,0.487,0.353,0.759,0.706,47,37,20,28,16,12,2021-22,Home
2022-03-16,Washington Wizards,Denver Nuggets,109,127,0.471,0.511,0.217,0.405,0.71,0.952,48,41,26,30,10,9,2021-22,Away
2022-03-16,Sacramento Kings,Milwaukee Bucks,126,135,0.489,0.528,0.372,0.514,0.857,0.719,39,47,27,21,15,11,2021-22,Away
2022-03-17,Orlando Magic,Detroit Pistons,120,134,0.485,0.5,0.367,0.465,0.714,0.645,45,45,24,34,13,7,2021-22,Away
2022-03-18,Cleveland Cavaliers,Denver Nuggets,119,116,0.449,0.5,0.378,0.303,0.654,0.778,46,51,31,35,11,18,2021-22,Home
2022-03-18,Brooklyn Nets,Portland Trail Blazers,128,123,0.584,0.5,0.4,0.371,0.848,0.583,45,37,24,29,21,13,2021-22,Home
2022-03-18,Phoenix Suns,Chicago Bulls,129,102,0.56,0.412,0.44,0.259,0.923,0.806,49,37,23,20,11,11,2021-22,Home
2022-03-18,Sacramento Kings,Boston Celtics,97,126,0.418,0.561,0.361,0.55,0.75,0.706,37,43,23,33,16,13,2021-22,Away
2022-03-18,San Antonio Spurs,New Orleans Pelicans,91,124,0.36,0.5,0.25,0.412,0.8,0.778,40,58,22,24,16,9,2021-22,Away
2022-03-18,Philadelphia 76ers,Dallas Mavericks,111,101,0.493,0.463,0.421,0.375,0.913,0.714,38,40,23,21,11,12,2021-22,Home
2022-03-18,Miami Heat,Oklahoma City Thunder,120,108,0.484,0.476,0.353,0.294,0.833,0.783,46,47,25,19,6,10,2021-22,Home
2022-03-18,Houston Rockets,Indiana Pacers,118,121,0.494,0.465,0.444,0.326,0.875,0.684,42,46,24,29,15,13,2021-22,Away
2022-03-18,New York Knicks,Washington Wizards,100,97,0.344,0.43,0.303,0.382,0.778,0.762,60,38,18,19,12,13,2021-22,Home
2022-03-18,Atlanta Hawks,Memphis Grizzlies,120,105,0.495,0.465,0.464,0.364,0.81,0.739,40,48,28,18,9,16,2021-22,Home
2022-03-18,Toronto Raptors,Los Angeles Lakers,123,128,0.505,0.49,0.324,0.442,0.65,0.714,46,43,25,33,12,13,2021-22,Away
2022-03-18,Utah Jazz,LA Clippers,121,92,0.485,0.36,0.364,0.314,0.786,0.905,59,43,30,23,12,12,2021-22,Home
2022-03-19,Minnesota Timberwolves,Milwaukee Bucks,138,119,0.511,0.443,0.468,0.365,0.846,0.824,44,51,30,27,11,14,2021-22,Home
2022-03-19,Charlotte Hornets,Dallas Mavericks,129,108,0.5,0.438,0.476,0.368,0.778,0.8,46,44,33,18,9,13,2021-22,Home
2022-03-19,Cleveland Cavaliers,Detroit Pistons,113,109,0.511,0.482,0.385,0.433,0.565,0.737,44,38,28,23,14,15,2021-22,Home
2022-03-19,Washington Wizards,Los Angeles Lakers,127,119,0.518,0.527,0.419,0.371,0.839,0.909,36,41,30,25,7,12,2021-22,Home
2022-03-20,Houston Rockets,Memphis Grizzlies,98,122,0.43,0.479,0.323,0.471,0.583,0.824,45,51,26,26,17,13,2021-22,Away
2022-03-20,New York Knicks,Utah Jazz,93,108,0.373,0.459,0.4,0.37,0.714,0.793,37,49,20,16,11,11,2021-22,Away
2022-03-20,Orlando Magic,Oklahoma City Thunder,90,85,0.386,0.326,0.226,0.271,0.792,0.667,60,47,22,19,21,16,2021-22,Home
2022-03-20,Philadelphia 76ers,Toronto Raptors,88,93,0.411,0.376,0.259,0.269,0.75,0.696,40,56,21,16,10,8,2021-22,Away
2022-03-20,Indiana Pacers,Portland Trail Blazers,129,98,0.571,0.469,0.429,0.273,0.857,0.722,41,32,38,23,14,17,2021-22,Home
2022-03-20,Denver Nuggets,Boston Celtics,104,124,0.402,0.573,0.359,0.475,0.8,1.0,41,38,22,29,10,8,2021-22,Away
2022-03-20,Golden State Warriors,San Antonio Spurs,108,110,0.456,0.388,0.333,0.375,0.714,0.76,57,44,26,25,15,10,2021-22,Away
2022-03-20,Atlanta Hawks,New Orleans Pelicans,112,117,0.471,0.448,0.313,0.333,0.87,0.889,40,54,22,22,16,15,2021-22,Away
2022-03-20,Sacramento Kings,Phoenix Suns,124,127,0.429,0.5,0.471,0.429,0.833,0.852,42,50,27,25,15,17,2021-22,Away
2022-03-21,Charlotte Hornets,New Orleans Pelicans,106,103,0.506,0.444,0.351,0.375,0.867,0.875,35,47,34,23,17,15,2021-22,Home
2022-03-21,Oklahoma City Thunder,Boston Celtics,123,132,0.516,0.512,0.459,0.375,0.714,0.853,42,42,23,22,11,8,2021-22,Away
2022-03-21,Dallas Mavericks,Minnesota Timberwolves,110,108,0.482,0.396,0.304,0.361,0.762,0.793,47,50,27,21,11,9,2021-22,Home
2022-03-21,Detroit Pistons,Portland Trail Blazers,115,119,0.424,0.42,0.257,0.286,0.829,0.755,48,47,22,22,18,9,2021-22,Away
2022-03-21,Philadelphia 76ers,Miami Heat,113,106,0.5,0.475,0.405,0.303,0.75,1.0,45,34,26,23,11,12,2021-22,Home
2022-03-21,Brooklyn Nets,Utah Jazz,114,106,0.542,0.446,0.367,0.359,0.867,0.818,41,37,31,18,14,13,2021-22,Home
2022-03-21,Houston Rockets,Washington Wizards,115,97,0.494,0.412,0.513,0.207,0.846,0.875,44,47,30,24,12,11,2021-22,Home
2022-03-21,Cleveland Cavaliers,Los Angeles Lakers,120,131,0.523,0.564,0.359,0.375,0.842,0.813,38,41,29,34,12,8,2021-22,Away
2022-03-21,Chicago Bulls,Toronto Raptors,113,99,0.489,0.44,0.393,0.188,0.583,0.867,42,49,28,26,5,12,2021-22,Home
2022-03-22,Orlando Magic,Golden State Warriors,94,90,0.43,0.4,0.278,0.344,0.8,0.688,39,48,25,21,13,18,2021-22,Home
2022-03-22,Milwaukee Bucks,Chicago Bulls,126,98,0.61,0.424,0.429,0.394,0.7,0.538,53,33,26,21,14,7,2021-22,Home
2022-03-22,New York Knicks,Atlanta Hawks,111,117,0.488,0.494,0.382,0.417,0.538,0.815,41,43,20,26,13,14,2021-22,Away
2022-03-22,Denver Nuggets,LA Clippers,127,115,0.542,0.488,0.5,0.313,0.913,0.808,40,35,31,27,9,6,2021-22,Home
2022-03-23,Dallas Mavericks,Houston Rockets,110,91,0.488,0.402,0.242,0.143,0.818,0.75,42,45,24,17,12,15,2021-22,Home
2022-03-23,Oklahoma City Thunder,Orlando Magic,118,102,0.481,0.387,0.415,0.333,0.833,0.813,44,45,21,24,11,10,2021-22,Home
2022-03-23,Los Angeles Lakers,Philadelphia 76ers,121,126,0.515,0.516,0.367,0.37,0.625,0.786,45,43,25,26,12,7,2021-22,Away
2022-03-23,Miami Heat,Golden State Warriors,104,118,0.435,0.519,0.389,0.417,0.762,0.852,34,45,26,23,9,11,2021-22,Away
2022-03-23,Boston Celtics,Utah Jazz,125,97,0.595,0.398,0.528,0.222,0.857,0.905,39,40,37,13,12,14,2021-22,Home
2022-03-23,Indiana Pacers,Sacramento Kings,109,110,0.462,0.524,0.389,0.324,1.0,0.706,42,36,34,26,15,16,2021-22,Away
2022-03-23,Charlotte Hornets,New York Knicks,106,121,0.472,0.518,0.283,0.444,0.529,0.882,45,40,26,30,9,7,2021-22,Away
2022-03-23,Memphis Grizzlies,Brooklyn Nets,132,120,0.465,0.494,0.5,0.36,0.864,0.926,46,39,28,18,12,14,2021-22,Home
2022-03-23,Portland Trail Blazers,San Antonio Spurs,96,133,0.383,0.489,0.269,0.432,0.944,0.917,43,53,18,34,16,13,2021-22,Away
2022-03-23,Detroit Pistons,Atlanta Hawks,122,101,0.5,0.402,0.364,0.318,0.88,0.867,54,40,30,21,15,14,2021-22,Home
2022-03-23,Minnesota Timberwolves,Phoenix Suns,116,125,0.442,0.523,0.302,0.364,0.864,0.793,45,43,27,30,12,12,2021-22,Away
2022-03-24,Denver Nuggets,Phoenix Suns,130,140,0.593,0.605,0.469,0.481,0.704,0.793,37,29,27,32,16,8,2021-22,Away
2022-03-24,Toronto Raptors,Cleveland Cavaliers,117,104,0.472,0.468,0.432,0.4,0.895,0.818,40,36,26,24,8,13,2021-22,Home
2022-03-24,Milwaukee Bucks,Washington Wizards,114,102,0.519,0.467,0.457,0.289,0.875,0.556,41,41,23,25,15,11,2021-22,Home
2022-03-24,New Orleans Pelicans,Chicago Bulls,126,109,0.494,0.513,0.414,0.412,0.941,0.789,43,33,23,25,10,15,2021-22,Home
2022-03-24,Memphis Grizzlies,Indiana Pacers,133,103,0.538,0.424,0.5,0.273,0.706,0.696,55,31,34,20,14,11,2021-22,Home
2022-03-25,Detroit Pistons,Washington Wizards,97,100,0.411,0.434,0.188,0.3,0.929,0.905,48,45,19,23,15,17,2021-22,Away
2022-03-25,Atlanta Hawks,Golden State Warriors,121,110,0.517,0.478,0.378,0.341,0.789,0.769,44,47,27,27,11,16,2021-22,Home
2022-03-25,LA Clippers,Philadelphia 76ers,97,122,0.4,0.467,0.32,0.429,0.84,0.875,39,52,19,23,16,11,2021-22,Away
2022-03-25,Miami Heat,New York Knicks,103,111,0.5,0.439,0.364,0.34,0.84,0.786,35,42,18,23,15,11,2021-22,Away
2022-03-25,Portland Trail Blazers,Houston Rockets,106,125,0.506,0.518,0.15,0.422,0.739,0.87,38,37,28,27,17,14,2021-22,Away
2022-03-25,Minnesota Timberwolves,Dallas Mavericks,116,95,0.512,0.389,0.344,0.233,0.792,0.789,45,45,26,21,9,10,2021-22,Home
2022-03-25,Charlotte Hornets,Utah Jazz,107,101,0.466,0.452,0.382,0.362,0.706,0.727,45,38,26,25,9,11,2021-22,Home
2022-03-26,Portland Trail Blazers,Houston Rockets,98,115,0.398,0.524,0.3,0.429,0.706,0.667,51,38,21,34,21,20,2021-22,Away
2022-03-26,Memphis Grizzlies,Milwaukee Bucks,127,102,0.48,0.398,0.351,0.219,0.696,0.808,54,46,30,19,8,13,2021-22,Home
2022-03-26,Toronto Raptors,Indiana Pacers,131,91,0.607,0.418,0.469,0.306,0.737,0.7,42,35,34,23,6,13,2021-22,Home
2022-03-26,New Orleans Pelicans,San Antonio Spurs,103,107,0.444,0.424,0.313,0.269,0.684,0.88,42,49,23,22,8,10,2021-22,Away
2022-03-26,Miami Heat,Brooklyn Nets,95,110,0.44,0.47,0.294,0.333,0.731,0.808,39,40,20,26,21,13,2021-22,Away
2022-03-26,Orlando Magic,Sacramento Kings,110,114,0.425,0.429,0.361,0.306,1.0,0.792,57,59,27,24,12,14,2021-22,Away
2022-03-26,Denver Nuggets,Oklahoma City Thunder,113,107,0.482,0.464,0.258,0.389,0.958,0.938,47,36,33,29,15,16,2021-22,Home
2022-03-26,Cleveland Cavaliers,Chicago Bulls,94,98,0.415,0.48,0.226,0.238,0.704,0.84,46,37,17,23,13,13,2021-22,Away
2022-03-27,New Orleans Pelicans,Los Angeles Lakers,116,108,0.484,0.525,0.333,0.4,0.792,0.625,41,39,25,26,7,15,2021-22,Home
2022-03-27,Detroit Pistons,New York Knicks,102,104,0.459,0.4,0.276,0.317,0.889,0.793,37,51,23,19,10,12,2021-22,Away
2022-03-27,Brooklyn Nets,Charlotte Hornets,110,119,0.443,0.429,0.206,0.531,0.654,0.783,50,53,30,26,9,11,2021-22,Away
2022-03-27,Boston Celtics,Minnesota Timberwolves,134,112,0.563,0.536,0.436,0.438,0.905,0.667,45,30,27,26,13,14,2021-22,Home
2022-03-27,Phoenix Suns,Philadelphia 76ers,114,104,0.517,0.416,0.481,0.278,0.647,0.769,40,45,24,22,12,10,2021-22,Home
2022-03-27,Washington Wizards,Golden State Warriors,123,115,0.524,0.427,0.571,0.242,0.864,0.795,42,46,33,20,12,10,2021-22,Home
2022-03-27,Dallas Mavericks,Utah Jazz,114,100,0.519,0.461,0.5,0.353,0.708,0.6,45,36,21,23,8,6,2021-22,Home
2022-03-28,Portland Trail Blazers,Oklahoma City Thunder,131,134,0.455,0.533,0.4,0.444,0.692,0.72,47,49,28,32,11,20,2021-22,Away
2022-03-28,New York Knicks,Chicago Bulls,109,104,0.427,0.43,0.343,0.261,0.6,0.909,46,47,19,16,6,12,2021-22,Home
2022-03-28,Cleveland Cavaliers,Orlando Magic,107,101,0.446,0.483,0.317,0.27,0.87,0.538,41,45,26,31,13,17,2021-22,Home
2022-03-28,Toronto Raptors,Boston Celtics,115,112,0.434,0.411,0.256,0.3,0.722,0.786,52,57,16,23,10,16,2021-22,Home
2022-03-28,Memphis Grizzlies,Golden State Warriors,123,95,0.467,0.407,0.4,0.31,0.714,0.769,52,40,26,18,13,15,2021-22,Home
2022-03-28,Miami Heat,Sacramento Kings,123,100,0.544,0.457,0.475,0.343,1.0,0.778,48,32,30,21,15,14,2021-22,Home
2022-03-28,Indiana Pacers,Atlanta Hawks,123,132,0.517,0.547,0.472,0.486,0.889,0.808,28,40,32,32,14,13,2021-22,Away
2022-03-28,Houston Rockets,San Antonio Spurs,120,123,0.413,0.47,0.408,0.241,0.857,0.786,44,56,26,28,12,12,2021-22,Away
2022-03-28,Charlotte Hornets,Denver Nuggets,109,113,0.473,0.465,0.31,0.364,0.667,0.75,40,51,33,29,14,16,2021-22,Away
2022-03-29,Philadelphia 76ers,Milwaukee Bucks,116,118,0.483,0.5,0.39,0.368,0.778,0.696,40,48,28,26,8,10,2021-22,Away
2022-03-29,Washington Wizards,Chicago Bulls,94,107,0.481,0.506,0.231,0.333,0.706,0.833,37,36,25,26,14,8,2021-22,Away
2022-03-29,Brooklyn Nets,Detroit Pistons,130,123,0.553,0.485,0.536,0.421,0.912,0.846,41,39,24,28,19,12,2021-22,Home
2022-03-29,LA Clippers,Utah Jazz,121,115,0.494,0.551,0.417,0.387,0.857,0.586,33,38,21,23,8,14,2021-22,Home
2022-03-29,Dallas Mavericks,Los Angeles Lakers,128,110,0.517,0.449,0.435,0.273,0.783,0.818,46,48,27,20,7,9,2021-22,Home
2022-03-30,Houston Rockets,Sacramento Kings,118,121,0.457,0.463,0.31,0.269,0.76,0.722,51,44,23,21,17,9,2021-22,Away
2022-03-30,Cleveland Cavaliers,Dallas Mavericks,112,120,0.506,0.523,0.44,0.381,0.773,0.8,39,38,24,28,13,11,2021-22,Away
2022-03-30,Washington Wizards,Orlando Magic,127,110,0.511,0.417,0.361,0.324,0.769,0.864,51,42,35,21,11,11,2021-22,Home
2022-03-30,Portland Trail Blazers,New Orleans Pelicans,107,117,0.459,0.513,0.333,0.25,0.833,0.795,41,40,30,26,20,14,2021-22,Away
2022-03-30,Oklahoma City Thunder,Atlanta Hawks,118,136,0.471,0.538,0.415,0.462,0.704,0.909,42,43,31,28,18,12,2021-22,Away
2022-03-30,Toronto Raptors,Minnesota Timberwolves,125,102,0.5,0.402,0.5,0.297,0.733,0.739,47,48,32,26,17,21,2021-22,Home
2022-03-30,Golden State Warriors,Phoenix Suns,103,107,0.422,0.413,0.342,0.25,0.8,0.8,48,46,26,20,21,14,2021-22,Away
2022-03-30,New York Knicks,Charlotte Hornets,114,125,0.471,0.544,0.364,0.343,0.692,0.882,43,40,23,39,12,11,2021-22,Away
2022-03-30,San Antonio Spurs,Memphis Grizzlies,111,112,0.506,0.484,0.4,0.41,0.813,0.727,37,40,26,26,14,12,2021-22,Away
2022-03-30,Indiana Pacers,Denver Nuggets,118,125,0.454,0.625,0.3,0.429,0.783,0.929,37,43,29,33,8,19,2021-22,Away
2022-03-30,Boston Celtics,Miami Heat,98,106,0.412,0.481,0.297,0.382,0.739,0.68,44,42,27,27,17,15,2021-22,Away
2022-03-31,Brooklyn Nets,Milwaukee Bucks,119,120,0.464,0.449,0.486,0.293,0.688,0.824,41,57,31,17,16,22,2021-22,Away
2022-03-31,Utah Jazz,Los Angeles Lakers,122,109,0.511,0.494,0.341,0.28,0.625,0.714,41,40,25,18,8,11,2021-22,Home
2022-03-31,Atlanta Hawks,Cleveland Cavaliers,131,107,0.495,0.433,0.436,0.233,0.857,0.786,48,47,27,19,8,14,2021-22,Home
2022-03-31,Chicago Bulls,LA Clippers,135,130,0.49,0.5,0.345,0.444,0.781,0.923,50,40,24,26,8,12,2021-22,Home
2022-03-31,Detroit Pistons,Philadelphia 76ers,102,94,0.5,0.449,0.286,0.269,0.667,0.893,38,39,26,22,9,15,2021-22,Home
2022-04-01,Orlando Magic,Toronto Raptors,89,102,0.43,0.419,0.314,0.31,0.909,0.85,45,41,24,21,20,10,2021-22,Away
2022-04-01,Oklahoma City Thunder,Detroit Pistons,101,110,0.429,0.426,0.324,0.313,0.621,0.833,54,44,24,29,15,8,2021-22,Away
2022-04-01,Houston Rockets,Sacramento Kings,117,122,0.423,0.519,0.378,0.429,0.692,0.765,45,47,26,29,10,13,2021-22,Away
2022-04-01,Denver Nuggets,Minnesota Timberwolves,130,136,0.535,0.5,0.343,0.475,0.897,0.861,44,38,36,26,18,11,2021-22,Away
2022-04-01,Washington Wizards,Dallas Mavericks,135,103,0.544,0.436,0.515,0.289,0.909,0.923,45,36,33,14,9,13,2021-22,Home
2022-04-01,Los Angeles Lakers,New Orleans Pelicans,111,114,0.476,0.519,0.407,0.269,0.71,0.862,40,37,24,23,15,13,2021-22,Away
2022-04-01,Boston Celtics,Indiana Pacers,128,123,0.542,0.519,0.364,0.472,0.929,0.957,40,30,29,25,15,16,2021-22,Home
2022-04-01,Memphis Grizzlies,Phoenix Suns,122,114,0.451,0.547,0.292,0.37,0.821,0.588,48,39,30,27,11,17,2021-22,Home
2022-04-01,Milwaukee Bucks,LA Clippers,119,153,0.532,0.609,0.32,0.535,0.611,0.75,38,36,30,34,15,9,2021-22,Away
2022-04-01,San Antonio Spurs,Portland Trail Blazers,130,111,0.568,0.446,0.432,0.429,0.786,0.7,44,42,34,27,14,10,2021-22,Home
2022-04-02,Atlanta Hawks,Brooklyn Nets,122,115,0.419,0.424,0.317,0.459,0.755,0.737,54,52,18,17,6,13,2021-22,Home
2022-04-02,Philadelphia 76ers,Charlotte Hornets,144,114,0.609,0.483,0.488,0.367,0.81,0.792,47,32,38,34,19,17,2021-22,Home
2022-04-02,Chicago Bulls,Miami Heat,109,127,0.43,0.537,0.265,0.5,0.897,0.815,39,41,21,28,5,9,2021-22,Away
2022-04-02,New York Knicks,Cleveland Cavaliers,101,119,0.403,0.543,0.433,0.441,0.765,0.762,35,43,19,26,10,9,2021-22,Away
2022-04-02,Golden State Warriors,Utah Jazz,111,107,0.476,0.427,0.417,0.326,0.917,0.727,41,47,30,19,11,12,2021-22,Home
2022-04-03,Oklahoma City Thunder,Phoenix Suns,117,96,0.494,0.416,0.415,0.184,0.778,0.882,54,33,33,22,16,11,2021-22,Home
2022-04-03,Toronto Raptors,Miami Heat,109,114,0.422,0.519,0.308,0.474,0.794,0.636,38,38,19,30,14,17,2021-22,Away
2022-04-03,San Antonio Spurs,Portland Trail Blazers,113,92,0.452,0.393,0.333,0.356,0.767,0.667,51,39,25,22,12,14,2021-22,Home
2022-04-03,LA Clippers,New Orleans Pelicans,119,100,0.474,0.402,0.477,0.375,0.8,0.778,41,54,33,22,10,15,2021-22,Home
2022-04-03,Orlando Magic,New York Knicks,88,118,0.353,0.484,0.273,0.341,0.593,0.813,40,56,18,29,11,9,2021-22,Away
2022-04-03,Sacramento Kings,Golden State Warriors,90,109,0.383,0.519,0.212,0.471,0.875,0.733,35,47,19,29,12,15,2021-22,Away
2022-04-03,Cleveland Cavaliers,Philadelphia 76ers,108,112,0.449,0.413,0.455,0.355,0.742,0.833,41,50,24,23,9,14,2021-22,Away
2022-04-03,Los Angeles Lakers,Denver Nuggets,118,129,0.533,0.573,0.3,0.387,0.667,0.793,40,38,31,33,12,12,2021-22,Away
2022-04-03,Indiana Pacers,Detroit Pistons,117,121,0.479,0.434,0.316,0.512,0.789,0.778,58,38,33,31,19,11,2021-22,Away
2022-04-03,Boston Celtics,Washington Wizards,144,102,0.615,0.463,0.523,0.381,0.692,0.9,39,32,39,21,7,12,2021-22,Home
2022-04-03,Houston Rockets,Minnesota Timberwolves,132,139,0.565,0.593,0.4,0.415,0.69,0.8,36,32,28,32,23,19,2021-22,Away
2022-04-03,Milwaukee Bucks,Dallas Mavericks,112,118,0.442,0.513,0.375,0.421,0.722,0.889,36,38,25,28,9,12,2021-22,Away
2022-04-05,Denver Nuggets,San Antonio Spurs,97,116,0.418,0.494,0.212,0.462,0.667,0.667,51,48,22,31,11,10,2021-22,Away
2022-04-05,Phoenix Suns,Los Angeles Lakers,121,110,0.49,0.453,0.359,0.31,0.778,0.767,53,46,38,22,14,16,2021-22,Home
2022-04-05,Toronto Raptors,Atlanta Hawks,118,108,0.436,0.457,0.257,0.378,0.677,0.667,60,43,20,31,7,7,2021-22,Home
2022-04-05,Sacramento Kings,New Orleans Pelicans,109,123,0.513,0.511,0.367,0.48,0.909,0.808,34,44,28,26,15,13,2021-22,Away
2022-04-05,Indiana Pacers,Philadelphia 76ers,122,131,0.474,0.54,0.3,0.575,0.952,0.778,48,36,29,34,15,14,2021-22,Away
2022-04-05,Brooklyn Nets,Houston Rockets,118,105,0.453,0.404,0.405,0.256,0.926,0.56,52,48,22,18,16,11,2021-22,Home
2022-04-05,Orlando Magic,Cleveland Cavaliers,120,115,0.505,0.488,0.457,0.444,0.667,0.682,43,47,31,25,7,11,2021-22,Home
2022-04-05,Miami Heat,Charlotte Hornets,144,115,0.571,0.529,0.548,0.316,0.862,0.722,41,31,29,34,14,13,2021-22,Home
2022-04-05,Minnesota Timberwolves,Washington Wizards,114,132,0.451,0.554,0.341,0.433,0.72,0.5,38,52,27,38,9,10,2021-22,Away
2022-04-05,Chicago Bulls,Milwaukee Bucks,106,127,0.429,0.529,0.273,0.343,1.0,0.92,42,47,22,32,14,14,2021-22,Away
2022-04-05,Utah Jazz,Memphis Grizzlies,121,115,0.417,0.386,0.316,0.419,0.674,0.828,61,51,23,26,16,12,2021-22,Home
2022-04-05,Oklahoma City Thunder,Portland Trail Blazers,98,94,0.481,0.422,0.31,0.344,0.5,0.813,47,40,15,24,16,17,2021-22,Home
2022-04-06,Utah Jazz,Oklahoma City Thunder,137,101,0.583,0.411,0.417,0.432,0.75,0.647,55,32,29,27,11,10,2021-22,Home
2022-04-06,Chicago Bulls,Boston Celtics,94,117,0.438,0.489,0.304,0.459,0.739,0.636,40,42,19,29,17,11,2021-22,Away
2022-04-06,Atlanta Hawks,Washington Wizards,118,103,0.467,0.488,0.41,0.286,0.842,0.818,39,44,26,26,6,14,2021-22,Home
2022-04-06,New York Knicks,Brooklyn Nets,98,110,0.386,0.441,0.342,0.341,0.583,0.778,42,49,22,28,11,13,2021-22,Away
2022-04-06,Detroit Pistons,Dallas Mavericks,113,131,0.427,0.563,0.367,0.455,0.914,0.765,42,41,26,28,10,10,2021-22,Away
2022-04-06,LA Clippers,Phoenix Suns,113,109,0.44,0.389,0.353,0.354,0.795,0.667,55,54,20,29,16,12,2021-22,Home
2022-04-07,Toronto Raptors,Philadelphia 76ers,119,114,0.495,0.493,0.455,0.528,0.778,0.84,41,37,22,26,10,16,2021-22,Home
2022-04-07,New Orleans Pelicans,Portland Trail Blazers,127,94,0.473,0.522,0.351,0.355,0.839,0.846,49,27,31,28,11,22,2021-22,Home
2022-04-07,Golden State Warriors,Los Angeles Lakers,128,112,0.526,0.446,0.5,0.281,1.0,0.763,45,42,39,14,15,18,2021-22,Home
2022-04-07,Milwaukee Bucks,Boston Celtics,127,121,0.505,0.494,0.368,0.42,0.714,0.737,48,44,27,30,11,16,2021-22,Home
2022-04-07,Minnesota Timberwolves,San Antonio Spurs,127,121,0.427,0.483,0.377,0.357,0.806,0.735,47,45,25,31,10,12,2021-22,Home
2022-04-07,Denver Nuggets,Memphis Grizzlies,122,109,0.55,0.472,0.4,0.393,0.88,0.737,43,34,27,30,17,12,2021-22,Home
2022-04-07,Charlotte Hornets,Orlando Magic,128,101,0.522,0.4,0.353,0.313,0.741,0.769,56,43,29,27,11,16,2021-22,Home
2022-04-08,Dallas Mavericks,Portland Trail Blazers,128,78,0.532,0.373,0.444,0.219,0.774,0.75,51,29,25,20,14,16,2021-22,Home
2022-04-08,Brooklyn Nets,Cleveland Cavaliers,118,107,0.467,0.488,0.375,0.296,0.952,0.792,45,31,30,19,10,8,2021-22,Home
2022-04-08,Los Angeles Lakers,Oklahoma City Thunder,120,101,0.5,0.455,0.29,0.207,0.744,0.789,45,44,23,21,9,14,2021-22,Home
2022-04-08,Chicago Bulls,Charlotte Hornets,117,133,0.537,0.605,0.542,0.475,0.8,1.0,31,38,25,34,12,11,2021-22,Away
2022-04-08,Washington Wizards,New York Knicks,92,114,0.507,0.466,0.321,0.41,0.765,0.8,37,42,21,27,22,10,2021-22,Away
2022-04-08,Miami Heat,Atlanta Hawks,113,109,0.556,0.477,0.423,0.235,0.786,0.895,33,43,20,17,17,14,2021-22,Home
2022-04-08,Toronto Raptors,Houston Rockets,117,115,0.458,0.531,0.241,0.345,0.957,0.792,41,41,20,24,9,18,2021-22,Home
2022-04-08,Utah Jazz,Phoenix Suns,105,111,0.398,0.5,0.289,0.316,0.727,0.867,44,46,20,27,11,13,2021-22,Away
2022-04-08,Detroit Pistons,Milwaukee Bucks,101,131,0.389,0.495,0.208,0.297,0.913,0.87,43,51,27,29,11,7,2021-22,Away
2022-04-09,San Antonio Spurs,Golden State Warriors,94,100,0.4,0.407,0.323,0.25,0.741,0.788,41,51,19,23,12,12,2021-22,Away
2022-04-09,Philadelphia 76ers,Indiana Pacers,133,120,0.556,0.526,0.353,0.435,0.778,0.778,42,31,37,28,14,17,2021-22,Home
2022-04-09,Memphis Grizzlies,New Orleans Pelicans,141,114,0.589,0.451,0.514,0.2,0.739,0.743,48,29,41,23,18,16,2021-22,Home
2022-04-09,LA Clippers,Sacramento Kings,117,98,0.488,0.442,0.488,0.25,0.8,0.625,48,42,29,24,16,13,2021-22,Home
2022-04-10,Orlando Magic,Miami Heat,125,111,0.495,0.426,0.397,0.38,0.857,0.75,48,47,33,20,8,10,2021-22,Home
2022-04-10,LA Clippers,Oklahoma City Thunder,138,88,0.557,0.378,0.514,0.265,0.857,0.556,57,40,34,17,9,8,2021-22,Home
2022-04-10,Cleveland Cavaliers,Milwaukee Bucks,133,115,0.543,0.443,0.5,0.4,0.706,0.781,48,41,39,27,10,12,2021-22,Home
2022-04-10,New York Knicks,Toronto Raptors,105,94,0.46,0.391,0.349,0.286,0.833,0.909,48,43,32,27,15,13,2021-22,Home
2022-04-10,New Orleans Pelicans,Golden State Warriors,107,128,0.424,0.605,0.35,0.576,0.75,0.846,42,41,24,33,11,17,2021-22,Away
2022-04-10,Phoenix Suns,Sacramento Kings,109,116,0.408,0.526,0.298,0.538,0.733,0.733,50,40,27,26,10,14,2021-22,Away
2022-04-10,Portland Trail Blazers,Utah Jazz,80,111,0.373,0.451,0.265,0.25,0.75,0.737,32,60,21,23,14,17,2021-22,Away
2022-04-10,Memphis Grizzlies,Boston Celtics,110,139,0.382,0.545,0.319,0.375,0.63,1.0,45,56,27,34,10,15,2021-22,Away
2022-04-10,Houston Rockets,Atlanta Hawks,114,130,0.461,0.517,0.37,0.553,0.75,0.792,34,50,24,29,5,12,2021-22,Away
2022-04-10,Minnesota Timberwolves,Chicago Bulls,120,124,0.505,0.53,0.355,0.476,0.773,0.788,32,48,30,22,13,21,2021-22,Away
2022-04-10,Denver Nuggets,Los Angeles Lakers,141,146,0.49,0.468,0.319,0.372,0.778,0.894,45,50,33,26,14,13,2021-22,Away
2022-04-10,Philadelphia 76ers,Detroit Pistons,118,106,0.523,0.458,0.2,0.324,0.913,0.655,42,42,25,26,10,19,2021-22,Home
2022-04-10,Charlotte Hornets,Washington Wizards,124,108,0.539,0.447,0.545,0.348,0.714,0.615,48,43,34,25,17,10,2021-22,Home
2022-04-10,Dallas Mavericks,San Antonio Spurs,130,120,0.541,0.483,0.556,0.355,0.783,1.0,43,35,34,26,16,8,2021-22,Home
2022-04-10,Brooklyn Nets,Indiana Pacers,134,126,0.642,0.452,0.364,0.413,0.88,0.684,50,30,30,32,20,7,2021-22,Home
2022-10-18,Boston Celtics,Philadelphia 76ers,126,117,0.561,0.5,0.343,0.382,0.786,0.857,36,31,24,16,10,14,2022-23,Home
2022-10-18,Golden State Warriors,Los Angeles Lakers,123,109,0.455,0.426,0.356,0.25,0.739,0.76,48,48,31,23,18,21,2022-23,Home
2022-10-19,Phoenix Suns,Dallas Mavericks,107,105,0.471,0.467,0.364,0.4,0.864,0.618,40,40,25,17,12,12,2022-23,Home
2022-10-19,Sacramento Kings,Portland Trail Blazers,108,115,0.459,0.443,0.386,0.393,0.684,0.788,41,44,27,20,15,11,2022-23,Away
2022-10-19,Atlanta Hawks,Houston Rockets,117,107,0.5,0.429,0.28,0.257,0.833,0.933,38,54,30,25,9,15,2022-23,Home
2022-10-19,San Antonio Spurs,Charlotte Hornets,102,129,0.404,0.511,0.206,0.448,0.714,0.87,44,51,22,26,15,15,2022-23,Away
2022-10-19,Brooklyn Nets,New Orleans Pelicans,108,130,0.449,0.49,0.303,0.462,0.75,0.72,39,61,22,31,16,12,2022-23,Away
2022-10-19,Detroit Pistons,Orlando Magic,113,109,0.426,0.488,0.368,0.367,0.792,0.737,41,48,31,21,12,18,2022-23,Home
2022-10-19,Miami Heat,Chicago Bulls,108,116,0.463,0.441,0.429,0.361,0.786,0.75,46,46,21,23,19,14,2022-23,Away
2022-10-19,Memphis Grizzlies,New York Knicks,115,112,0.389,0.404,0.34,0.243,0.609,0.833,64,54,27,28,13,12,2022-23,Home
2022-10-19,Utah Jazz,Denver Nuggets,123,102,0.506,0.482,0.421,0.227,0.742,0.944,43,35,27,21,19,21,2022-23,Home
2022-10-19,Indiana Pacers,Washington Wizards,107,114,0.402,0.457,0.357,0.355,0.667,0.792,42,53,21,21,15,16,2022-23,Away
2022-10-19,Toronto Raptors,Cleveland Cavaliers,108,105,0.419,0.494,0.433,0.357,0.719,0.826,41,38,19,25,13,17,2022-23,Home
2022-10-19,Minnesota Timberwolves,Oklahoma City Thunder,115,108,0.415,0.384,0.263,0.311,0.818,0.818,55,57,25,22,14,13,2022-23,Home
2022-10-20,Philadelphia 76ers,Milwaukee Bucks,88,90,0.434,0.405,0.208,0.31,0.846,0.643,44,48,17,24,10,12,2022-23,Away
2022-10-20,Los Angeles Lakers,LA Clippers,97,103,0.351,0.463,0.2,0.31,0.846,0.645,38,58,23,18,10,22,2022-23,Away
2022-10-21,Indiana Pacers,San Antonio Spurs,134,137,0.49,0.543,0.314,0.548,0.955,0.727,42,37,32,34,16,17,2022-23,Away
2022-10-21,Atlanta Hawks,Orlando Magic,108,98,0.449,0.413,0.419,0.235,0.938,0.8,46,44,26,16,17,19,2022-23,Home
2022-10-21,Brooklyn Nets,Toronto Raptors,109,105,0.475,0.488,0.371,0.393,0.69,0.667,44,41,26,25,13,13,2022-23,Home
2022-10-21,Charlotte Hornets,New Orleans Pelicans,112,124,0.454,0.472,0.382,0.364,0.786,0.865,37,53,30,23,13,15,2022-23,Away
2022-10-21,Miami Heat,Boston Celtics,104,111,0.457,0.519,0.308,0.424,0.8,1.0,36,43,23,17,9,19,2022-23,Away
2022-10-21,Houston Rockets,Memphis Grizzlies,122,129,0.473,0.459,0.457,0.452,0.6,0.69,45,50,18,26,14,12,2022-23,Away
2022-10-21,Washington Wizards,Chicago Bulls,102,100,0.513,0.418,0.385,0.259,0.909,0.818,39,38,26,19,16,13,2022-23,Home
2022-10-21,New York Knicks,Detroit Pistons,130,106,0.526,0.433,0.421,0.25,0.636,0.594,50,49,29,26,12,15,2022-23,Home
2022-10-21,Golden State Warriors,Denver Nuggets,123,128,0.477,0.535,0.341,0.441,0.889,0.84,35,41,34,30,18,20,2022-23,Away
2022-10-21,Minnesota Timberwolves,Utah Jazz,126,132,0.458,0.441,0.333,0.4,0.739,0.667,60,54,20,39,20,13,2022-23,Away
2022-10-21,Portland Trail Blazers,Phoenix Suns,113,111,0.439,0.457,0.345,0.37,0.861,0.714,48,41,14,31,18,16,2022-23,Home
2022-10-22,Chicago Bulls,Cleveland Cavaliers,96,128,0.405,0.565,0.241,0.593,0.84,0.889,35,48,19,32,10,17,2022-23,Away
2022-10-22,Orlando Magic,Boston Celtics,120,126,0.474,0.483,0.441,0.404,0.652,0.821,48,37,21,24,9,8,2022-23,Away
2022-10-22,Indiana Pacers,Detroit Pistons,124,115,0.437,0.389,0.381,0.429,0.75,0.767,59,53,28,26,11,13,2022-23,Home
2022-10-22,Dallas Mavericks,Memphis Grizzlies,137,96,0.5,0.43,0.436,0.273,0.833,0.792,52,29,23,20,15,17,2022-23,Home
2022-10-22,Philadelphia 76ers,San Antonio Spurs,105,114,0.44,0.483,0.323,0.421,0.75,0.8,40,43,26,27,12,14,2022-23,Away
2022-10-22,Miami Heat,Toronto Raptors,112,109,0.5,0.425,0.367,0.359,0.926,0.75,44,37,28,24,15,6,2022-23,Home
2022-10-22,Sacramento Kings,LA Clippers,109,111,0.471,0.506,0.4,0.409,0.577,0.909,39,40,24,24,12,13,2022-23,Away
2022-10-22,Milwaukee Bucks,Houston Rockets,125,105,0.565,0.387,0.516,0.432,0.619,0.773,47,47,29,20,16,12,2022-23,Home
2022-10-22,Denver Nuggets,Oklahoma City Thunder,122,117,0.494,0.447,0.526,0.395,0.581,0.783,46,47,33,29,18,12,2022-23,Home
2022-10-23,Atlanta Hawks,Charlotte Hornets,109,126,0.411,0.522,0.229,0.423,0.821,0.7,45,52,23,28,12,13,2022-23,Away
2022-10-23,New Orleans Pelicans,Utah Jazz,121,122,0.471,0.439,0.296,0.342,0.773,0.821,45,44,30,29,17,16,2022-23,Away
2022-10-23,LA Clippers,Phoenix Suns,95,112,0.439,0.462,0.281,0.357,0.7,0.917,43,49,16,29,14,12,2022-23,Away
2022-10-23,Los Angeles Lakers,Portland Trail Blazers,104,106,0.446,0.44,0.182,0.37,0.8,0.815,40,52,26,19,13,19,2022-23,Away
2022-10-23,Cleveland Cavaliers,Washington Wizards,117,107,0.427,0.494,0.394,0.429,0.88,0.6,48,35,19,25,13,18,2022-23,Home
2022-10-23,Golden State Warriors,Sacramento Kings,130,125,0.517,0.47,0.424,0.256,0.722,0.8,37,51,24,31,13,16,2022-23,Home
2022-10-23,Oklahoma City Thunder,Minnesota Timberwolves,106,116,0.436,0.523,0.22,0.294,0.714,0.636,42,54,24,24,11,15,2022-23,Away
2022-10-24,New York Knicks,Orlando Magic,115,102,0.462,0.419,0.297,0.2,0.72,0.852,50,41,24,14,13,12,2022-23,Home
2022-10-24,Philadelphia 76ers,Indiana Pacers,120,106,0.475,0.422,0.442,0.273,0.893,0.783,39,47,25,27,7,13,2022-23,Home
2022-10-24,Memphis Grizzlies,Brooklyn Nets,134,124,0.5,0.54,0.471,0.31,0.774,0.808,38,35,21,27,8,11,2022-23,Home
2022-10-24,Minnesota Timberwolves,San Antonio Spurs,106,115,0.442,0.457,0.258,0.324,0.917,0.538,50,50,24,37,16,13,2022-23,Away
2022-10-24,Chicago Bulls,Boston Celtics,120,102,0.483,0.37,0.476,0.375,0.897,0.833,60,45,29,26,13,10,2022-23,Home
2022-10-24,Houston Rockets,Utah Jazz,114,108,0.422,0.473,0.314,0.344,0.844,0.563,47,49,17,23,15,20,2022-23,Home
2022-10-24,Miami Heat,Toronto Raptors,90,98,0.349,0.395,0.235,0.438,0.889,0.8,46,52,19,22,12,12,2022-23,Away
2022-10-24,Portland Trail Blazers,Denver Nuggets,135,110,0.578,0.495,0.457,0.387,0.742,0.571,45,38,23,28,8,8,2022-23,Home
2022-10-25,Phoenix Suns,Golden State Warriors,134,105,0.511,0.451,0.414,0.286,0.824,0.765,48,40,31,28,13,13,2022-23,Home
2022-10-25,Oklahoma City Thunder,LA Clippers,108,94,0.382,0.422,0.133,0.323,0.8,0.778,60,47,19,21,5,18,2022-23,Home
2022-10-25,New Orleans Pelicans,Dallas Mavericks,113,111,0.579,0.5,0.444,0.308,0.722,0.708,26,37,25,18,14,11,2022-23,Home
2022-10-25,Washington Wizards,Detroit Pistons,120,99,0.518,0.409,0.303,0.286,0.846,0.76,47,41,26,12,11,13,2022-23,Home
2022-10-26,Toronto Raptors,Philadelphia 76ers,119,109,0.548,0.506,0.432,0.444,0.786,0.684,39,34,32,29,9,12,2022-23,Home
2022-10-26,Chicago Bulls,Indiana Pacers,124,109,0.494,0.43,0.533,0.4,0.917,0.792,44,38,34,31,17,16,2022-23,Home
2022-10-26,Minnesota Timberwolves,San Antonio Spurs,134,122,0.65,0.453,0.588,0.444,0.625,0.909,30,41,37,34,16,16,2022-23,Home
2022-10-26,Detroit Pistons,Atlanta Hawks,113,118,0.462,0.495,0.438,0.364,0.682,0.8,40,46,23,22,13,12,2022-23,Away
2022-10-26,Denver Nuggets,Los Angeles Lakers,110,99,0.457,0.444,0.265,0.267,0.81,0.688,54,47,34,25,11,14,2022-23,Home
2022-10-26,Milwaukee Bucks,Brooklyn Nets,110,99,0.443,0.395,0.278,0.259,0.759,0.8,54,37,21,23,18,14,2022-23,Home
2022-10-26,Utah Jazz,Houston Rockets,109,101,0.422,0.383,0.289,0.275,0.667,0.75,53,49,28,19,15,19,2022-23,Home
2022-10-26,Cleveland Cavaliers,Orlando Magic,103,92,0.414,0.432,0.303,0.25,0.7,0.762,43,43,25,19,12,16,2022-23,Home
2022-10-26,Portland Trail Blazers,Miami Heat,98,119,0.436,0.506,0.324,0.395,0.692,0.842,38,46,20,34,19,16,2022-23,Away
2022-10-26,New York Knicks,Charlotte Hornets,134,131,0.536,0.495,0.367,0.419,0.864,0.667,46,42,26,31,16,15,2022-23,Home
2022-10-27,Golden State Warriors,Miami Heat,123,110,0.5,0.443,0.391,0.326,0.867,0.818,50,31,30,25,19,12,2022-23,Home
2022-10-27,Oklahoma City Thunder,LA Clippers,118,110,0.495,0.537,0.447,0.321,0.875,0.722,36,44,27,21,11,19,2022-23,Home
2022-10-27,Brooklyn Nets,Dallas Mavericks,125,129,0.462,0.506,0.343,0.5,0.9,0.771,45,37,20,25,13,17,2022-23,Away
2022-10-27,Sacramento Kings,Memphis Grizzlies,110,125,0.482,0.533,0.316,0.424,0.818,0.722,40,43,28,27,13,12,2022-23,Away
2022-10-28,Boston Celtics,Cleveland Cavaliers,123,132,0.512,0.517,0.394,0.457,0.813,0.765,34,42,28,18,19,15,2022-23,Away
2022-10-28,Washington Wizards,Indiana Pacers,117,127,0.477,0.506,0.4,0.517,0.821,0.909,38,41,25,30,13,13,2022-23,Away
2022-10-28,San Antonio Spurs,Chicago Bulls,129,124,0.535,0.475,0.421,0.333,0.808,0.808,42,42,37,20,20,12,2022-23,Home
2022-10-28,Detroit Pistons,Atlanta Hawks,112,136,0.43,0.567,0.219,0.414,0.816,0.778,42,45,18,31,10,6,2022-23,Away
2022-10-28,Orlando Magic,Charlotte Hornets,113,93,0.494,0.384,0.27,0.289,0.731,0.667,48,47,28,21,12,14,2022-23,Home
2022-10-28,Denver Nuggets,Utah Jazz,117,101,0.459,0.418,0.459,0.256,0.647,0.789,58,38,18,24,12,9,2022-23,Home
2022-10-28,Toronto Raptors,Philadelphia 76ers,90,112,0.384,0.524,0.231,0.421,0.625,0.909,45,41,20,25,17,14,2022-23,Away
2022-10-28,Minnesota Timberwolves,Los Angeles Lakers,111,102,0.414,0.416,0.325,0.31,0.667,0.704,49,55,27,20,10,22,2022-23,Home
2022-10-28,Milwaukee Bucks,New York Knicks,119,108,0.385,0.398,0.289,0.343,0.815,0.688,60,54,23,19,6,12,2022-23,Home
2022-10-28,Phoenix Suns,New Orleans Pelicans,124,111,0.522,0.442,0.303,0.405,0.9,0.909,47,33,33,25,12,13,2022-23,Home
2022-10-28,Portland Trail Blazers,Houston Rockets,125,111,0.533,0.426,0.371,0.368,0.8,0.81,45,39,30,23,15,15,2022-23,Home
2022-10-29,Milwaukee Bucks,Atlanta Hawks,123,115,0.489,0.479,0.389,0.448,0.655,0.8,49,42,24,19,11,12,2022-23,Home
2022-10-29,Utah Jazz,Memphis Grizzlies,124,123,0.517,0.568,0.432,0.444,0.75,0.733,34,40,30,24,19,20,2022-23,Home
2022-10-29,Chicago Bulls,Philadelphia 76ers,109,114,0.45,0.494,0.355,0.483,0.897,0.815,40,41,22,28,18,17,2022-23,Away
2022-10-29,Sacramento Kings,Miami Heat,119,113,0.553,0.427,0.452,0.393,0.724,0.839,43,34,27,18,20,8,2022-23,Home
2022-10-29,Dallas Mavericks,Oklahoma City Thunder,111,117,0.4,0.494,0.2,0.2,0.794,0.774,49,47,17,25,16,15,2022-23,Away
2022-10-29,Charlotte Hornets,Golden State Warriors,120,113,0.422,0.44,0.323,0.295,0.774,0.75,55,49,32,31,10,10,2022-23,Home
2022-10-29,Brooklyn Nets,Indiana Pacers,116,125,0.5,0.426,0.359,0.5,0.769,0.846,34,53,29,31,9,10,2022-23,Away
2022-10-30,Los Angeles Lakers,Denver Nuggets,121,110,0.479,0.427,0.433,0.375,0.8,0.722,51,48,24,24,8,9,2022-23,Home
2022-10-30,Detroit Pistons,Golden State Warriors,128,114,0.482,0.424,0.424,0.308,0.895,0.96,47,42,24,23,15,14,2022-23,Home
2022-10-30,Cleveland Cavaliers,New York Knicks,121,108,0.461,0.489,0.46,0.37,0.842,0.5,43,45,33,26,14,14,2022-23,Home
2022-10-30,Boston Celtics,Washington Wizards,112,94,0.456,0.388,0.447,0.219,0.95,0.688,47,51,29,22,13,8,2022-23,Home
2022-10-30,LA Clippers,New Orleans Pelicans,91,112,0.419,0.495,0.282,0.417,0.615,0.625,39,50,24,32,14,10,2022-23,Away
2022-10-30,Dallas Mavericks,Orlando Magic,114,105,0.494,0.457,0.314,0.379,0.75,0.741,37,47,15,20,4,12,2022-23,Home
2022-10-30,Phoenix Suns,Houston Rockets,124,109,0.536,0.437,0.3,0.324,0.733,0.846,36,49,29,18,11,15,2022-23,Home
2022-10-30,San Antonio Spurs,Minnesota Timberwolves,107,98,0.419,0.404,0.4,0.138,0.76,0.7,52,45,27,21,19,11,2022-23,Home
2022-10-31,Milwaukee Bucks,Detroit Pistons,110,108,0.437,0.446,0.275,0.276,0.793,0.857,50,43,20,19,16,12,2022-23,Home
2022-10-31,Charlotte Hornets,Sacramento Kings,108,115,0.512,0.435,0.483,0.386,0.571,0.857,38,42,31,26,20,19,2022-23,Away
2022-10-31,LA Clippers,Houston Rockets,95,93,0.425,0.386,0.25,0.286,0.706,0.739,46,44,23,17,13,13,2022-23,Home
2022-10-31,Utah Jazz,Memphis Grizzlies,121,105,0.472,0.413,0.404,0.231,0.818,0.548,48,52,26,14,15,16,2022-23,Home
2022-10-31,Washington Wizards,Philadelphia 76ers,111,118,0.469,0.554,0.4,0.4,0.962,0.7,41,37,22,26,15,13,2022-23,Away
2022-10-31,Brooklyn Nets,Indiana Pacers,116,109,0.538,0.471,0.367,0.282,0.95,0.696,39,38,26,23,19,24,2022-23,Home
2022-10-31,Toronto Raptors,Atlanta Hawks,139,109,0.5,0.464,0.412,0.379,0.825,0.8,44,37,25,28,6,18,2022-23,Home
2022-11-01,Miami Heat,Golden State Warriors,116,109,0.455,0.464,0.381,0.367,1.0,0.765,39,41,32,31,15,20,2022-23,Home
2022-11-01,Oklahoma City Thunder,Orlando Magic,116,108,0.474,0.448,0.294,0.345,0.8,1.0,36,49,28,20,15,24,2022-23,Home
2022-11-01,Phoenix Suns,Minnesota Timberwolves,116,107,0.461,0.425,0.395,0.382,0.773,0.833,34,42,31,24,9,16,2022-23,Home
2022-11-01,Brooklyn Nets,Chicago Bulls,99,108,0.486,0.438,0.375,0.4,0.789,0.857,38,44,27,20,18,9,2022-23,Away
2022-11-02,Dallas Mavericks,Utah Jazz,103,100,0.5,0.464,0.289,0.333,0.533,0.857,37,40,20,28,11,16,2022-23,Home
2022-11-02,Philadelphia 76ers,Washington Wizards,111,121,0.464,0.577,0.528,0.238,0.7,0.813,32,43,25,27,8,7,2022-23,Away
2022-11-02,Miami Heat,Sacramento Kings,110,107,0.494,0.477,0.324,0.361,0.846,0.857,46,39,27,29,11,12,2022-23,Home
2022-11-02,Portland Trail Blazers,Memphis Grizzlies,106,111,0.404,0.458,0.394,0.464,0.808,0.815,46,46,27,28,20,14,2022-23,Away
2022-11-02,San Antonio Spurs,Toronto Raptors,100,143,0.394,0.538,0.326,0.424,0.857,0.938,46,50,29,31,23,11,2022-23,Away
2022-11-02,Milwaukee Bucks,Detroit Pistons,116,91,0.467,0.418,0.263,0.355,0.833,0.933,52,35,24,18,16,21,2022-23,Home
2022-11-02,Los Angeles Lakers,New Orleans Pelicans,120,117,0.459,0.461,0.278,0.32,0.87,0.714,56,51,30,35,17,13,2022-23,Home
2022-11-02,Chicago Bulls,Charlotte Hornets,106,88,0.432,0.391,0.452,0.219,0.889,0.563,51,47,28,22,19,16,2022-23,Home
2022-11-02,New York Knicks,Atlanta Hawks,99,112,0.411,0.411,0.278,0.353,0.75,0.75,52,51,23,28,16,7,2022-23,Away
2022-11-02,Houston Rockets,LA Clippers,101,109,0.42,0.488,0.289,0.364,0.762,0.789,50,43,17,20,19,14,2022-23,Away
2022-11-02,Cleveland Cavaliers,Boston Celtics,114,113,0.42,0.409,0.282,0.268,0.792,0.963,51,52,24,26,11,14,2022-23,Home
2022-11-03,Oklahoma City Thunder,Denver Nuggets,110,122,0.484,0.536,0.207,0.581,0.737,0.875,40,47,19,32,10,18,2022-23,Away
2022-11-03,Orlando Magic,Golden State Warriors,130,129,0.538,0.515,0.433,0.442,0.717,0.667,46,35,20,31,19,14,2022-23,Home
2022-11-04,Indiana Pacers,Miami Heat,101,99,0.463,0.383,0.308,0.282,0.652,1.0,42,42,28,17,19,19,2022-23,Home
2022-11-04,Washington Wizards,Brooklyn Nets,86,128,0.361,0.556,0.235,0.5,0.818,1.0,39,48,18,32,13,7,2022-23,Away
2022-11-04,Detroit Pistons,Cleveland Cavaliers,88,112,0.373,0.543,0.351,0.423,0.867,0.813,34,47,16,30,18,18,2022-23,Away
2022-11-04,Los Angeles Lakers,Utah Jazz,116,130,0.482,0.505,0.423,0.425,0.893,0.9,40,48,22,31,11,8,2022-23,Away
2022-11-04,Dallas Mavericks,Toronto Raptors,111,110,0.506,0.443,0.353,0.324,0.84,0.84,31,44,23,20,18,19,2022-23,Home
2022-11-04,Philadelphia 76ers,New York Knicks,104,106,0.378,0.463,0.277,0.273,0.81,0.852,44,50,27,24,15,21,2022-23,Away
2022-11-04,Minnesota Timberwolves,Milwaukee Bucks,102,115,0.424,0.482,0.268,0.447,0.765,0.571,47,51,22,29,16,13,2022-23,Away
2022-11-04,Phoenix Suns,Portland Trail Blazers,106,108,0.434,0.506,0.412,0.435,0.952,0.8,39,42,26,30,17,17,2022-23,Away
2022-11-04,Memphis Grizzlies,Charlotte Hornets,130,99,0.51,0.384,0.444,0.296,0.778,0.806,60,41,34,22,18,18,2022-23,Home
2022-11-04,Boston Celtics,Chicago Bulls,123,119,0.494,0.518,0.29,0.393,0.821,0.88,39,37,24,21,13,17,2022-23,Home
2022-11-04,New Orleans Pelicans,Golden State Warriors,114,105,0.506,0.493,0.414,0.375,0.69,0.92,37,29,24,23,15,22,2022-23,Home
2022-11-04,San Antonio Spurs,LA Clippers,106,113,0.477,0.525,0.387,0.455,0.556,0.737,35,44,23,26,13,16,2022-23,Away
2022-11-05,Phoenix Suns,Portland Trail Blazers,102,82,0.427,0.38,0.367,0.467,0.75,0.625,44,40,22,22,14,17,2022-23,Home
2022-11-05,Atlanta Hawks,New Orleans Pelicans,124,121,0.456,0.435,0.25,0.304,0.84,0.714,50,59,28,23,13,16,2022-23,Home
2022-11-05,Minnesota Timberwolves,Houston Rockets,129,117,0.613,0.476,0.455,0.421,0.8,0.677,36,33,38,27,24,22,2022-23,Home
2022-11-05,Denver Nuggets,San Antonio Spurs,126,101,0.609,0.488,0.517,0.4,0.5,0.579,47,28,37,28,16,15,2022-23,Home
2022-11-05,New York Knicks,Boston Celtics,118,133,0.511,0.534,0.407,0.529,0.938,1.0,44,34,22,30,13,12,2022-23,Away
2022-11-05,Milwaukee Bucks,Oklahoma City Thunder,108,94,0.422,0.429,0.362,0.343,0.882,0.625,55,38,23,22,18,15,2022-23,Home
2022-11-05,Charlotte Hornets,Brooklyn Nets,94,98,0.372,0.393,0.333,0.333,0.696,0.909,50,41,22,23,15,11,2022-23,Away
2022-11-05,Orlando Magic,Sacramento Kings,123,126,0.543,0.505,0.174,0.375,0.95,0.654,48,36,27,24,17,14,2022-23,Away
2022-11-06,Memphis Grizzlies,Washington Wizards,103,97,0.429,0.427,0.31,0.195,0.8,0.7,50,49,20,25,10,10,2022-23,Home
2022-11-06,LA Clippers,Utah Jazz,102,110,0.494,0.467,0.242,0.375,0.615,0.962,32,42,22,18,13,20,2022-23,Away
2022-11-06,Los Angeles Lakers,Cleveland Cavaliers,100,114,0.46,0.44,0.296,0.25,0.571,0.889,43,48,24,19,16,12,2022-23,Away
2022-11-06,Toronto Raptors,Chicago Bulls,113,104,0.427,0.455,0.27,0.361,0.75,0.846,52,46,28,27,9,17,2022-23,Home
2022-11-07,San Antonio Spurs,Denver Nuggets,109,115,0.524,0.534,0.364,0.333,0.611,0.65,38,40,31,33,24,20,2022-23,Away
2022-11-07,Minnesota Timberwolves,New York Knicks,107,120,0.469,0.438,0.268,0.396,0.833,0.92,39,43,28,26,17,16,2022-23,Away
2022-11-07,Indiana Pacers,New Orleans Pelicans,129,122,0.5,0.495,0.458,0.412,0.913,0.706,45,43,33,32,17,10,2022-23,Home
2022-11-07,LA Clippers,Cleveland Cavaliers,119,117,0.506,0.518,0.447,0.485,0.786,0.714,31,48,19,29,9,17,2022-23,Home
2022-11-07,Dallas Mavericks,Brooklyn Nets,96,94,0.444,0.438,0.429,0.345,0.833,0.737,41,34,18,22,22,13,2022-23,Home
2022-11-07,Golden State Warriors,Sacramento Kings,116,113,0.5,0.407,0.368,0.35,0.667,0.862,48,43,28,24,15,10,2022-23,Home
2022-11-07,Charlotte Hornets,Washington Wizards,100,108,0.416,0.525,0.156,0.263,0.688,0.633,45,47,27,21,10,14,2022-23,Away
2022-11-07,Philadelphia 76ers,Phoenix Suns,100,88,0.388,0.438,0.375,0.316,0.839,0.818,48,37,22,19,15,13,2022-23,Home
2022-11-07,Detroit Pistons,Oklahoma City Thunder,112,103,0.419,0.402,0.273,0.303,0.758,0.647,58,46,20,23,14,10,2022-23,Home
2022-11-07,Atlanta Hawks,Milwaukee Bucks,117,98,0.465,0.414,0.379,0.325,0.824,0.813,48,41,23,21,12,18,2022-23,Home
2022-11-07,Chicago Bulls,Toronto Raptors,111,97,0.525,0.424,0.321,0.321,0.818,0.727,49,31,30,24,21,14,2022-23,Home
2022-11-07,Miami Heat,Portland Trail Blazers,107,110,0.476,0.528,0.359,0.432,0.867,0.857,32,37,28,27,10,18,2022-23,Away
2022-11-07,Orlando Magic,Houston Rockets,127,134,0.549,0.529,0.48,0.5,0.806,0.72,37,40,27,31,19,20,2022-23,Away
2022-11-07,Memphis Grizzlies,Boston Celtics,106,109,0.451,0.463,0.341,0.324,0.643,0.75,45,45,27,26,11,15,2022-23,Away
2022-11-07,Utah Jazz,Los Angeles Lakers,139,116,0.558,0.488,0.421,0.375,0.773,0.9,41,33,30,15,14,16,2022-23,Home
2022-11-09,LA Clippers,Los Angeles Lakers,114,101,0.506,0.455,0.364,0.313,0.769,0.647,41,43,24,26,15,15,2022-23,Home
2022-11-09,Boston Celtics,Detroit Pistons,128,112,0.534,0.416,0.391,0.212,0.762,0.775,43,48,31,15,12,10,2022-23,Home
2022-11-09,Chicago Bulls,New Orleans Pelicans,111,115,0.506,0.5,0.259,0.158,0.889,0.778,35,50,23,20,15,16,2022-23,Away
2022-11-09,Brooklyn Nets,New York Knicks,112,85,0.483,0.322,0.412,0.279,0.7,0.654,55,46,30,21,14,15,2022-23,Home
2022-11-09,Atlanta Hawks,Utah Jazz,119,125,0.468,0.468,0.286,0.436,0.818,0.833,54,47,24,27,11,13,2022-23,Away
2022-11-09,Charlotte Hornets,Portland Trail Blazers,95,105,0.374,0.533,0.25,0.324,0.708,0.56,42,45,21,28,11,17,2022-23,Away
2022-11-09,San Antonio Spurs,Memphis Grizzlies,122,124,0.48,0.51,0.324,0.438,0.696,0.769,39,53,30,24,12,19,2022-23,Away
2022-11-09,Minnesota Timberwolves,Phoenix Suns,117,129,0.526,0.485,0.333,0.457,0.813,0.95,38,36,26,31,19,11,2022-23,Away
2022-11-09,Sacramento Kings,Cleveland Cavaliers,127,120,0.526,0.535,0.436,0.423,0.857,0.85,24,42,30,24,9,18,2022-23,Home
2022-11-09,Oklahoma City Thunder,Milwaukee Bucks,132,136,0.45,0.472,0.4,0.472,0.737,0.864,55,55,24,27,13,16,2022-23,Away
2022-11-09,Toronto Raptors,Houston Rockets,116,109,0.412,0.44,0.341,0.257,0.85,0.839,50,49,19,29,13,16,2022-23,Home
2022-11-09,Indiana Pacers,Denver Nuggets,119,122,0.469,0.489,0.333,0.429,0.789,0.923,44,47,28,27,18,20,2022-23,Away
2022-11-09,Orlando Magic,Dallas Mavericks,94,87,0.493,0.376,0.381,0.262,0.667,0.632,49,29,20,17,18,4,2022-23,Home
2022-11-10,Atlanta Hawks,Philadelphia 76ers,104,95,0.443,0.386,0.231,0.2,0.87,0.833,54,45,19,15,18,17,2022-23,Home
2022-11-10,Miami Heat,Charlotte Hornets,117,112,0.433,0.489,0.278,0.359,0.806,0.6,38,50,21,23,10,20,2022-23,Home
2022-11-10,New Orleans Pelicans,Portland Trail Blazers,95,106,0.418,0.435,0.357,0.353,0.792,0.769,45,46,19,25,17,8,2022-23,Away
2022-11-10,Washington Wizards,Dallas Mavericks,113,105,0.488,0.43,0.4,0.383,0.95,0.619,52,41,25,19,17,12,2022-23,Home
2022-11-11,New York Knicks,Detroit Pistons,121,112,0.447,0.463,0.25,0.226,0.931,0.756,47,43,23,22,11,15,2022-23,Home
2022-11-11,Orlando Magic,Phoenix Suns,114,97,0.524,0.4,0.455,0.31,0.867,0.889,50,38,23,22,13,11,2022-23,Home
2022-11-11,Los Angeles Lakers,Sacramento Kings,114,120,0.477,0.517,0.4,0.333,0.769,0.857,41,40,22,27,14,15,2022-23,Away
2022-11-11,Oklahoma City Thunder,Toronto Raptors,132,113,0.559,0.432,0.417,0.367,0.765,0.722,44,39,31,20,19,16,2022-23,Home
2022-11-11,Memphis Grizzlies,Minnesota Timberwolves,114,103,0.5,0.468,0.212,0.333,0.704,0.864,46,33,25,29,13,14,2022-23,Home
2022-11-11,Boston Celtics,Denver Nuggets,131,112,0.556,0.457,0.432,0.414,0.75,0.8,46,38,30,26,7,5,2022-23,Home
2022-11-11,San Antonio Spurs,Milwaukee Bucks,111,93,0.506,0.327,0.387,0.279,0.867,0.739,50,48,22,22,19,13,2022-23,Home
2022-11-11,Golden State Warriors,Cleveland Cavaliers,106,101,0.488,0.402,0.417,0.267,0.786,0.731,44,46,29,25,14,10,2022-23,Home
2022-11-12,Philadelphia 76ers,Atlanta Hawks,121,109,0.55,0.449,0.333,0.25,0.806,0.852,31,43,24,20,12,18,2022-23,Home
2022-11-12,Washington Wizards,Utah Jazz,121,112,0.5,0.468,0.444,0.35,0.85,0.909,46,42,27,33,9,12,2022-23,Home
2022-11-12,Indiana Pacers,Toronto Raptors,118,104,0.5,0.394,0.442,0.2,0.739,0.793,51,43,33,14,21,12,2022-23,Home
2022-11-12,LA Clippers,Brooklyn Nets,95,110,0.4,0.482,0.355,0.457,0.8,0.667,46,41,22,27,16,12,2022-23,Away
2022-11-12,New Orleans Pelicans,Houston Rockets,119,106,0.488,0.506,0.276,0.333,0.871,0.778,36,43,28,24,12,26,2022-23,Home
2022-11-12,Dallas Mavericks,Portland Trail Blazers,117,112,0.506,0.45,0.326,0.419,0.808,0.771,40,44,26,20,11,12,2022-23,Home
2022-11-12,Miami Heat,Charlotte Hornets,132,115,0.527,0.511,0.39,0.29,0.857,0.875,46,37,32,25,12,12,2022-23,Home
2022-11-12,Detroit Pistons,Boston Celtics,108,117,0.416,0.429,0.421,0.375,0.857,0.875,50,42,23,27,14,7,2022-23,Away
2022-11-13,Sacramento Kings,Golden State Warriors,122,115,0.516,0.467,0.432,0.34,0.632,0.938,45,43,31,27,15,18,2022-23,Home
2022-11-13,Cleveland Cavaliers,Minnesota Timberwolves,124,129,0.449,0.561,0.5,0.5,0.692,0.735,40,47,22,30,10,13,2022-23,Away
2022-11-13,Los Angeles Lakers,Brooklyn Nets,116,103,0.484,0.45,0.407,0.259,0.85,0.774,45,41,25,22,9,12,2022-23,Home
2022-11-13,Washington Wizards,Memphis Grizzlies,102,92,0.419,0.396,0.475,0.321,0.524,0.7,47,51,26,21,15,16,2022-23,Home
2022-11-13,Chicago Bulls,Denver Nuggets,103,126,0.494,0.6,0.273,0.481,0.81,0.81,36,36,24,33,18,16,2022-23,Away
2022-11-13,New York Knicks,Oklahoma City Thunder,135,145,0.495,0.625,0.323,0.548,0.879,0.9,35,38,25,31,13,19,2022-23,Away
2022-11-13,Philadelphia 76ers,Utah Jazz,105,98,0.482,0.394,0.174,0.297,0.808,0.565,39,50,21,23,12,17,2022-23,Home
2022-11-14,Boston Celtics,Oklahoma City Thunder,126,122,0.479,0.48,0.27,0.367,0.828,0.81,46,51,25,21,14,19,2022-23,Home
2022-11-14,Miami Heat,Phoenix Suns,113,112,0.458,0.485,0.455,0.389,0.88,0.5,42,45,23,22,14,11,2022-23,Home
2022-11-14,Milwaukee Bucks,Atlanta Hawks,106,121,0.415,0.478,0.207,0.35,0.78,0.867,46,45,21,23,15,9,2022-23,Away
2022-11-14,Houston Rockets,LA Clippers,106,122,0.453,0.506,0.3,0.368,0.613,0.788,40,44,20,25,14,16,2022-23,Away
2022-11-14,Detroit Pistons,Toronto Raptors,111,115,0.455,0.488,0.323,0.296,0.721,0.964,39,42,23,27,19,17,2022-23,Away
2022-11-14,Orlando Magic,Charlotte Hornets,105,112,0.409,0.477,0.389,0.2,0.826,0.875,48,37,23,22,22,12,2022-23,Away
2022-11-14,Golden State Warriors,San Antonio Spurs,132,95,0.534,0.36,0.511,0.25,0.938,0.684,40,53,35,18,12,18,2022-23,Home
2022-11-15,Dallas Mavericks,LA Clippers,103,101,0.438,0.531,0.395,0.429,0.667,0.808,34,40,20,23,12,21,2022-23,Home
2022-11-15,Portland Trail Blazers,San Antonio Spurs,117,110,0.519,0.518,0.469,0.31,0.769,0.765,39,38,22,34,15,19,2022-23,Home
2022-11-15,Utah Jazz,New York Knicks,111,118,0.434,0.473,0.326,0.344,0.833,0.76,49,43,29,26,20,12,2022-23,Away
2022-11-15,Sacramento Kings,Brooklyn Nets,153,121,0.596,0.494,0.488,0.393,0.84,0.909,43,29,39,25,16,17,2022-23,Home
2022-11-15,New Orleans Pelicans,Memphis Grizzlies,113,102,0.473,0.413,0.474,0.257,0.75,0.68,43,51,31,16,10,11,2022-23,Home
2022-11-16,Atlanta Hawks,Boston Celtics,101,126,0.416,0.545,0.219,0.457,0.769,0.9,45,49,21,29,9,14,2022-23,Away
2022-11-16,Milwaukee Bucks,Cleveland Cavaliers,113,98,0.477,0.429,0.41,0.429,0.556,0.824,52,34,26,22,14,8,2022-23,Home
2022-11-16,Denver Nuggets,New York Knicks,103,106,0.439,0.44,0.368,0.235,0.85,0.774,42,40,18,24,15,7,2022-23,Away
2022-11-16,Charlotte Hornets,Indiana Pacers,113,125,0.457,0.537,0.364,0.393,0.833,0.839,44,34,29,27,17,12,2022-23,Away
2022-11-16,Phoenix Suns,Golden State Warriors,130,119,0.512,0.457,0.525,0.429,0.84,1.0,47,40,33,30,15,17,2022-23,Home
2022-11-16,Washington Wizards,Oklahoma City Thunder,120,121,0.512,0.543,0.5,0.516,0.882,0.654,41,37,32,24,19,15,2022-23,Away
2022-11-16,Orlando Magic,Minnesota Timberwolves,108,126,0.452,0.523,0.257,0.333,0.882,0.786,47,40,21,28,16,10,2022-23,Away
2022-11-16,Dallas Mavericks,Houston Rockets,92,101,0.304,0.467,0.218,0.455,0.947,0.875,38,56,21,21,6,20,2022-23,Away
2022-11-16,New Orleans Pelicans,Chicago Bulls,124,110,0.506,0.494,0.515,0.344,0.875,0.647,46,37,30,25,13,12,2022-23,Home
2022-11-16,Toronto Raptors,Miami Heat,112,104,0.512,0.545,0.269,0.371,0.773,0.864,42,23,23,19,14,23,2022-23,Home
2022-11-17,LA Clippers,Detroit Pistons,96,91,0.407,0.375,0.367,0.194,0.792,0.792,51,43,17,15,18,12,2022-23,Home
2022-11-17,Portland Trail Blazers,Brooklyn Nets,107,109,0.387,0.506,0.361,0.379,0.815,0.783,39,47,22,32,9,17,2022-23,Away
2022-11-17,Sacramento Kings,San Antonio Spurs,130,112,0.578,0.548,0.4,0.423,0.917,0.75,37,32,28,29,12,18,2022-23,Home
2022-11-18,Washington Wizards,Miami Heat,107,106,0.427,0.357,0.326,0.256,0.714,0.781,54,53,33,23,15,9,2022-23,Home
2022-11-18,Memphis Grizzlies,Oklahoma City Thunder,121,110,0.419,0.469,0.359,0.324,0.725,0.818,57,43,26,34,11,10,2022-23,Home
2022-11-18,Golden State Warriors,New York Knicks,111,101,0.451,0.345,0.36,0.265,0.55,0.941,51,45,32,16,16,16,2022-23,Home
2022-11-18,Los Angeles Lakers,Detroit Pistons,128,121,0.551,0.467,0.35,0.324,0.875,0.75,44,37,29,27,16,11,2022-23,Home
2022-11-18,Houston Rockets,Indiana Pacers,91,99,0.337,0.402,0.214,0.293,0.844,0.778,49,45,15,25,17,15,2022-23,Away
2022-11-18,Philadelphia 76ers,Milwaukee Bucks,110,102,0.513,0.456,0.464,0.333,0.654,0.381,41,42,28,22,18,12,2022-23,Home
2022-11-18,Chicago Bulls,Orlando Magic,107,108,0.461,0.494,0.238,0.429,0.8,0.909,46,41,27,25,11,16,2022-23,Away
2022-11-18,Utah Jazz,Phoenix Suns,134,133,0.56,0.521,0.516,0.3,0.667,0.929,36,42,32,29,16,14,2022-23,Home
2022-11-18,Dallas Mavericks,Denver Nuggets,127,99,0.597,0.422,0.406,0.333,0.786,0.722,44,36,29,24,10,11,2022-23,Home
2022-11-18,New Orleans Pelicans,Boston Celtics,109,117,0.494,0.482,0.371,0.435,0.769,0.882,37,46,24,28,11,17,2022-23,Away
2022-11-18,Cleveland Cavaliers,Charlotte Hornets,132,122,0.533,0.4,0.286,0.318,0.813,0.833,50,53,25,24,19,14,2022-23,Home
2022-11-19,Philadelphia 76ers,Minnesota Timberwolves,109,112,0.479,0.471,0.438,0.333,0.844,0.833,39,43,21,28,22,17,2022-23,Away
2022-11-19,Atlanta Hawks,Toronto Raptors,124,122,0.5,0.444,0.28,0.216,0.781,0.818,50,51,23,27,14,13,2022-23,Home
2022-11-19,Indiana Pacers,Orlando Magic,114,113,0.456,0.429,0.391,0.381,0.737,0.731,42,41,27,16,15,9,2022-23,Home
2022-11-19,Portland Trail Blazers,Utah Jazz,113,118,0.47,0.462,0.31,0.359,0.815,0.87,43,42,27,23,17,13,2022-23,Away
2022-11-19,LA Clippers,San Antonio Spurs,119,97,0.543,0.414,0.525,0.269,0.526,0.857,35,43,32,22,12,15,2022-23,Home
2022-11-20,Brooklyn Nets,Memphis Grizzlies,127,115,0.602,0.434,0.471,0.324,0.733,0.548,45,44,33,28,18,10,2022-23,Home
2022-11-20,Los Angeles Lakers,San Antonio Spurs,123,92,0.529,0.39,0.353,0.206,0.875,0.3,54,44,29,26,15,10,2022-23,Home
2022-11-20,Sacramento Kings,Detroit Pistons,137,129,0.553,0.528,0.343,0.517,0.886,0.87,41,35,29,20,11,12,2022-23,Home
2022-11-20,Washington Wizards,Charlotte Hornets,106,102,0.43,0.39,0.382,0.25,0.722,0.696,49,51,19,19,17,13,2022-23,Home
2022-11-20,Dallas Mavericks,Denver Nuggets,97,98,0.449,0.474,0.357,0.333,0.571,0.789,36,44,24,22,12,15,2022-23,Away
2022-11-20,Cleveland Cavaliers,Miami Heat,113,87,0.53,0.388,0.351,0.194,0.75,0.864,49,30,31,17,19,16,2022-23,Home
2022-11-20,Phoenix Suns,New York Knicks,116,95,0.426,0.4,0.436,0.28,0.722,0.8,60,39,35,20,13,10,2022-23,Home
2022-11-20,Houston Rockets,Golden State Warriors,120,127,0.456,0.535,0.333,0.511,0.852,0.733,45,40,24,38,12,17,2022-23,Away
2022-11-21,Chicago Bulls,Boston Celtics,121,107,0.517,0.437,0.483,0.38,0.75,0.706,51,38,26,28,11,15,2022-23,Home
2022-11-21,Milwaukee Bucks,Portland Trail Blazers,119,111,0.547,0.473,0.321,0.276,0.64,0.789,42,40,31,19,14,15,2022-23,Home
2022-11-21,Oklahoma City Thunder,New York Knicks,119,129,0.489,0.526,0.333,0.324,0.781,0.8,38,48,25,21,14,13,2022-23,Away
2022-11-21,Indiana Pacers,Orlando Magic,123,102,0.5,0.424,0.283,0.314,0.889,0.76,48,38,32,20,21,17,2022-23,Home
2022-11-21,Minnesota Timberwolves,Miami Heat,105,101,0.435,0.389,0.298,0.289,0.85,0.667,40,46,30,26,18,15,2022-23,Home
2022-11-21,LA Clippers,Utah Jazz,121,114,0.516,0.449,0.375,0.316,0.947,0.917,41,45,26,22,16,17,2022-23,Home
2022-11-21,Cleveland Cavaliers,Atlanta Hawks,114,102,0.6,0.437,0.526,0.324,0.87,0.882,37,35,24,24,19,16,2022-23,Home
2022-11-21,New Orleans Pelicans,Golden State Warriors,128,83,0.538,0.378,0.357,0.233,0.714,0.895,50,34,30,17,14,26,2022-23,Home
2022-11-22,Philadelphia 76ers,Brooklyn Nets,115,106,0.434,0.55,0.5,0.321,0.813,0.692,49,35,19,31,9,15,2022-23,Home
2022-11-22,Denver Nuggets,Detroit Pistons,108,110,0.5,0.511,0.263,0.286,0.654,0.857,42,40,28,27,17,16,2022-23,Away
2022-11-22,Memphis Grizzlies,Sacramento Kings,109,113,0.451,0.433,0.267,0.333,0.633,0.741,49,45,26,27,18,18,2022-23,Away
2022-11-22,Phoenix Suns,Los Angeles Lakers,115,105,0.471,0.424,0.471,0.182,0.6,0.829,49,45,23,19,15,17,2022-23,Home
2022-11-23,Utah Jazz,Detroit Pistons,116,125,0.494,0.494,0.439,0.5,0.842,0.926,38,38,31,24,15,7,2022-23,Away
2022-11-23,Golden State Warriors,LA Clippers,124,107,0.495,0.453,0.373,0.379,0.692,0.667,45,43,36,22,13,16,2022-23,Home
2022-11-23,San Antonio Spurs,New Orleans Pelicans,110,129,0.482,0.573,0.294,0.424,0.643,0.7,37,42,31,33,18,21,2022-23,Away
2022-11-23,Boston Celtics,Dallas Mavericks,125,112,0.536,0.537,0.5,0.355,0.857,0.619,38,35,29,20,11,14,2022-23,Home
2022-11-23,Miami Heat,Washington Wizards,113,105,0.419,0.472,0.39,0.263,0.864,0.579,53,43,20,27,12,14,2022-23,Home
2022-11-23,Oklahoma City Thunder,Denver Nuggets,126,131,0.433,0.477,0.45,0.368,0.857,0.805,39,55,26,31,9,17,2022-23,Away
2022-11-23,Indiana Pacers,Minnesota Timberwolves,101,115,0.385,0.61,0.364,0.364,0.688,0.765,30,50,25,31,13,23,2022-23,Away
2022-11-23,Cleveland Cavaliers,Portland Trail Blazers,114,96,0.554,0.449,0.444,0.419,0.87,1.0,39,32,22,28,16,16,2022-23,Home
2022-11-23,Atlanta Hawks,Sacramento Kings,115,106,0.446,0.461,0.367,0.29,0.957,0.714,47,48,23,27,13,18,2022-23,Home
2022-11-23,Milwaukee Bucks,Chicago Bulls,113,118,0.456,0.494,0.316,0.429,0.76,0.778,48,35,24,30,19,13,2022-23,Away
2022-11-23,Toronto Raptors,Brooklyn Nets,98,112,0.356,0.549,0.241,0.447,0.76,0.714,52,39,16,32,13,19,2022-23,Away
2022-11-23,Charlotte Hornets,Philadelphia 76ers,107,101,0.478,0.442,0.261,0.237,0.619,0.889,44,45,25,20,15,19,2022-23,Home
2022-11-25,Oklahoma City Thunder,Chicago Bulls,123,119,0.463,0.436,0.241,0.364,0.875,0.826,50,47,24,25,13,15,2022-23,Home
2022-11-25,Indiana Pacers,Brooklyn Nets,128,117,0.5,0.534,0.353,0.366,0.789,0.8,41,38,28,27,9,18,2022-23,Home
2022-11-25,Golden State Warriors,Utah Jazz,129,118,0.515,0.474,0.444,0.244,0.833,0.882,49,42,33,28,19,13,2022-23,Home
2022-11-25,New York Knicks,Portland Trail Blazers,129,132,0.438,0.494,0.317,0.313,0.857,0.745,44,48,27,24,10,12,2022-23,Away
2022-11-25,Memphis Grizzlies,New Orleans Pelicans,132,111,0.516,0.43,0.474,0.323,0.741,0.871,46,41,26,26,14,13,2022-23,Home
2022-11-25,Milwaukee Bucks,Cleveland Cavaliers,117,102,0.506,0.391,0.469,0.364,0.72,0.846,43,41,27,12,13,9,2022-23,Home
2022-11-25,San Antonio Spurs,Los Angeles Lakers,94,105,0.38,0.482,0.182,0.296,0.75,0.85,50,49,21,28,16,21,2022-23,Away
2022-11-25,Boston Celtics,Sacramento Kings,122,104,0.494,0.414,0.432,0.25,0.889,0.885,38,45,27,20,10,18,2022-23,Home
2022-11-25,Miami Heat,Washington Wizards,110,107,0.472,0.43,0.269,0.282,0.826,0.8,47,45,24,27,10,12,2022-23,Home
2022-11-25,Houston Rockets,Atlanta Hawks,128,122,0.471,0.476,0.343,0.385,0.829,0.806,59,28,25,14,21,13,2022-23,Home
2022-11-25,Orlando Magic,Philadelphia 76ers,99,107,0.425,0.476,0.257,0.389,0.815,0.833,35,47,20,25,14,15,2022-23,Away
2022-11-25,LA Clippers,Denver Nuggets,104,114,0.544,0.494,0.5,0.333,0.559,0.696,33,37,22,27,14,6,2022-23,Away
2022-11-25,Phoenix Suns,Detroit Pistons,108,102,0.483,0.424,0.241,0.346,0.654,0.938,43,49,25,21,13,18,2022-23,Home
2022-11-25,Charlotte Hornets,Minnesota Timberwolves,110,108,0.449,0.427,0.32,0.22,0.688,0.944,55,45,24,24,17,16,2022-23,Home
2022-11-26,Toronto Raptors,Dallas Mavericks,105,100,0.432,0.479,0.308,0.282,0.808,0.792,48,34,20,28,13,16,2022-23,Home
2022-11-26,San Antonio Spurs,Los Angeles Lakers,138,143,0.505,0.58,0.486,0.515,0.7,0.865,47,39,33,25,10,17,2022-23,Away
2022-11-26,Phoenix Suns,Utah Jazz,113,112,0.457,0.506,0.273,0.406,0.767,0.76,48,40,23,20,6,12,2022-23,Home
2022-11-26,Houston Rockets,Oklahoma City Thunder,118,105,0.523,0.392,0.5,0.227,0.714,0.826,53,41,25,19,24,15,2022-23,Home
2022-11-27,Brooklyn Nets,Portland Trail Blazers,111,97,0.526,0.443,0.429,0.364,0.778,0.682,38,42,27,27,7,13,2022-23,Home
2022-11-27,Milwaukee Bucks,Dallas Mavericks,124,115,0.558,0.513,0.459,0.415,0.733,0.64,40,32,28,23,13,13,2022-23,Home
2022-11-27,Detroit Pistons,Cleveland Cavaliers,94,102,0.456,0.429,0.286,0.286,0.538,0.848,36,41,14,14,13,14,2022-23,Away
2022-11-27,Orlando Magic,Philadelphia 76ers,103,133,0.456,0.649,0.3,0.407,0.76,0.815,26,43,21,32,15,14,2022-23,Away
2022-11-27,New York Knicks,Memphis Grizzlies,123,127,0.506,0.484,0.333,0.375,0.833,0.742,42,50,30,32,8,10,2022-23,Away
2022-11-27,Minnesota Timberwolves,Golden State Warriors,114,137,0.443,0.575,0.4,0.426,0.759,0.85,31,47,22,36,14,16,2022-23,Away
2022-11-27,Boston Celtics,Washington Wizards,130,121,0.55,0.537,0.471,0.25,1.0,0.788,38,29,25,23,14,4,2022-23,Home
2022-11-27,Atlanta Hawks,Miami Heat,98,106,0.398,0.488,0.278,0.273,0.947,0.895,42,46,24,28,9,12,2022-23,Away
2022-11-27,LA Clippers,Indiana Pacers,114,100,0.447,0.383,0.188,0.214,0.75,0.826,62,39,33,23,18,11,2022-23,Home
2022-11-28,Sacramento Kings,Phoenix Suns,117,122,0.523,0.532,0.36,0.313,0.889,0.857,37,45,32,26,15,17,2022-23,Away
2022-11-28,Brooklyn Nets,Orlando Magic,109,102,0.543,0.475,0.321,0.419,0.857,0.591,42,35,20,18,16,18,2022-23,Home
2022-11-28,Utah Jazz,Chicago Bulls,107,114,0.482,0.462,0.388,0.273,0.4,0.88,45,50,30,21,14,7,2022-23,Away
2022-11-28,Philadelphia 76ers,Atlanta Hawks,104,101,0.453,0.5,0.357,0.444,0.889,0.682,37,42,23,26,12,19,2022-23,Home
2022-11-28,Toronto Raptors,Cleveland Cavaliers,100,88,0.44,0.378,0.429,0.184,0.824,0.813,45,47,23,21,10,9,2022-23,Home
2022-11-28,Washington Wizards,Minnesota Timberwolves,142,127,0.571,0.5,0.484,0.259,0.852,0.857,34,45,31,20,7,18,2022-23,Home
2022-11-28,Denver Nuggets,Houston Rockets,129,113,0.568,0.459,0.4,0.364,0.85,0.76,43,37,31,25,14,17,2022-23,Home
2022-11-28,Boston Celtics,Charlotte Hornets,140,105,0.591,0.488,0.462,0.379,0.857,0.667,39,37,40,28,13,20,2022-23,Home
2022-11-28,Los Angeles Lakers,Indiana Pacers,115,116,0.43,0.41,0.355,0.347,0.774,0.813,57,49,23,29,14,9,2022-23,Away
2022-11-28,New Orleans Pelicans,Oklahoma City Thunder,105,101,0.448,0.37,0.281,0.316,0.9,0.913,49,47,21,16,22,19,2022-23,Home
2022-11-29,Portland Trail Blazers,LA Clippers,112,118,0.467,0.461,0.486,0.419,0.733,0.821,43,48,24,26,11,13,2022-23,Away
2022-11-29,Detroit Pistons,New York Knicks,110,140,0.506,0.563,0.333,0.457,0.65,0.762,30,51,28,31,16,14,2022-23,Away
2022-11-29,Dallas Mavericks,Golden State Warriors,116,113,0.462,0.477,0.341,0.256,0.63,0.783,39,50,21,27,13,18,2022-23,Home
2022-11-30,Orlando Magic,Atlanta Hawks,108,125,0.494,0.543,0.296,0.25,0.88,0.789,33,49,26,25,18,12,2022-23,Away
2022-11-30,Oklahoma City Thunder,San Antonio Spurs,119,111,0.511,0.446,0.333,0.27,0.667,0.76,52,44,17,27,11,10,2022-23,Home
2022-11-30,Boston Celtics,Miami Heat,134,121,0.554,0.522,0.489,0.45,0.87,1.0,41,32,32,25,17,15,2022-23,Home
2022-11-30,Los Angeles Lakers,Portland Trail Blazers,128,109,0.495,0.467,0.378,0.333,0.692,0.81,48,45,28,21,7,10,2022-23,Home
2022-11-30,Denver Nuggets,Houston Rockets,120,100,0.53,0.42,0.531,0.293,0.75,0.778,42,39,30,18,11,14,2022-23,Home
2022-11-30,New York Knicks,Milwaukee Bucks,103,109,0.42,0.433,0.2,0.286,0.65,0.808,55,52,18,23,7,5,2022-23,Away
2022-11-30,Utah Jazz,LA Clippers,125,112,0.556,0.398,0.438,0.333,0.75,0.778,46,39,24,16,18,10,2022-23,Home
2022-11-30,Minnesota Timberwolves,Memphis Grizzlies,109,101,0.461,0.425,0.308,0.346,0.789,0.6,29,59,26,17,12,24,2022-23,Home
2022-11-30,Sacramento Kings,Indiana Pacers,137,114,0.505,0.4,0.372,0.324,0.862,0.733,58,47,28,28,18,15,2022-23,Home
2022-11-30,Cleveland Cavaliers,Philadelphia 76ers,113,85,0.608,0.416,0.517,0.231,0.8,0.833,40,30,28,19,18,16,2022-23,Home
2022-11-30,Phoenix Suns,Chicago Bulls,132,113,0.527,0.5,0.455,0.16,0.905,0.818,46,35,22,21,13,11,2022-23,Home
2022-11-30,Brooklyn Nets,Washington Wizards,113,107,0.464,0.438,0.423,0.25,0.923,0.676,35,51,22,19,9,14,2022-23,Home
2022-11-30,New Orleans Pelicans,Toronto Raptors,126,108,0.523,0.477,0.424,0.289,0.846,0.684,52,30,28,29,20,16,2022-23,Home
2022-12-01,Detroit Pistons,Dallas Mavericks,131,125,0.543,0.535,0.429,0.413,0.583,0.483,52,30,29,25,13,13,2022-23,Home
2022-12-02,Phoenix Suns,Houston Rockets,121,122,0.529,0.494,0.459,0.333,0.737,0.791,37,41,30,19,17,16,2022-23,Away
2022-12-02,Atlanta Hawks,Denver Nuggets,117,109,0.557,0.529,0.357,0.375,0.643,0.538,43,33,24,31,12,15,2022-23,Home
2022-12-02,Brooklyn Nets,Toronto Raptors,114,105,0.537,0.437,0.344,0.292,0.682,0.733,41,43,27,16,18,13,2022-23,Home
2022-12-02,Milwaukee Bucks,Los Angeles Lakers,129,133,0.532,0.542,0.395,0.423,0.8,0.75,42,44,29,32,9,4,2022-23,Away
2022-12-02,Memphis Grizzlies,Philadelphia 76ers,117,109,0.433,0.44,0.367,0.424,0.786,0.882,57,42,22,23,12,13,2022-23,Home
2022-12-02,Utah Jazz,Indiana Pacers,139,119,0.554,0.435,0.441,0.353,0.865,0.818,47,35,29,25,24,18,2022-23,Home
2022-12-02,Boston Celtics,Miami Heat,116,120,0.46,0.475,0.333,0.314,0.75,0.722,48,50,26,19,20,16,2022-23,Away
2022-12-02,Cleveland Cavaliers,Orlando Magic,107,96,0.488,0.494,0.381,0.348,1.0,0.667,33,40,22,19,12,17,2022-23,Home
2022-12-02,San Antonio Spurs,New Orleans Pelicans,99,117,0.388,0.435,0.282,0.286,0.75,0.962,49,53,26,25,12,9,2022-23,Away
2022-12-02,Charlotte Hornets,Washington Wizards,117,116,0.421,0.453,0.414,0.364,0.806,0.743,45,56,25,23,4,14,2022-23,Home
2022-12-02,Golden State Warriors,Chicago Bulls,119,111,0.483,0.462,0.4,0.333,0.652,0.667,50,44,32,28,19,12,2022-23,Home
2022-12-03,New York Knicks,Dallas Mavericks,100,121,0.455,0.43,0.323,0.393,0.714,0.786,45,50,18,27,19,11,2022-23,Away
2022-12-03,LA Clippers,Sacramento Kings,96,123,0.355,0.517,0.273,0.344,0.808,0.667,50,46,15,31,17,9,2022-23,Away
2022-12-03,Toronto Raptors,Orlando Magic,121,108,0.56,0.487,0.31,0.393,0.72,0.808,43,29,31,23,16,15,2022-23,Home
2022-12-03,Minnesota Timberwolves,Oklahoma City Thunder,128,135,0.528,0.516,0.333,0.423,0.8,0.8,44,42,25,26,23,21,2022-23,Away
2022-12-03,Utah Jazz,Portland Trail Blazers,111,116,0.452,0.482,0.361,0.4,0.786,0.774,44,49,20,19,13,13,2022-23,Away
2022-12-03,Charlotte Hornets,Milwaukee Bucks,96,105,0.391,0.47,0.208,0.375,0.885,0.789,44,47,15,24,14,21,2022-23,Away
2022-12-03,Golden State Warriors,Houston Rockets,120,101,0.529,0.44,0.481,0.107,0.5,0.9,35,45,34,17,13,15,2022-23,Home
2022-12-04,San Antonio Spurs,Phoenix Suns,95,133,0.437,0.521,0.194,0.514,0.722,0.8,40,45,19,38,19,11,2022-23,Away
2022-12-04,New York Knicks,Cleveland Cavaliers,92,81,0.407,0.349,0.172,0.229,0.81,0.75,54,39,17,17,20,17,2022-23,Home
2022-12-04,New Orleans Pelicans,Denver Nuggets,121,106,0.506,0.506,0.423,0.258,0.778,0.667,36,43,29,24,10,19,2022-23,Home
2022-12-04,Washington Wizards,Los Angeles Lakers,119,130,0.467,0.542,0.256,0.385,0.733,0.727,44,51,24,34,10,15,2022-23,Away
2022-12-04,Brooklyn Nets,Boston Celtics,92,103,0.405,0.432,0.346,0.395,0.682,0.9,45,48,17,18,14,15,2022-23,Away
2022-12-04,Sacramento Kings,Chicago Bulls,110,101,0.465,0.442,0.302,0.36,0.895,0.842,46,39,30,17,18,16,2022-23,Home
2022-12-04,Detroit Pistons,Memphis Grizzlies,112,122,0.44,0.467,0.371,0.429,0.833,0.724,39,46,26,28,14,13,2022-23,Away
2022-12-04,Portland Trail Blazers,Indiana Pacers,116,100,0.488,0.44,0.425,0.303,0.682,0.833,45,44,32,22,15,15,2022-23,Home
2022-12-05,Atlanta Hawks,Oklahoma City Thunder,114,121,0.431,0.453,0.342,0.353,0.765,0.958,54,49,24,25,18,16,2022-23,Away
2022-12-05,Dallas Mavericks,Phoenix Suns,130,111,0.524,0.44,0.488,0.351,0.846,0.692,41,41,23,28,12,11,2022-23,Home
2022-12-05,Toronto Raptors,Boston Celtics,110,116,0.459,0.489,0.357,0.361,0.733,0.714,46,49,19,27,13,11,2022-23,Away
2022-12-05,Memphis Grizzlies,Miami Heat,101,93,0.467,0.392,0.25,0.35,1.0,0.773,41,45,23,23,11,16,2022-23,Home
2022-12-05,Orlando Magic,Milwaukee Bucks,102,109,0.366,0.447,0.25,0.325,0.897,0.769,52,45,21,31,13,17,2022-23,Away
2022-12-05,Golden State Warriors,Indiana Pacers,104,112,0.404,0.478,0.295,0.385,0.789,0.611,47,47,26,26,12,11,2022-23,Away
2022-12-05,Charlotte Hornets,LA Clippers,117,119,0.48,0.484,0.353,0.417,0.647,0.667,49,47,29,30,10,12,2022-23,Away
2022-12-05,Houston Rockets,Philadelphia 76ers,132,123,0.447,0.448,0.359,0.472,0.773,0.778,51,39,19,23,19,19,2022-23,Home
2022-12-06,Cleveland Cavaliers,Los Angeles Lakers,116,102,0.516,0.427,0.259,0.167,0.765,0.833,44,43,25,16,7,16,2022-23,Home
2022-12-06,Denver Nuggets,Dallas Mavericks,115,116,0.513,0.5,0.406,0.472,0.786,0.871,36,35,30,27,17,15,2022-23,Away
2022-12-06,Miami Heat,Detroit Pistons,96,116,0.429,0.494,0.313,0.463,0.769,0.733,40,40,21,27,15,12,2022-23,Away
2022-12-07,Chicago Bulls,Washington Wizards,115,111,0.5,0.488,0.435,0.29,0.882,0.69,41,38,29,22,19,18,2022-23,Home
2022-12-07,Minnesota Timberwolves,Indiana Pacers,121,115,0.473,0.481,0.348,0.452,0.926,0.75,51,31,25,22,21,19,2022-23,Home
2022-12-07,New Orleans Pelicans,Detroit Pistons,104,98,0.459,0.389,0.296,0.357,0.783,0.813,50,42,21,17,18,12,2022-23,Home
2022-12-07,Orlando Magic,LA Clippers,116,111,0.421,0.411,0.286,0.366,0.903,0.692,53,53,20,26,12,15,2022-23,Home
2022-12-07,New York Knicks,Atlanta Hawks,113,89,0.446,0.376,0.472,0.167,0.917,0.792,55,39,26,16,14,11,2022-23,Home
2022-12-07,Brooklyn Nets,Charlotte Hornets,122,116,0.57,0.534,0.387,0.417,0.75,0.522,39,40,33,25,10,11,2022-23,Home
2022-12-07,Toronto Raptors,Los Angeles Lakers,126,113,0.443,0.425,0.279,0.212,0.833,0.914,54,46,25,16,11,15,2022-23,Home
2022-12-07,Utah Jazz,Golden State Warriors,124,123,0.535,0.459,0.429,0.333,0.81,0.76,40,42,26,26,17,14,2022-23,Home
2022-12-07,Memphis Grizzlies,Oklahoma City Thunder,123,102,0.511,0.37,0.368,0.368,0.813,0.87,50,48,32,25,14,18,2022-23,Home
2022-12-07,Milwaukee Bucks,Sacramento Kings,126,113,0.479,0.473,0.424,0.316,0.833,0.938,50,40,34,19,7,8,2022-23,Home
2022-12-07,Phoenix Suns,Boston Celtics,98,125,0.398,0.485,0.25,0.356,0.842,0.846,49,53,19,29,18,12,2022-23,Away
2022-12-08,Portland Trail Blazers,Denver Nuggets,120,121,0.484,0.516,0.4,0.4,1.0,0.682,38,48,30,28,12,16,2022-23,Away
2022-12-08,San Antonio Spurs,Houston Rockets,118,109,0.554,0.449,0.361,0.345,0.867,0.733,38,42,25,23,16,14,2022-23,Home
2022-12-08,Miami Heat,LA Clippers,115,110,0.511,0.463,0.375,0.472,0.786,0.905,43,43,24,24,8,16,2022-23,Home
2022-12-09,Charlotte Hornets,New York Knicks,102,121,0.44,0.441,0.231,0.382,0.786,0.867,45,48,16,25,12,11,2022-23,Away
2022-12-09,Dallas Mavericks,Milwaukee Bucks,105,106,0.466,0.437,0.325,0.344,0.417,0.826,43,51,21,27,10,15,2022-23,Away
2022-12-09,Orlando Magic,Toronto Raptors,113,109,0.592,0.424,0.385,0.286,0.905,0.818,43,33,24,23,18,7,2022-23,Home
2022-12-09,Philadelphia 76ers,Los Angeles Lakers,133,122,0.533,0.5,0.45,0.355,0.864,0.767,42,37,30,29,21,19,2022-23,Home
2022-12-09,Cleveland Cavaliers,Sacramento Kings,95,106,0.43,0.53,0.333,0.485,0.773,0.625,36,38,20,21,19,17,2022-23,Away
2022-12-09,New Orleans Pelicans,Phoenix Suns,128,117,0.511,0.5,0.296,0.5,0.8,0.692,44,37,27,30,11,16,2022-23,Home
2022-12-09,Memphis Grizzlies,Detroit Pistons,114,103,0.484,0.4,0.281,0.314,0.531,0.741,48,47,30,23,14,19,2022-23,Home
2022-12-09,Utah Jazz,Minnesota Timberwolves,108,118,0.433,0.532,0.295,0.4,0.708,0.769,40,44,22,30,11,17,2022-23,Away
2022-12-09,Indiana Pacers,Washington Wizards,121,111,0.506,0.532,0.439,0.345,0.85,0.76,40,38,23,25,11,14,2022-23,Home
2022-12-09,Brooklyn Nets,Atlanta Hawks,120,116,0.542,0.495,0.433,0.345,0.81,0.875,38,38,30,21,21,18,2022-23,Home
2022-12-10,Indiana Pacers,Brooklyn Nets,133,136,0.553,0.52,0.477,0.321,0.75,0.719,30,59,30,19,18,18,2022-23,Away
2022-12-10,Denver Nuggets,Utah Jazz,115,110,0.547,0.459,0.308,0.366,0.813,0.81,39,42,28,20,8,13,2022-23,Home
2022-12-10,Golden State Warriors,Boston Celtics,123,107,0.511,0.437,0.333,0.3,0.8,0.731,53,39,26,17,13,10,2022-23,Home
2022-12-10,Washington Wizards,LA Clippers,107,114,0.435,0.426,0.471,0.396,0.895,0.938,50,42,24,22,14,10,2022-23,Away
2022-12-10,Portland Trail Blazers,Minnesota Timberwolves,124,118,0.518,0.542,0.382,0.435,0.893,0.75,45,28,20,22,16,13,2022-23,Home
2022-12-10,Miami Heat,San Antonio Spurs,111,115,0.481,0.538,0.382,0.333,0.714,0.774,32,46,26,24,10,18,2022-23,Away
2022-12-10,Chicago Bulls,Dallas Mavericks,144,115,0.635,0.456,0.559,0.25,0.708,0.846,44,37,33,24,8,8,2022-23,Home
2022-12-10,Cleveland Cavaliers,Oklahoma City Thunder,110,102,0.471,0.458,0.375,0.345,0.692,0.8,48,40,25,25,11,10,2022-23,Home
2022-12-11,Orlando Magic,Toronto Raptors,111,99,0.468,0.4,0.452,0.24,0.806,0.868,42,28,25,18,14,9,2022-23,Home
2022-12-11,Philadelphia 76ers,Charlotte Hornets,131,113,0.554,0.409,0.481,0.367,0.813,0.867,41,45,31,21,15,15,2022-23,Home
2022-12-11,New York Knicks,Sacramento Kings,112,99,0.449,0.398,0.229,0.256,0.889,0.657,55,41,19,20,14,16,2022-23,Home
2022-12-11,Detroit Pistons,Los Angeles Lakers,117,124,0.462,0.548,0.378,0.423,0.824,0.778,40,42,28,31,12,11,2022-23,Away
2022-12-11,Houston Rockets,Milwaukee Bucks,97,92,0.44,0.367,0.222,0.279,0.917,0.778,49,52,23,18,12,15,2022-23,Home
2022-12-11,Atlanta Hawks,Chicago Bulls,123,122,0.48,0.48,0.333,0.259,0.762,0.826,45,53,28,28,14,18,2022-23,Home
2022-12-11,New Orleans Pelicans,Phoenix Suns,129,124,0.581,0.467,0.32,0.342,0.75,0.765,43,42,31,34,15,14,2022-23,Home
2022-12-12,Indiana Pacers,Miami Heat,82,87,0.354,0.386,0.282,0.265,0.75,0.778,45,48,16,23,15,13,2022-23,Away
2022-12-12,LA Clippers,Boston Celtics,113,93,0.489,0.434,0.4,0.231,0.714,0.692,46,36,18,27,9,15,2022-23,Home
2022-12-12,Portland Trail Blazers,Minnesota Timberwolves,133,112,0.539,0.495,0.457,0.37,0.762,0.526,54,37,32,25,18,10,2022-23,Home
2022-12-12,Memphis Grizzlies,Atlanta Hawks,128,103,0.602,0.356,0.406,0.324,0.833,0.773,49,39,36,20,22,15,2022-23,Home
2022-12-12,Washington Wizards,Brooklyn Nets,100,112,0.468,0.494,0.355,0.296,0.682,0.889,44,41,21,25,19,11,2022-23,Away
2022-12-12,San Antonio Spurs,Cleveland Cavaliers,112,111,0.474,0.489,0.333,0.217,0.688,0.941,46,44,25,21,12,15,2022-23,Home
2022-12-12,Dallas Mavericks,Oklahoma City Thunder,121,114,0.419,0.477,0.407,0.323,0.84,0.952,50,42,24,21,14,13,2022-23,Home
2022-12-13,Los Angeles Lakers,Boston Celtics,118,122,0.473,0.442,0.276,0.396,0.733,0.688,49,51,23,27,11,14,2022-23,Away
2022-12-13,Houston Rockets,Phoenix Suns,111,97,0.42,0.32,0.343,0.255,0.912,0.947,67,44,16,22,22,9,2022-23,Home
2022-12-13,Milwaukee Bucks,Golden State Warriors,128,111,0.549,0.4,0.414,0.4,0.813,0.789,55,37,22,25,21,18,2022-23,Home
2022-12-13,Utah Jazz,New Orleans Pelicans,121,100,0.476,0.398,0.319,0.148,0.667,0.667,59,43,31,25,19,17,2022-23,Home
2022-12-13,Philadelphia 76ers,Sacramento Kings,123,103,0.512,0.413,0.457,0.238,0.778,0.85,42,48,34,21,11,17,2022-23,Home
2022-12-14,Indiana Pacers,Golden State Warriors,125,119,0.506,0.465,0.41,0.424,0.84,0.862,34,46,30,27,17,23,2022-23,Home
2022-12-14,Chicago Bulls,New York Knicks,120,128,0.548,0.495,0.321,0.529,0.864,0.8,31,48,25,25,12,15,2022-23,Away
2022-12-14,Denver Nuggets,Washington Wizards,141,128,0.651,0.527,0.25,0.487,0.829,0.565,45,24,31,40,18,13,2022-23,Home
2022-12-14,LA Clippers,Minnesota Timberwolves,99,88,0.382,0.419,0.304,0.182,0.81,0.733,52,43,21,15,14,17,2022-23,Home
2022-12-14,San Antonio Spurs,Portland Trail Blazers,112,128,0.464,0.605,0.379,0.45,0.579,0.706,40,40,23,26,11,17,2022-23,Away
2022-12-14,Orlando Magic,Atlanta Hawks,135,124,0.505,0.5,0.444,0.343,0.833,0.889,46,39,28,30,11,13,2022-23,Home
2022-12-14,Dallas Mavericks,Cleveland Cavaliers,90,105,0.392,0.526,0.342,0.333,0.731,0.789,33,43,17,26,12,6,2022-23,Away
2022-12-14,Charlotte Hornets,Detroit Pistons,134,141,0.412,0.516,0.333,0.45,0.793,0.75,52,52,21,25,5,15,2022-23,Away
2022-12-14,Oklahoma City Thunder,Miami Heat,108,110,0.5,0.43,0.375,0.429,0.739,0.8,44,39,26,25,14,14,2022-23,Away
2022-12-14,Toronto Raptors,Sacramento Kings,123,124,0.5,0.484,0.286,0.37,0.852,0.85,39,50,25,29,7,15,2022-23,Away
2022-12-15,Houston Rockets,Miami Heat,108,111,0.468,0.443,0.273,0.34,0.647,0.739,51,40,22,21,14,14,2022-23,Away
2022-12-15,LA Clippers,Phoenix Suns,95,111,0.378,0.463,0.364,0.281,0.714,0.778,52,53,21,27,16,8,2022-23,Away
2022-12-15,Memphis Grizzlies,Milwaukee Bucks,142,101,0.549,0.372,0.375,0.26,0.783,0.667,56,39,30,22,7,9,2022-23,Home
2022-12-15,Utah Jazz,New Orleans Pelicans,132,129,0.457,0.475,0.383,0.4,0.811,0.821,44,49,24,24,16,16,2022-23,Home
2022-12-16,Dallas Mavericks,Portland Trail Blazers,130,110,0.556,0.438,0.419,0.351,0.846,0.76,40,42,25,21,12,12,2022-23,Home
2022-12-16,Philadelphia 76ers,Golden State Warriors,118,106,0.459,0.415,0.395,0.395,0.806,0.846,49,48,23,31,15,17,2022-23,Home
2022-12-16,Toronto Raptors,Brooklyn Nets,116,119,0.488,0.605,0.375,0.346,0.862,0.783,32,37,17,22,8,14,2022-23,Away
2022-12-16,Chicago Bulls,New York Knicks,91,114,0.468,0.402,0.4,0.386,0.875,0.719,39,50,26,19,20,10,2022-23,Away
2022-12-16,Boston Celtics,Orlando Magic,109,117,0.417,0.462,0.239,0.273,0.824,0.857,38,53,17,19,14,17,2022-23,Away
2022-12-16,Los Angeles Lakers,Denver Nuggets,126,108,0.527,0.481,0.364,0.333,0.75,0.75,45,39,29,25,14,19,2022-23,Home
2022-12-16,Cleveland Cavaliers,Indiana Pacers,118,112,0.5,0.525,0.452,0.306,0.875,0.895,34,33,23,34,8,10,2022-23,Home
2022-12-16,Oklahoma City Thunder,Minnesota Timberwolves,110,112,0.466,0.494,0.297,0.48,0.81,0.56,45,43,29,23,22,16,2022-23,Away
2022-12-16,Detroit Pistons,Sacramento Kings,113,122,0.459,0.524,0.345,0.387,0.806,0.828,46,33,22,30,16,13,2022-23,Away
2022-12-16,Charlotte Hornets,Atlanta Hawks,106,125,0.398,0.547,0.349,0.517,0.684,0.824,43,41,26,25,12,12,2022-23,Away
2022-12-17,Milwaukee Bucks,Utah Jazz,123,97,0.533,0.453,0.474,0.34,0.818,0.5,54,29,30,24,14,14,2022-23,Home
2022-12-17,Phoenix Suns,New Orleans Pelicans,118,114,0.47,0.584,0.366,0.467,0.714,0.769,35,36,23,27,8,16,2022-23,Home
2022-12-17,Houston Rockets,Portland Trail Blazers,95,107,0.4,0.471,0.103,0.361,0.69,0.737,51,36,19,20,15,12,2022-23,Away
2022-12-17,LA Clippers,Washington Wizards,102,93,0.43,0.429,0.414,0.36,0.615,0.923,49,42,19,20,14,14,2022-23,Home
2022-12-17,San Antonio Spurs,Miami Heat,101,111,0.429,0.512,0.37,0.367,0.758,0.696,38,40,29,25,17,12,2022-23,Away
2022-12-17,Cleveland Cavaliers,Dallas Mavericks,100,99,0.426,0.409,0.194,0.306,0.591,0.632,51,45,23,19,10,11,2022-23,Home
2022-12-17,Oklahoma City Thunder,Memphis Grizzlies,115,109,0.413,0.378,0.422,0.267,0.645,0.784,53,53,29,15,9,9,2022-23,Home
2022-12-18,Los Angeles Lakers,Washington Wizards,119,117,0.5,0.463,0.407,0.256,0.727,0.792,43,48,29,24,9,10,2022-23,Home
2022-12-18,Denver Nuggets,Charlotte Hornets,119,115,0.457,0.427,0.333,0.316,0.647,0.913,55,48,33,26,14,11,2022-23,Home
2022-12-18,Detroit Pistons,Brooklyn Nets,121,124,0.477,0.55,0.267,0.517,0.853,0.913,41,35,20,26,8,13,2022-23,Away
2022-12-18,Toronto Raptors,Golden State Warriors,110,126,0.421,0.531,0.394,0.462,0.773,0.846,43,41,21,31,12,17,2022-23,Away
2022-12-18,Minnesota Timberwolves,Chicago Bulls,150,126,0.655,0.523,0.535,0.421,0.813,0.75,39,30,38,31,12,11,2022-23,Home
2022-12-18,Indiana Pacers,New York Knicks,106,109,0.433,0.47,0.342,0.308,0.652,0.767,44,49,20,13,14,16,2022-23,Away
2022-12-18,Boston Celtics,Orlando Magic,92,95,0.348,0.384,0.255,0.414,0.857,0.895,54,46,22,20,16,13,2022-23,Away
2022-12-19,Atlanta Hawks,Orlando Magic,126,125,0.511,0.474,0.375,0.353,0.9,0.92,41,45,29,29,10,8,2022-23,Home
2022-12-19,Cleveland Cavaliers,Utah Jazz,122,99,0.614,0.387,0.577,0.294,0.808,0.739,45,35,24,19,21,14,2022-23,Home
2022-12-19,Oklahoma City Thunder,Portland Trail Blazers,123,121,0.455,0.5,0.355,0.432,0.865,0.81,39,45,20,26,10,16,2022-23,Home
2022-12-19,Phoenix Suns,Los Angeles Lakers,130,104,0.495,0.448,0.513,0.429,0.75,0.824,51,38,21,13,8,14,2022-23,Home
2022-12-19,Philadelphia 76ers,Toronto Raptors,104,101,0.4,0.42,0.357,0.275,0.926,0.8,41,50,22,24,16,15,2022-23,Home
2022-12-19,Sacramento Kings,Charlotte Hornets,119,125,0.474,0.516,0.364,0.323,0.548,0.739,42,56,23,26,8,14,2022-23,Away
2022-12-19,Minnesota Timberwolves,Dallas Mavericks,116,106,0.472,0.408,0.387,0.422,0.833,0.806,44,42,19,23,10,15,2022-23,Home
2022-12-19,New Orleans Pelicans,Milwaukee Bucks,119,128,0.424,0.556,0.4,0.325,0.708,0.806,44,44,30,26,15,17,2022-23,Away
2022-12-19,Houston Rockets,San Antonio Spurs,105,124,0.426,0.554,0.208,0.5,0.645,0.789,41,46,23,30,11,19,2022-23,Away
2022-12-20,Denver Nuggets,Memphis Grizzlies,105,91,0.449,0.444,0.37,0.192,0.6,0.667,48,42,28,25,17,16,2022-23,Home
2022-12-20,Detroit Pistons,Utah Jazz,111,126,0.506,0.505,0.36,0.435,0.741,0.632,43,43,22,27,14,12,2022-23,Away
2022-12-20,Phoenix Suns,Washington Wizards,110,113,0.461,0.475,0.406,0.407,0.789,0.703,44,41,26,22,14,9,2022-23,Away
2022-12-20,Miami Heat,Chicago Bulls,103,113,0.469,0.548,0.341,0.419,0.706,0.833,35,39,26,24,13,16,2022-23,Away
2022-12-20,New York Knicks,Golden State Warriors,132,94,0.517,0.473,0.425,0.343,0.781,0.923,47,29,27,23,11,19,2022-23,Home
2022-12-21,Oklahoma City Thunder,Portland Trail Blazers,101,98,0.468,0.494,0.333,0.389,0.84,0.667,37,36,19,29,18,18,2022-23,Home
2022-12-21,Cleveland Cavaliers,Milwaukee Bucks,114,106,0.482,0.47,0.313,0.433,0.786,0.682,37,46,22,20,10,19,2022-23,Home
2022-12-21,Minnesota Timberwolves,Dallas Mavericks,99,104,0.494,0.453,0.267,0.333,0.7,0.852,39,39,23,17,13,13,2022-23,Away
2022-12-21,Atlanta Hawks,Chicago Bulls,108,110,0.429,0.5,0.378,0.292,1.0,0.773,47,47,22,20,15,11,2022-23,Away
2022-12-21,Brooklyn Nets,Golden State Warriors,143,113,0.643,0.494,0.636,0.364,0.875,0.76,32,36,42,32,14,21,2022-23,Home
2022-12-21,Houston Rockets,Orlando Magic,110,116,0.466,0.451,0.395,0.297,0.647,0.697,49,45,22,19,16,11,2022-23,Away
2022-12-21,New York Knicks,Toronto Raptors,106,113,0.553,0.447,0.423,0.265,0.611,0.909,38,38,25,17,16,4,2022-23,Away
2022-12-21,Sacramento Kings,Los Angeles Lakers,134,120,0.505,0.5,0.362,0.458,0.75,0.833,46,39,29,25,12,15,2022-23,Home
2022-12-21,Philadelphia 76ers,Detroit Pistons,113,93,0.441,0.392,0.297,0.261,0.909,0.735,49,46,27,15,12,22,2022-23,Home
2022-12-21,LA Clippers,Charlotte Hornets,126,105,0.506,0.402,0.469,0.29,0.913,0.759,48,40,29,25,27,14,2022-23,Home
2022-12-21,Boston Celtics,Indiana Pacers,112,117,0.386,0.469,0.317,0.462,0.84,0.778,62,47,26,27,16,14,2022-23,Away
2022-12-22,Utah Jazz,Washington Wizards,120,112,0.488,0.561,0.457,0.333,0.952,0.765,40,37,16,20,11,10,2022-23,Home
2022-12-22,New Orleans Pelicans,San Antonio Spurs,126,117,0.484,0.478,0.382,0.321,0.926,0.815,46,44,25,23,17,17,2022-23,Home
2022-12-23,Boston Celtics,Minnesota Timberwolves,121,109,0.44,0.484,0.283,0.313,0.769,0.733,53,45,28,25,11,16,2022-23,Home
2022-12-23,Brooklyn Nets,Milwaukee Bucks,118,100,0.495,0.44,0.438,0.243,0.923,0.773,45,45,30,17,10,18,2022-23,Home
2022-12-23,New York Knicks,Chicago Bulls,117,118,0.5,0.484,0.457,0.452,0.577,0.778,47,41,23,24,10,4,2022-23,Away
2022-12-23,Los Angeles Lakers,Charlotte Hornets,130,134,0.522,0.553,0.432,0.39,0.682,0.778,42,41,27,30,17,16,2022-23,Away
2022-12-23,Houston Rockets,Dallas Mavericks,106,112,0.457,0.45,0.308,0.364,0.857,0.889,45,34,26,20,14,14,2022-23,Away
2022-12-23,Orlando Magic,San Antonio Spurs,133,113,0.575,0.454,0.531,0.316,0.8,0.722,44,38,30,28,17,13,2022-23,Home
2022-12-23,Denver Nuggets,Portland Trail Blazers,120,107,0.58,0.448,0.476,0.257,0.615,0.769,38,43,31,24,10,13,2022-23,Home
2022-12-23,Sacramento Kings,Washington Wizards,111,125,0.44,0.557,0.313,0.313,0.771,0.708,47,40,19,30,13,9,2022-23,Away
2022-12-23,Phoenix Suns,Memphis Grizzlies,100,125,0.437,0.495,0.257,0.304,0.577,0.737,35,53,23,30,14,10,2022-23,Away
2022-12-23,Miami Heat,Indiana Pacers,108,111,0.432,0.482,0.394,0.447,0.929,0.714,38,43,23,26,10,16,2022-23,Away
2022-12-23,Cleveland Cavaliers,Toronto Raptors,107,118,0.513,0.5,0.333,0.514,0.6,0.833,35,45,27,25,14,18,2022-23,Away
2022-12-23,Philadelphia 76ers,LA Clippers,119,114,0.534,0.506,0.414,0.368,0.929,0.783,39,33,31,25,9,11,2022-23,Home
2022-12-23,Atlanta Hawks,Detroit Pistons,130,105,0.533,0.411,0.353,0.273,0.833,0.759,48,43,30,17,8,14,2022-23,Home
2022-12-23,Oklahoma City Thunder,New Orleans Pelicans,125,128,0.461,0.436,0.371,0.351,0.72,0.825,47,55,27,30,18,21,2022-23,Away
2022-12-25,Denver Nuggets,Phoenix Suns,128,125,0.479,0.479,0.361,0.486,0.735,0.692,48,46,29,32,12,13,2022-23,Home
2022-12-25,New York Knicks,Philadelphia 76ers,112,119,0.478,0.506,0.375,0.462,0.824,0.793,46,32,30,22,8,6,2022-23,Away
2022-12-25,Boston Celtics,Milwaukee Bucks,139,118,0.588,0.5,0.487,0.361,0.8,0.778,35,39,29,22,11,15,2022-23,Home
2022-12-25,Golden State Warriors,Memphis Grizzlies,123,109,0.473,0.415,0.409,0.231,0.731,0.733,51,44,31,19,10,13,2022-23,Home
2022-12-25,Dallas Mavericks,Los Angeles Lakers,124,115,0.524,0.488,0.409,0.321,0.72,0.875,38,35,31,18,11,8,2022-23,Home
2022-12-26,San Antonio Spurs,Utah Jazz,126,122,0.552,0.402,0.333,0.302,0.706,0.838,41,45,27,20,14,12,2022-23,Home
2022-12-26,Cleveland Cavaliers,Brooklyn Nets,117,125,0.476,0.573,0.361,0.6,0.867,0.765,33,38,21,27,12,15,2022-23,Away
2022-12-26,New Orleans Pelicans,Indiana Pacers,113,93,0.456,0.422,0.3,0.257,0.792,0.7,54,36,30,23,14,13,2022-23,Home
2022-12-26,Miami Heat,Minnesota Timberwolves,113,110,0.461,0.544,0.265,0.441,0.75,0.643,40,44,27,31,9,22,2022-23,Home
2022-12-26,Portland Trail Blazers,Charlotte Hornets,124,113,0.5,0.398,0.368,0.333,0.857,0.76,50,45,28,25,15,12,2022-23,Home
2022-12-26,Detroit Pistons,LA Clippers,131,142,0.44,0.538,0.471,0.432,0.794,0.862,45,48,32,25,17,19,2022-23,Away
2022-12-26,Chicago Bulls,Houston Rockets,118,133,0.489,0.556,0.371,0.386,0.714,0.727,35,45,27,28,8,12,2022-23,Away
2022-12-27,Orlando Magic,Los Angeles Lakers,110,129,0.5,0.544,0.357,0.395,0.64,0.824,37,46,25,32,11,13,2022-23,Away
2022-12-27,Sacramento Kings,Denver Nuggets,106,113,0.488,0.477,0.286,0.351,0.842,0.857,39,40,20,34,16,13,2022-23,Away
2022-12-27,Golden State Warriors,Charlotte Hornets,110,105,0.432,0.413,0.216,0.263,0.833,0.76,49,47,31,22,14,12,2022-23,Home
2022-12-27,Washington Wizards,Philadelphia 76ers,116,111,0.459,0.464,0.333,0.194,0.871,0.871,39,39,18,21,15,15,2022-23,Home
2022-12-27,Toronto Raptors,LA Clippers,113,124,0.512,0.484,0.261,0.395,0.808,0.826,39,47,24,27,12,9,2022-23,Away
2022-12-27,Boston Celtics,Houston Rockets,126,102,0.473,0.4,0.357,0.311,0.87,0.857,49,49,32,24,10,13,2022-23,Home
2022-12-27,Indiana Pacers,Atlanta Hawks,129,114,0.511,0.449,0.371,0.4,0.815,0.759,49,42,28,26,10,9,2022-23,Home
2022-12-27,Memphis Grizzlies,Phoenix Suns,108,125,0.396,0.494,0.267,0.548,0.824,0.88,40,47,18,26,14,19,2022-23,Away
2022-12-27,Dallas Mavericks,New York Knicks,126,121,0.489,0.437,0.283,0.32,0.758,0.625,47,55,20,27,9,9,2022-23,Home
2022-12-27,Oklahoma City Thunder,San Antonio Spurs,130,114,0.535,0.465,0.542,0.345,0.806,0.857,45,41,25,20,12,14,2022-23,Home
2022-12-28,Chicago Bulls,Milwaukee Bucks,119,113,0.457,0.373,0.391,0.205,0.867,0.688,52,61,21,18,13,14,2022-23,Home
2022-12-28,Washington Wizards,Phoenix Suns,127,102,0.573,0.448,0.308,0.419,0.893,0.688,46,30,27,25,12,11,2022-23,Home
2022-12-28,Miami Heat,Los Angeles Lakers,112,98,0.478,0.481,0.314,0.361,0.813,0.733,37,44,20,25,5,24,2022-23,Home
2022-12-28,Atlanta Hawks,Brooklyn Nets,107,108,0.433,0.506,0.364,0.385,0.682,0.824,47,47,22,22,3,12,2022-23,Away
2022-12-28,New Orleans Pelicans,Minnesota Timberwolves,119,118,0.481,0.506,0.478,0.345,0.698,0.75,43,35,22,18,13,11,2022-23,Home
2022-12-28,Golden State Warriors,Utah Jazz,112,107,0.425,0.407,0.356,0.326,0.815,0.692,51,50,22,26,12,12,2022-23,Home
2022-12-28,Detroit Pistons,Orlando Magic,121,101,0.45,0.412,0.429,0.227,0.775,0.765,49,47,25,24,13,13,2022-23,Home
2022-12-28,Sacramento Kings,Denver Nuggets,127,126,0.528,0.576,0.452,0.444,0.76,0.889,34,34,32,31,12,16,2022-23,Home
2022-12-29,Indiana Pacers,Cleveland Cavaliers,135,126,0.565,0.521,0.613,0.429,0.952,0.7,32,44,28,29,8,10,2022-23,Home
2022-12-29,Boston Celtics,LA Clippers,116,110,0.484,0.483,0.282,0.385,0.773,0.643,49,41,22,26,11,12,2022-23,Home
2022-12-29,Charlotte Hornets,Oklahoma City Thunder,121,113,0.548,0.424,0.313,0.306,0.655,0.857,52,41,33,15,17,12,2022-23,Home
2022-12-29,Dallas Mavericks,Houston Rockets,129,114,0.516,0.442,0.4,0.353,0.68,0.703,44,48,30,21,8,12,2022-23,Home
2022-12-29,Toronto Raptors,Memphis Grizzlies,106,119,0.406,0.505,0.357,0.448,0.75,0.714,47,53,21,37,8,15,2022-23,Away
2022-12-29,San Antonio Spurs,New York Knicks,122,115,0.511,0.422,0.393,0.366,0.724,0.774,48,38,25,20,11,12,2022-23,Home
2022-12-30,Sacramento Kings,Utah Jazz,126,125,0.556,0.548,0.4,0.25,0.737,0.833,38,37,32,30,15,13,2022-23,Home
2022-12-30,Denver Nuggets,Miami Heat,124,119,0.592,0.448,0.607,0.4,0.773,0.9,36,36,34,21,20,14,2022-23,Home
2022-12-30,Toronto Raptors,Phoenix Suns,113,104,0.494,0.493,0.333,0.467,0.846,0.87,31,42,20,26,12,25,2022-23,Home
2022-12-30,Golden State Warriors,Portland Trail Blazers,118,112,0.462,0.462,0.395,0.308,0.81,0.696,46,49,29,22,12,14,2022-23,Home
2022-12-30,New Orleans Pelicans,Philadelphia 76ers,127,116,0.538,0.56,0.484,0.412,0.722,0.818,36,29,19,28,12,18,2022-23,Home
2022-12-30,Atlanta Hawks,Los Angeles Lakers,121,130,0.475,0.542,0.289,0.313,0.7,0.889,41,55,22,34,10,16,2022-23,Away
2022-12-30,Milwaukee Bucks,Minnesota Timberwolves,123,114,0.462,0.435,0.359,0.267,0.697,0.765,68,36,25,18,21,8,2022-23,Home
2022-12-30,Chicago Bulls,Detroit Pistons,132,118,0.576,0.477,0.444,0.436,0.933,0.792,38,35,21,28,13,14,2022-23,Home
2022-12-30,Orlando Magic,Washington Wizards,100,119,0.42,0.56,0.185,0.429,0.688,0.8,35,53,24,33,11,26,2022-23,Away
2022-12-31,Utah Jazz,Miami Heat,123,126,0.432,0.506,0.425,0.333,0.818,0.767,49,37,23,32,16,12,2022-23,Away
2022-12-31,Indiana Pacers,LA Clippers,131,130,0.523,0.538,0.368,0.471,0.862,0.966,36,39,28,23,11,15,2022-23,Home
2022-12-31,Houston Rockets,New York Knicks,88,108,0.377,0.389,0.304,0.294,0.696,0.719,52,46,20,20,24,10,2022-23,Away
2022-12-31,San Antonio Spurs,Dallas Mavericks,125,126,0.553,0.581,0.421,0.412,0.719,0.571,48,26,28,21,13,5,2022-23,Away
2022-12-31,Charlotte Hornets,Brooklyn Nets,106,123,0.396,0.6,0.268,0.382,0.905,0.737,45,42,28,26,12,14,2022-23,Away
2022-12-31,Minnesota Timberwolves,Detroit Pistons,104,116,0.434,0.483,0.294,0.37,0.846,0.714,39,52,17,21,15,14,2022-23,Away
2022-12-31,Oklahoma City Thunder,Philadelphia 76ers,96,115,0.38,0.465,0.333,0.324,0.636,0.706,50,56,16,29,16,13,2022-23,Away
2022-12-31,Chicago Bulls,Cleveland Cavaliers,102,103,0.481,0.459,0.333,0.342,0.708,0.632,40,50,14,20,15,20,2022-23,Away
2022-12-31,Memphis Grizzlies,New Orleans Pelicans,116,101,0.511,0.352,0.172,0.267,0.773,0.806,52,46,26,16,17,19,2022-23,Home
2023-01-01,Memphis Grizzlies,Sacramento Kings,118,108,0.46,0.406,0.313,0.349,0.667,1.0,57,47,25,24,11,15,2022-23,Home
2023-01-01,Denver Nuggets,Boston Celtics,123,111,0.57,0.46,0.567,0.273,0.889,0.815,35,41,31,30,14,13,2022-23,Home
2023-01-01,Milwaukee Bucks,Washington Wizards,95,118,0.354,0.532,0.265,0.259,0.933,0.688,44,54,22,29,16,17,2022-23,Away
2023-01-02,Philadelphia 76ers,New Orleans Pelicans,120,111,0.477,0.5,0.429,0.379,0.821,0.8,35,49,26,26,9,17,2022-23,Home
2023-01-02,Cleveland Cavaliers,Chicago Bulls,145,134,0.522,0.495,0.348,0.303,0.733,0.882,47,42,27,22,10,7,2022-23,Home
2023-01-02,Portland Trail Blazers,Detroit Pistons,135,106,0.571,0.415,0.452,0.333,0.714,0.78,44,45,29,16,18,21,2022-23,Home
2023-01-02,Brooklyn Nets,San Antonio Spurs,139,103,0.624,0.433,0.55,0.258,0.8,0.611,45,43,31,26,12,18,2022-23,Home
2023-01-02,Indiana Pacers,Toronto Raptors,122,114,0.484,0.451,0.37,0.333,0.846,0.783,50,36,24,26,12,11,2022-23,Home
2023-01-02,LA Clippers,Miami Heat,100,110,0.433,0.459,0.414,0.333,0.882,0.833,34,48,19,22,15,11,2022-23,Away
2023-01-02,Minnesota Timberwolves,Denver Nuggets,124,111,0.517,0.462,0.361,0.379,0.778,0.8,41,45,29,27,11,14,2022-23,Home
2023-01-02,Charlotte Hornets,Los Angeles Lakers,115,121,0.452,0.484,0.344,0.333,0.69,0.7,47,53,24,26,14,14,2022-23,Away
2023-01-02,Golden State Warriors,Atlanta Hawks,143,141,0.446,0.486,0.322,0.314,0.667,0.828,69,53,34,30,19,13,2022-23,Home
2023-01-02,Houston Rockets,Dallas Mavericks,106,111,0.463,0.42,0.31,0.302,0.724,0.882,46,41,21,19,10,8,2022-23,Away
2023-01-02,New York Knicks,Phoenix Suns,102,83,0.486,0.391,0.394,0.27,0.68,0.714,45,36,26,22,7,8,2022-23,Home
2023-01-03,Oklahoma City Thunder,Boston Celtics,150,117,0.592,0.455,0.5,0.3,0.636,0.806,44,38,31,29,13,17,2022-23,Home
2023-01-03,Utah Jazz,Sacramento Kings,115,117,0.432,0.535,0.295,0.281,0.897,0.889,44,40,21,23,16,17,2022-23,Away
2023-01-03,Milwaukee Bucks,Washington Wizards,123,113,0.48,0.433,0.275,0.296,0.941,0.913,49,46,27,27,12,10,2022-23,Home
2023-01-04,Philadelphia 76ers,Indiana Pacers,129,126,0.49,0.474,0.389,0.361,0.864,0.885,46,45,24,31,9,13,2022-23,Home
2023-01-04,Toronto Raptors,Milwaukee Bucks,101,104,0.328,0.398,0.196,0.333,0.8,0.7,47,73,22,26,8,25,2022-23,Away
2023-01-04,Minnesota Timberwolves,Portland Trail Blazers,113,106,0.513,0.44,0.375,0.31,0.722,0.738,33,39,25,18,14,16,2022-23,Home
2023-01-04,Chicago Bulls,Brooklyn Nets,121,112,0.531,0.462,0.4,0.324,0.931,0.762,46,34,21,24,15,10,2022-23,Home
2023-01-04,New York Knicks,San Antonio Spurs,117,114,0.479,0.5,0.323,0.393,0.654,0.808,47,38,16,25,12,15,2022-23,Home
2023-01-04,Golden State Warriors,Detroit Pistons,119,122,0.517,0.489,0.375,0.444,0.933,0.696,40,41,31,29,14,8,2022-23,Away
2023-01-04,Los Angeles Lakers,Miami Heat,112,109,0.494,0.453,0.296,0.276,0.8,0.714,42,43,20,24,17,13,2022-23,Home
2023-01-04,Sacramento Kings,Atlanta Hawks,117,120,0.466,0.536,0.4,0.333,0.926,0.909,42,44,26,21,10,15,2022-23,Away
2023-01-04,New Orleans Pelicans,Houston Rockets,119,108,0.461,0.443,0.368,0.316,0.885,0.667,51,43,25,25,14,13,2022-23,Home
2023-01-04,Charlotte Hornets,Memphis Grizzlies,107,131,0.404,0.5,0.289,0.3,0.833,0.757,44,59,25,28,12,14,2022-23,Away
2023-01-04,Orlando Magic,Oklahoma City Thunder,126,115,0.519,0.404,0.394,0.405,0.806,0.903,49,33,26,23,16,9,2022-23,Home
2023-01-04,Cleveland Cavaliers,Phoenix Suns,90,88,0.39,0.395,0.306,0.357,0.826,0.778,46,49,15,24,14,13,2022-23,Home
2023-01-05,Dallas Mavericks,Boston Celtics,95,124,0.378,0.488,0.219,0.372,0.8,0.839,42,52,15,29,11,11,2022-23,Away
2023-01-05,Orlando Magic,Memphis Grizzlies,115,123,0.464,0.522,0.306,0.333,0.867,0.652,39,49,23,24,10,12,2022-23,Away
2023-01-05,Houston Rockets,Utah Jazz,114,131,0.413,0.495,0.357,0.396,0.885,0.952,49,42,19,33,14,8,2022-23,Away
2023-01-05,Denver Nuggets,LA Clippers,122,91,0.506,0.374,0.389,0.135,0.857,0.72,57,41,28,24,11,7,2022-23,Home
2023-01-06,Indiana Pacers,Portland Trail Blazers,108,99,0.452,0.404,0.28,0.273,0.893,0.824,41,52,22,30,12,18,2022-23,Home
2023-01-06,New Orleans Pelicans,Brooklyn Nets,102,108,0.398,0.435,0.414,0.455,0.8,0.95,51,43,16,26,15,12,2022-23,Away
2023-01-06,Toronto Raptors,New York Knicks,108,112,0.422,0.47,0.345,0.432,0.8,0.692,46,51,22,19,7,11,2022-23,Away
2023-01-06,Los Angeles Lakers,Atlanta Hawks,130,114,0.548,0.458,0.457,0.29,0.75,0.773,51,39,33,24,16,12,2022-23,Home
2023-01-06,Minnesota Timberwolves,LA Clippers,128,115,0.568,0.44,0.371,0.36,0.793,0.667,45,40,28,22,19,8,2022-23,Home
2023-01-06,San Antonio Spurs,Detroit Pistons,121,109,0.556,0.473,0.375,0.355,0.846,0.588,44,37,27,23,17,15,2022-23,Home
2023-01-06,Milwaukee Bucks,Charlotte Hornets,109,138,0.44,0.52,0.417,0.417,0.625,0.632,45,49,22,32,16,5,2022-23,Away
2023-01-06,Oklahoma City Thunder,Washington Wizards,127,110,0.51,0.481,0.459,0.292,0.714,0.75,41,46,30,21,9,20,2022-23,Home
2023-01-06,Phoenix Suns,Miami Heat,96,104,0.415,0.423,0.261,0.316,0.88,0.839,44,37,22,19,14,12,2022-23,Away
2023-01-06,Denver Nuggets,Cleveland Cavaliers,121,108,0.531,0.455,0.486,0.385,0.783,0.563,49,40,28,30,12,6,2022-23,Home
2023-01-06,Philadelphia 76ers,Chicago Bulls,112,126,0.435,0.571,0.439,0.588,0.778,0.588,38,45,28,33,7,11,2022-23,Away
2023-01-07,Golden State Warriors,Orlando Magic,101,115,0.375,0.506,0.31,0.406,0.81,0.583,49,44,26,26,16,10,2022-23,Away
2023-01-07,Chicago Bulls,Utah Jazz,126,118,0.53,0.495,0.464,0.293,0.781,0.778,44,39,22,36,10,10,2022-23,Home
2023-01-07,San Antonio Spurs,Boston Celtics,116,121,0.49,0.495,0.28,0.441,0.786,0.667,51,43,25,30,13,14,2022-23,Away
2023-01-07,Sacramento Kings,Los Angeles Lakers,134,136,0.523,0.61,0.438,0.429,0.811,0.818,34,38,25,26,14,17,2022-23,Away
2023-01-07,Dallas Mavericks,New Orleans Pelicans,127,117,0.568,0.479,0.448,0.172,0.789,0.629,39,44,23,26,17,12,2022-23,Home
2023-01-08,Miami Heat,Brooklyn Nets,101,102,0.413,0.513,0.371,0.364,0.706,0.8,41,40,22,22,11,16,2022-23,Away
2023-01-08,LA Clippers,Atlanta Hawks,108,112,0.389,0.494,0.333,0.308,0.774,0.8,59,43,25,22,11,9,2022-23,Away
2023-01-08,Phoenix Suns,Cleveland Cavaliers,98,112,0.44,0.577,0.538,0.379,0.909,0.647,36,39,22,29,16,14,2022-23,Away
2023-01-08,Houston Rockets,Minnesota Timberwolves,96,104,0.427,0.475,0.306,0.357,0.6,0.818,41,44,26,23,18,17,2022-23,Away
2023-01-08,Toronto Raptors,Portland Trail Blazers,117,105,0.44,0.447,0.387,0.3,0.862,0.757,41,42,26,19,10,22,2022-23,Home
2023-01-08,Memphis Grizzlies,Utah Jazz,123,118,0.451,0.511,0.395,0.313,0.727,0.818,39,46,28,29,10,20,2022-23,Home
2023-01-08,Indiana Pacers,Charlotte Hornets,116,111,0.437,0.432,0.342,0.333,0.818,0.889,41,49,27,25,16,18,2022-23,Home
2023-01-08,Oklahoma City Thunder,Dallas Mavericks,120,109,0.484,0.425,0.429,0.359,0.8,0.786,48,39,27,21,8,12,2022-23,Home
2023-01-08,Detroit Pistons,Philadelphia 76ers,111,123,0.506,0.489,0.348,0.297,0.833,0.87,43,44,25,24,23,13,2022-23,Away
2023-01-09,Sacramento Kings,Orlando Magic,136,111,0.536,0.456,0.5,0.318,0.75,0.75,48,41,39,24,11,13,2022-23,Home
2023-01-09,Boston Celtics,Chicago Bulls,107,99,0.437,0.453,0.268,0.343,0.952,0.643,50,42,25,19,9,7,2022-23,Home
2023-01-09,Washington Wizards,New Orleans Pelicans,112,132,0.512,0.527,0.412,0.385,0.778,0.774,37,44,26,24,20,9,2022-23,Away
2023-01-09,New York Knicks,Milwaukee Bucks,107,111,0.38,0.438,0.268,0.388,0.909,0.778,48,48,16,27,7,14,2022-23,Away
2023-01-09,Denver Nuggets,Los Angeles Lakers,122,109,0.465,0.441,0.357,0.286,0.882,0.76,55,44,29,20,17,13,2022-23,Home
2023-01-09,Memphis Grizzlies,San Antonio Spurs,121,113,0.495,0.454,0.423,0.344,0.571,0.875,50,42,26,28,13,14,2022-23,Home
2023-01-10,Portland Trail Blazers,Orlando Magic,106,109,0.483,0.513,0.171,0.375,0.842,0.8,43,35,22,19,16,16,2022-23,Away
2023-01-10,Miami Heat,Oklahoma City Thunder,112,111,0.392,0.484,0.303,0.257,1.0,0.667,41,44,18,27,19,18,2022-23,Home
2023-01-10,Toronto Raptors,Charlotte Hornets,132,120,0.495,0.547,0.455,0.429,0.815,0.733,49,34,32,33,11,9,2022-23,Home
2023-01-10,Utah Jazz,Cleveland Cavaliers,116,114,0.437,0.467,0.278,0.27,0.811,0.833,54,37,21,18,15,5,2022-23,Home
2023-01-10,LA Clippers,Dallas Mavericks,113,101,0.453,0.435,0.387,0.316,0.767,0.806,46,32,20,15,9,11,2022-23,Home
2023-01-10,Philadelphia 76ers,Detroit Pistons,147,116,0.607,0.404,0.355,0.359,0.933,0.833,55,26,36,23,18,11,2022-23,Home
2023-01-10,Golden State Warriors,Phoenix Suns,113,125,0.385,0.456,0.375,0.452,0.778,0.935,45,57,24,26,15,21,2022-23,Away
2023-01-11,Washington Wizards,Chicago Bulls,100,97,0.463,0.466,0.304,0.31,0.81,0.667,52,39,21,16,17,12,2022-23,Home
2023-01-11,Detroit Pistons,Minnesota Timberwolves,135,118,0.6,0.489,0.531,0.485,0.786,0.762,38,36,30,22,16,18,2022-23,Home
2023-01-11,Denver Nuggets,Phoenix Suns,126,97,0.565,0.433,0.441,0.281,0.714,0.714,38,44,30,28,10,16,2022-23,Home
2023-01-11,Sacramento Kings,Houston Rockets,135,115,0.479,0.458,0.396,0.39,0.839,0.647,45,48,28,30,9,13,2022-23,Home
2023-01-11,Boston Celtics,New Orleans Pelicans,125,114,0.484,0.517,0.341,0.367,0.88,0.765,50,33,24,22,9,9,2022-23,Home
2023-01-11,Atlanta Hawks,Milwaukee Bucks,105,114,0.448,0.459,0.367,0.375,0.889,0.545,41,57,25,28,11,10,2022-23,Away
2023-01-11,New York Knicks,Indiana Pacers,119,113,0.452,0.478,0.357,0.308,0.848,0.714,50,41,21,27,12,13,2022-23,Home
2023-01-11,Memphis Grizzlies,San Antonio Spurs,135,129,0.515,0.467,0.636,0.324,0.68,0.783,57,48,19,33,13,12,2022-23,Home
2023-01-12,Miami Heat,Milwaukee Bucks,108,102,0.442,0.402,0.265,0.386,0.938,0.667,61,39,22,20,13,10,2022-23,Home
2023-01-12,Toronto Raptors,Charlotte Hornets,124,114,0.518,0.532,0.357,0.394,0.778,0.704,32,42,30,27,9,22,2022-23,Home
2023-01-12,Brooklyn Nets,Boston Celtics,98,109,0.452,0.477,0.382,0.333,0.818,0.882,31,48,26,23,12,13,2022-23,Away
2023-01-12,Philadelphia 76ers,Oklahoma City Thunder,114,133,0.443,0.512,0.306,0.424,0.926,0.939,39,39,30,28,17,11,2022-23,Away
2023-01-12,Portland Trail Blazers,Cleveland Cavaliers,113,119,0.513,0.494,0.333,0.318,0.759,0.774,36,44,17,28,16,11,2022-23,Away
2023-01-12,Los Angeles Lakers,Dallas Mavericks,115,119,0.393,0.5,0.244,0.333,0.63,0.529,56,54,24,25,9,16,2022-23,Away
2023-01-13,Washington Wizards,New York Knicks,108,112,0.387,0.446,0.31,0.276,0.885,0.71,50,54,18,15,7,7,2022-23,Away
2023-01-13,Utah Jazz,Orlando Magic,112,108,0.434,0.438,0.314,0.389,0.725,0.625,59,40,15,23,24,15,2022-23,Home
2023-01-13,Indiana Pacers,Atlanta Hawks,111,113,0.396,0.436,0.233,0.485,0.828,0.714,51,50,24,26,12,13,2022-23,Away
2023-01-13,Detroit Pistons,New Orleans Pelicans,110,116,0.478,0.488,0.233,0.355,0.708,0.7,42,48,20,29,13,16,2022-23,Away
2023-01-13,Sacramento Kings,Houston Rockets,139,114,0.547,0.473,0.5,0.324,0.862,0.64,46,34,34,23,14,15,2022-23,Home
2023-01-13,Chicago Bulls,Oklahoma City Thunder,110,124,0.447,0.511,0.316,0.333,0.917,0.864,42,46,30,22,16,10,2022-23,Away
2023-01-13,Minnesota Timberwolves,Phoenix Suns,121,116,0.522,0.477,0.357,0.609,0.85,0.833,37,43,24,28,14,19,2022-23,Home
2023-01-13,LA Clippers,Denver Nuggets,103,115,0.471,0.5,0.345,0.424,0.786,0.76,43,43,20,24,12,10,2022-23,Away
2023-01-13,San Antonio Spurs,Golden State Warriors,113,144,0.455,0.545,0.364,0.375,0.735,0.8,38,55,26,33,15,12,2022-23,Away
2023-01-14,Miami Heat,Milwaukee Bucks,111,95,0.517,0.405,0.5,0.396,0.833,0.667,51,32,17,26,11,10,2022-23,Home
2023-01-14,Toronto Raptors,Atlanta Hawks,103,114,0.414,0.512,0.241,0.407,0.8,0.944,43,40,19,19,12,11,2022-23,Away
2023-01-14,Portland Trail Blazers,Dallas Mavericks,136,119,0.557,0.524,0.415,0.478,0.955,0.579,47,25,34,28,9,10,2022-23,Home
2023-01-14,Indiana Pacers,Memphis Grizzlies,112,130,0.369,0.552,0.234,0.375,0.893,0.786,49,45,26,32,19,15,2022-23,Away
2023-01-14,Utah Jazz,Philadelphia 76ers,117,118,0.478,0.449,0.3,0.436,0.826,0.808,48,37,20,23,10,8,2022-23,Away
2023-01-14,Minnesota Timberwolves,Cleveland Cavaliers,110,102,0.563,0.487,0.321,0.286,0.733,0.87,31,40,22,24,13,18,2022-23,Home
2023-01-14,Charlotte Hornets,Boston Celtics,106,122,0.466,0.475,0.296,0.358,0.842,0.9,46,46,21,35,11,7,2022-23,Away
2023-01-15,San Antonio Spurs,Sacramento Kings,119,132,0.516,0.551,0.385,0.467,0.65,0.8,40,38,27,24,10,5,2022-23,Away
2023-01-15,Chicago Bulls,Golden State Warriors,132,118,0.505,0.494,0.385,0.412,0.875,0.682,38,40,29,35,10,23,2022-23,Home
2023-01-15,Los Angeles Lakers,Philadelphia 76ers,112,113,0.552,0.506,0.3,0.353,0.769,0.789,38,38,28,29,9,9,2022-23,Away
2023-01-15,Portland Trail Blazers,Dallas Mavericks,140,123,0.506,0.461,0.386,0.333,0.881,0.818,41,39,28,31,7,9,2022-23,Home
2023-01-15,LA Clippers,Houston Rockets,121,100,0.523,0.452,0.438,0.226,0.714,0.739,44,39,21,22,15,20,2022-23,Home
2023-01-15,Denver Nuggets,Orlando Magic,119,116,0.539,0.488,0.333,0.241,0.526,0.794,41,39,32,24,15,13,2022-23,Home
2023-01-15,Brooklyn Nets,Oklahoma City Thunder,102,112,0.429,0.444,0.293,0.387,0.632,0.769,51,50,24,21,15,8,2022-23,Away
2023-01-15,Detroit Pistons,New York Knicks,104,117,0.446,0.455,0.409,0.4,0.8,0.806,38,52,23,17,11,6,2022-23,Away
2023-01-16,Washington Wizards,Golden State Warriors,118,127,0.488,0.495,0.4,0.409,0.87,0.905,36,43,31,28,14,12,2022-23,Away
2023-01-16,Los Angeles Lakers,Houston Rockets,140,132,0.538,0.49,0.364,0.367,0.857,0.742,39,48,23,28,2,8,2022-23,Home
2023-01-16,New York Knicks,Toronto Raptors,121,123,0.424,0.396,0.29,0.295,0.8,0.829,54,42,17,27,11,6,2022-23,Away
2023-01-16,Cleveland Cavaliers,New Orleans Pelicans,113,103,0.488,0.507,0.321,0.37,0.788,0.773,43,28,22,26,15,17,2022-23,Home
2023-01-16,Memphis Grizzlies,Phoenix Suns,136,106,0.531,0.438,0.432,0.303,0.8,0.947,51,37,29,33,10,15,2022-23,Home
2023-01-16,Charlotte Hornets,Boston Celtics,118,130,0.456,0.494,0.419,0.465,0.767,0.96,38,47,26,34,5,11,2022-23,Away
2023-01-16,Milwaukee Bucks,Indiana Pacers,132,119,0.527,0.512,0.5,0.475,0.867,0.933,41,37,32,29,13,15,2022-23,Home
2023-01-16,Minnesota Timberwolves,Utah Jazz,125,126,0.455,0.536,0.439,0.382,0.833,0.821,41,50,28,25,5,18,2022-23,Away
2023-01-16,Atlanta Hawks,Miami Heat,121,113,0.592,0.483,0.481,0.258,0.818,0.95,28,41,27,30,16,14,2022-23,Home
2023-01-17,San Antonio Spurs,Brooklyn Nets,106,98,0.381,0.42,0.206,0.13,0.893,0.875,54,49,23,22,15,21,2022-23,Home
2023-01-17,Milwaukee Bucks,Toronto Raptors,130,122,0.535,0.455,0.487,0.371,0.905,0.63,42,50,24,20,11,9,2022-23,Home
2023-01-17,LA Clippers,Philadelphia 76ers,110,120,0.5,0.534,0.353,0.419,0.8,0.853,33,33,20,25,18,14,2022-23,Away
2023-01-17,Denver Nuggets,Portland Trail Blazers,122,113,0.5,0.458,0.344,0.325,0.821,0.96,42,35,32,21,11,13,2022-23,Home
2023-01-18,Utah Jazz,LA Clippers,126,103,0.517,0.402,0.594,0.441,0.773,0.667,44,50,26,23,8,13,2022-23,Home
2023-01-18,Oklahoma City Thunder,Indiana Pacers,126,106,0.505,0.415,0.421,0.364,0.762,0.667,42,48,41,23,17,23,2022-23,Home
2023-01-18,New York Knicks,Washington Wizards,105,116,0.417,0.442,0.269,0.381,0.667,0.842,49,52,14,28,9,13,2022-23,Away
2023-01-18,Denver Nuggets,Minnesota Timberwolves,122,118,0.529,0.519,0.381,0.375,0.75,0.786,34,36,27,26,14,17,2022-23,Home
2023-01-18,Los Angeles Lakers,Sacramento Kings,111,116,0.483,0.494,0.324,0.3,0.778,0.778,36,47,26,23,6,11,2022-23,Away
2023-01-18,Dallas Mavericks,Atlanta Hawks,122,130,0.524,0.57,0.381,0.5,0.75,0.95,31,35,26,28,16,12,2022-23,Away
2023-01-18,Memphis Grizzlies,Cleveland Cavaliers,115,114,0.454,0.512,0.324,0.457,0.727,0.667,42,47,22,29,8,16,2022-23,Home
2023-01-18,New Orleans Pelicans,Miami Heat,98,124,0.463,0.532,0.433,0.343,0.611,0.75,38,43,27,37,18,9,2022-23,Away
2023-01-18,Houston Rockets,Charlotte Hornets,117,122,0.505,0.5,0.313,0.25,0.75,0.68,47,37,21,27,19,9,2022-23,Away
2023-01-19,Phoenix Suns,Brooklyn Nets,117,112,0.459,0.524,0.393,0.423,0.683,0.6,49,34,30,27,16,12,2022-23,Home
2023-01-19,Portland Trail Blazers,Philadelphia 76ers,95,105,0.376,0.506,0.243,0.308,0.759,0.789,44,43,19,24,15,12,2022-23,Away
2023-01-19,Detroit Pistons,Chicago Bulls,108,126,0.402,0.543,0.235,0.304,0.815,0.905,49,48,25,23,15,14,2022-23,Away
2023-01-19,Minnesota Timberwolves,Toronto Raptors,128,126,0.506,0.529,0.425,0.5,0.913,0.741,37,38,31,26,15,16,2022-23,Home
2023-01-19,Boston Celtics,Golden State Warriors,121,118,0.398,0.4,0.317,0.346,0.733,0.87,63,47,21,28,17,16,2022-23,Home
2023-01-20,Dallas Mavericks,Miami Heat,115,90,0.463,0.478,0.474,0.2,0.821,0.741,37,39,21,15,10,15,2022-23,Home
2023-01-20,Denver Nuggets,Indiana Pacers,134,111,0.614,0.44,0.5,0.25,0.692,0.784,38,39,38,23,16,21,2022-23,Home
2023-01-20,Utah Jazz,Brooklyn Nets,106,117,0.42,0.538,0.41,0.439,0.696,0.65,46,42,24,26,10,9,2022-23,Away
2023-01-20,San Antonio Spurs,LA Clippers,126,131,0.573,0.63,0.538,0.536,0.714,0.7,34,32,34,31,6,9,2022-23,Away
2023-01-20,Atlanta Hawks,New York Knicks,139,124,0.56,0.59,0.382,0.433,0.875,0.765,39,34,27,27,7,12,2022-23,Home
2023-01-20,Cleveland Cavaliers,Golden State Warriors,114,120,0.5,0.488,0.424,0.535,0.842,0.684,35,45,24,25,15,17,2022-23,Away
2023-01-20,Orlando Magic,New Orleans Pelicans,123,110,0.52,0.451,0.5,0.286,0.882,0.75,42,39,28,29,14,10,2022-23,Home
2023-01-20,Los Angeles Lakers,Memphis Grizzlies,122,121,0.409,0.422,0.317,0.31,0.805,0.65,47,63,24,24,9,14,2022-23,Home
2023-01-20,Sacramento Kings,Oklahoma City Thunder,118,113,0.471,0.484,0.316,0.4,0.857,0.636,53,36,25,21,15,9,2022-23,Home
2023-01-21,Atlanta Hawks,Charlotte Hornets,118,122,0.542,0.506,0.44,0.382,0.85,0.864,40,36,24,28,16,12,2022-23,Away
2023-01-21,Toronto Raptors,Boston Celtics,104,106,0.535,0.447,0.368,0.457,0.714,0.933,41,41,24,25,14,15,2022-23,Away
2023-01-21,Washington Wizards,Orlando Magic,138,118,0.537,0.467,0.529,0.412,0.72,0.833,46,41,34,24,8,10,2022-23,Home
2023-01-21,Phoenix Suns,Indiana Pacers,112,107,0.418,0.375,0.387,0.351,0.686,0.846,55,48,27,22,15,14,2022-23,Home
2023-01-21,Cleveland Cavaliers,Milwaukee Bucks,114,102,0.558,0.453,0.318,0.359,0.647,0.909,41,36,33,24,9,14,2022-23,Home
2023-01-21,Sacramento Kings,Philadelphia 76ers,127,129,0.548,0.527,0.394,0.429,0.759,0.826,29,46,28,27,8,15,2022-23,Away
2023-01-21,Minnesota Timberwolves,Houston Rockets,113,104,0.458,0.481,0.415,0.375,0.833,0.576,30,56,20,24,11,21,2022-23,Home
2023-01-22,Portland Trail Blazers,Los Angeles Lakers,112,121,0.43,0.523,0.37,0.333,0.84,0.778,38,51,24,23,11,12,2022-23,Away
2023-01-22,Toronto Raptors,New York Knicks,125,116,0.456,0.488,0.441,0.439,0.8,0.692,45,47,21,30,7,16,2022-23,Home
2023-01-22,Dallas Mavericks,LA Clippers,98,112,0.438,0.455,0.371,0.429,0.577,0.968,38,46,15,20,10,10,2022-23,Away
2023-01-22,Phoenix Suns,Memphis Grizzlies,112,110,0.443,0.435,0.371,0.344,0.84,0.704,40,52,25,28,16,20,2022-23,Home
2023-01-22,Miami Heat,New Orleans Pelicans,100,96,0.438,0.474,0.235,0.267,0.815,0.778,42,41,17,24,21,24,2022-23,Home
2023-01-22,Denver Nuggets,Oklahoma City Thunder,99,101,0.439,0.449,0.357,0.269,0.515,0.875,42,50,22,21,9,8,2022-23,Away
2023-01-22,Golden State Warriors,Brooklyn Nets,116,120,0.456,0.544,0.406,0.519,0.778,0.645,42,42,28,30,10,15,2022-23,Away
2023-01-23,Detroit Pistons,Milwaukee Bucks,130,150,0.494,0.561,0.406,0.442,0.775,0.708,41,50,26,38,20,18,2022-23,Away
2023-01-23,Orlando Magic,Boston Celtics,113,98,0.512,0.434,0.407,0.391,0.667,0.727,40,37,22,24,10,18,2022-23,Home
2023-01-23,Houston Rockets,Minnesota Timberwolves,119,114,0.5,0.451,0.367,0.381,0.667,0.727,47,41,24,19,20,19,2022-23,Home
2023-01-23,Sacramento Kings,Memphis Grizzlies,133,100,0.557,0.408,0.55,0.333,0.929,0.8,53,31,37,28,24,15,2022-23,Home
2023-01-23,Portland Trail Blazers,San Antonio Spurs,147,127,0.598,0.522,0.606,0.481,0.773,0.769,36,40,34,30,9,15,2022-23,Home
2023-01-23,Utah Jazz,Charlotte Hornets,120,102,0.477,0.447,0.4,0.125,0.846,0.706,46,42,25,22,16,14,2022-23,Home
2023-01-23,Chicago Bulls,Atlanta Hawks,111,100,0.463,0.459,0.324,0.303,0.667,0.632,47,43,28,24,9,18,2022-23,Home
2023-01-24,Phoenix Suns,Charlotte Hornets,128,97,0.5,0.406,0.564,0.24,0.923,0.722,55,40,38,19,17,13,2022-23,Home
2023-01-24,New Orleans Pelicans,Denver Nuggets,98,99,0.447,0.488,0.192,0.333,0.85,0.769,43,34,18,27,14,12,2022-23,Away
2023-01-24,Dallas Mavericks,Washington Wizards,126,127,0.528,0.506,0.333,0.367,0.846,0.78,38,41,24,28,9,10,2022-23,Away
2023-01-24,Miami Heat,Boston Celtics,98,95,0.362,0.432,0.364,0.313,0.783,0.778,51,44,21,21,7,17,2022-23,Home
2023-01-24,Los Angeles Lakers,LA Clippers,115,133,0.442,0.607,0.4,0.5,0.625,0.8,32,47,21,25,6,12,2022-23,Away
2023-01-24,Indiana Pacers,Chicago Bulls,116,110,0.424,0.489,0.27,0.208,0.786,0.76,45,45,24,19,6,16,2022-23,Home
2023-01-24,New York Knicks,Cleveland Cavaliers,105,103,0.493,0.46,0.515,0.364,0.667,0.688,42,41,25,29,15,10,2022-23,Home
2023-01-25,Philadelphia 76ers,Brooklyn Nets,137,133,0.512,0.645,0.474,0.538,0.972,0.778,36,31,26,29,9,16,2022-23,Home
2023-01-25,Oklahoma City Thunder,Atlanta Hawks,132,137,0.52,0.595,0.441,0.379,0.688,0.788,37,46,31,26,11,16,2022-23,Away
2023-01-25,Milwaukee Bucks,Denver Nuggets,107,99,0.474,0.392,0.433,0.324,0.714,0.75,49,51,16,21,22,19,2022-23,Home
2023-01-25,Houston Rockets,Washington Wizards,103,108,0.433,0.398,0.179,0.316,0.7,0.783,57,48,29,27,14,7,2022-23,Away
2023-01-25,New Orleans Pelicans,Minnesota Timberwolves,102,111,0.435,0.488,0.316,0.379,0.762,0.714,42,36,25,23,14,9,2022-23,Away
2023-01-25,Orlando Magic,Indiana Pacers,126,120,0.561,0.482,0.536,0.429,0.76,0.793,34,32,34,25,17,14,2022-23,Home
2023-01-25,Portland Trail Blazers,Utah Jazz,134,124,0.573,0.522,0.472,0.488,0.833,0.667,41,35,26,32,10,13,2022-23,Home
2023-01-25,Golden State Warriors,Memphis Grizzlies,122,120,0.506,0.477,0.438,0.323,0.786,0.703,44,36,33,26,21,13,2022-23,Home
2023-01-25,Sacramento Kings,Toronto Raptors,95,113,0.479,0.495,0.406,0.3,0.923,0.714,34,41,29,28,19,9,2022-23,Away
2023-01-25,Los Angeles Lakers,San Antonio Spurs,113,104,0.444,0.377,0.303,0.235,0.767,0.889,56,48,25,22,19,14,2022-23,Home
2023-01-26,Boston Celtics,New York Knicks,117,120,0.41,0.458,0.348,0.342,0.826,0.826,54,50,22,17,13,8,2022-23,Away
2023-01-26,Phoenix Suns,Dallas Mavericks,95,99,0.407,0.429,0.406,0.382,0.75,0.714,50,43,24,20,7,7,2022-23,Away
2023-01-26,LA Clippers,San Antonio Spurs,138,100,0.584,0.451,0.474,0.333,0.762,0.643,37,42,26,24,5,12,2022-23,Home
2023-01-26,Charlotte Hornets,Chicago Bulls,111,96,0.464,0.407,0.219,0.16,0.839,0.818,52,43,24,16,14,13,2022-23,Home
2023-01-26,Houston Rockets,Cleveland Cavaliers,95,113,0.513,0.46,0.238,0.417,0.6,0.818,46,36,24,29,22,9,2022-23,Away
2023-01-26,Brooklyn Nets,Detroit Pistons,122,130,0.457,0.505,0.342,0.407,0.852,0.885,40,48,24,27,16,11,2022-23,Away
2023-01-27,Miami Heat,Orlando Magic,110,105,0.459,0.478,0.303,0.353,0.846,0.844,37,40,28,21,11,20,2022-23,Home
2023-01-27,Oklahoma City Thunder,Cleveland Cavaliers,112,100,0.526,0.443,0.556,0.276,0.88,0.778,46,37,19,27,14,10,2022-23,Home
2023-01-27,Indiana Pacers,Milwaukee Bucks,131,141,0.551,0.531,0.394,0.419,0.714,0.613,38,50,22,32,13,16,2022-23,Away
2023-01-27,Golden State Warriors,Toronto Raptors,129,117,0.556,0.455,0.419,0.364,0.733,0.619,43,46,40,24,12,10,2022-23,Home
2023-01-27,Minnesota Timberwolves,Memphis Grizzlies,111,100,0.512,0.409,0.371,0.242,0.667,0.842,45,47,31,22,19,20,2022-23,Home
2023-01-28,Minnesota Timberwolves,Sacramento Kings,117,110,0.525,0.451,0.459,0.273,0.762,0.75,44,36,25,23,19,9,2022-23,Home
2023-01-28,Utah Jazz,Dallas Mavericks,108,100,0.476,0.438,0.361,0.391,0.708,0.706,49,31,26,26,16,14,2022-23,Home
2023-01-28,Brooklyn Nets,New York Knicks,122,115,0.529,0.511,0.55,0.357,0.571,0.789,35,45,31,19,8,10,2022-23,Home
2023-01-28,Detroit Pistons,Houston Rockets,114,117,0.458,0.478,0.368,0.296,0.774,0.778,35,48,23,20,16,17,2022-23,Away
2023-01-28,Portland Trail Blazers,Toronto Raptors,105,123,0.526,0.522,0.292,0.333,0.783,0.944,27,45,18,24,11,6,2022-23,Away
2023-01-28,Atlanta Hawks,LA Clippers,113,120,0.474,0.525,0.259,0.487,0.8,0.895,47,37,24,25,8,14,2022-23,Away
2023-01-28,Boston Celtics,Los Angeles Lakers,125,121,0.464,0.448,0.325,0.286,0.872,0.75,46,47,18,30,12,12,2022-23,Home
2023-01-28,Orlando Magic,Chicago Bulls,109,128,0.494,0.593,0.357,0.457,0.708,0.842,36,38,29,30,12,12,2022-23,Away
2023-01-28,New Orleans Pelicans,Washington Wizards,103,113,0.424,0.455,0.276,0.306,0.895,0.759,42,53,21,18,10,16,2022-23,Away
2023-01-28,San Antonio Spurs,Phoenix Suns,118,128,0.44,0.485,0.345,0.333,0.706,0.769,53,52,32,31,13,9,2022-23,Away
2023-01-28,Philadelphia 76ers,Denver Nuggets,126,119,0.517,0.543,0.514,0.412,0.667,0.85,39,36,31,28,11,14,2022-23,Home
2023-01-29,Cleveland Cavaliers,LA Clippers,122,99,0.564,0.416,0.606,0.105,0.737,0.852,35,45,35,17,10,13,2022-23,Home
2023-01-29,Memphis Grizzlies,Indiana Pacers,112,100,0.483,0.456,0.243,0.281,0.773,0.905,41,38,29,21,7,17,2022-23,Home
2023-01-29,Charlotte Hornets,Miami Heat,122,117,0.542,0.484,0.375,0.323,0.773,0.739,47,36,25,26,19,10,2022-23,Home
2023-01-29,Milwaukee Bucks,New Orleans Pelicans,135,110,0.552,0.441,0.395,0.382,0.6,0.714,57,38,27,25,11,12,2022-23,Home
2023-01-30,Brooklyn Nets,Los Angeles Lakers,121,104,0.474,0.393,0.39,0.379,0.789,0.622,50,53,24,24,9,14,2022-23,Home
2023-01-30,Philadelphia 76ers,Orlando Magic,109,119,0.471,0.424,0.367,0.379,0.783,0.8,45,50,28,23,19,10,2022-23,Away
2023-01-30,San Antonio Spurs,Washington Wizards,106,127,0.433,0.558,0.241,0.533,0.652,0.882,43,45,26,32,10,13,2022-23,Away
2023-01-30,Minnesota Timberwolves,Sacramento Kings,111,118,0.467,0.475,0.308,0.3,0.52,0.682,49,50,26,20,18,12,2022-23,Away
2023-01-30,Portland Trail Blazers,Atlanta Hawks,129,125,0.544,0.468,0.475,0.433,0.889,0.8,32,45,24,26,8,6,2022-23,Home
2023-01-30,Dallas Mavericks,Detroit Pistons,111,105,0.494,0.456,0.294,0.359,0.697,0.704,40,40,17,18,10,14,2022-23,Home
2023-01-30,Phoenix Suns,Toronto Raptors,114,106,0.494,0.449,0.393,0.273,0.81,0.895,42,44,28,19,12,13,2022-23,Home
2023-01-30,Oklahoma City Thunder,Golden State Warriors,120,128,0.495,0.511,0.458,0.426,0.85,0.8,43,44,23,37,16,15,2022-23,Away
2023-01-31,Milwaukee Bucks,Charlotte Hornets,124,115,0.41,0.378,0.341,0.282,0.852,0.769,66,62,18,27,12,11,2022-23,Home
2023-01-31,New York Knicks,Los Angeles Lakers,123,129,0.449,0.516,0.206,0.333,0.875,0.71,45,44,27,29,9,14,2022-23,Away
2023-01-31,Denver Nuggets,New Orleans Pelicans,122,113,0.494,0.494,0.444,0.296,0.833,0.84,44,36,33,28,18,15,2022-23,Home
2023-01-31,Chicago Bulls,LA Clippers,103,108,0.494,0.398,0.5,0.273,0.714,0.846,51,44,26,24,20,8,2022-23,Away
2023-01-31,Cleveland Cavaliers,Miami Heat,97,100,0.482,0.436,0.275,0.452,0.5,0.72,39,45,32,21,13,13,2022-23,Away
2023-02-01,Utah Jazz,Toronto Raptors,131,128,0.53,0.455,0.362,0.435,0.867,0.692,49,52,29,27,16,7,2022-23,Home
2023-02-01,Phoenix Suns,Atlanta Hawks,100,132,0.407,0.571,0.143,0.576,0.839,0.818,44,45,22,32,16,12,2022-23,Away
2023-02-01,Boston Celtics,Brooklyn Nets,139,96,0.576,0.409,0.481,0.231,0.7,0.833,57,32,28,19,10,5,2022-23,Home
2023-02-01,Houston Rockets,Oklahoma City Thunder,112,106,0.436,0.369,0.304,0.279,0.742,0.818,65,52,20,22,17,10,2022-23,Home
2023-02-01,Philadelphia 76ers,Orlando Magic,105,94,0.436,0.379,0.4,0.158,0.885,0.759,43,46,27,12,18,14,2022-23,Home
2023-02-01,Minnesota Timberwolves,Golden State Warriors,119,114,0.434,0.418,0.28,0.314,0.542,0.794,53,58,26,21,11,17,2022-23,Home
2023-02-01,San Antonio Spurs,Sacramento Kings,109,119,0.545,0.533,0.333,0.296,0.714,0.789,40,34,30,25,18,9,2022-23,Away
2023-02-01,Memphis Grizzlies,Portland Trail Blazers,112,122,0.471,0.471,0.243,0.389,0.75,0.963,44,41,28,24,12,13,2022-23,Away
2023-02-02,Denver Nuggets,Golden State Warriors,134,117,0.567,0.506,0.457,0.5,0.762,0.632,38,42,35,25,11,17,2022-23,Home
2023-02-02,Chicago Bulls,Charlotte Hornets,114,98,0.519,0.419,0.393,0.2,0.808,0.867,40,45,24,19,13,14,2022-23,Home
2023-02-02,Indiana Pacers,Los Angeles Lakers,111,112,0.484,0.457,0.39,0.273,0.833,0.71,46,51,30,29,16,13,2022-23,Away
2023-02-02,Dallas Mavericks,New Orleans Pelicans,111,106,0.435,0.5,0.341,0.25,0.793,0.81,36,50,16,27,8,17,2022-23,Home
2023-02-02,Milwaukee Bucks,LA Clippers,106,105,0.433,0.411,0.243,0.361,0.704,0.7,53,49,16,15,10,7,2022-23,Home
2023-02-02,New York Knicks,Miami Heat,106,104,0.482,0.448,0.333,0.361,0.778,0.813,44,33,25,24,17,10,2022-23,Home
2023-02-02,Cleveland Cavaliers,Memphis Grizzlies,128,113,0.538,0.471,0.483,0.435,0.727,0.955,41,44,33,22,15,18,2022-23,Home
2023-02-03,San Antonio Spurs,Philadelphia 76ers,125,137,0.584,0.529,0.333,0.481,0.933,0.78,35,39,32,28,18,10,2022-23,Away
2023-02-03,Houston Rockets,Toronto Raptors,111,117,0.5,0.456,0.333,0.385,0.727,0.741,40,43,22,21,13,9,2022-23,Away
2023-02-03,Utah Jazz,Atlanta Hawks,108,115,0.451,0.463,0.295,0.27,0.722,0.739,50,52,20,28,15,9,2022-23,Away
2023-02-03,Indiana Pacers,Sacramento Kings,107,104,0.449,0.43,0.415,0.342,0.714,0.85,47,49,28,24,16,19,2022-23,Home
2023-02-03,Boston Celtics,Phoenix Suns,94,106,0.387,0.432,0.263,0.375,0.839,0.857,43,53,18,28,14,8,2022-23,Away
2023-02-03,Detroit Pistons,Charlotte Hornets,118,112,0.512,0.444,0.438,0.265,0.696,0.767,51,37,27,22,22,13,2022-23,Home
2023-02-03,Washington Wizards,Portland Trail Blazers,116,124,0.5,0.489,0.364,0.415,0.909,0.913,41,38,27,25,10,7,2022-23,Away
2023-02-03,Minnesota Timberwolves,Orlando Magic,120,127,0.46,0.529,0.364,0.522,0.857,0.658,41,42,21,23,20,15,2022-23,Away
2023-02-04,Chicago Bulls,Portland Trail Blazers,129,121,0.6,0.506,0.462,0.326,0.84,0.905,41,33,32,22,12,9,2022-23,Home
2023-02-04,New Orleans Pelicans,Los Angeles Lakers,131,126,0.52,0.479,0.3,0.344,0.9,0.758,48,44,28,30,10,9,2022-23,Home
2023-02-04,New York Knicks,LA Clippers,128,134,0.479,0.478,0.45,0.432,0.769,0.857,46,46,30,24,10,13,2022-23,Away
2023-02-04,Oklahoma City Thunder,Houston Rockets,153,121,0.577,0.506,0.457,0.333,0.87,0.778,42,34,39,29,8,15,2022-23,Home
2023-02-04,Brooklyn Nets,Washington Wizards,125,123,0.5,0.481,0.424,0.464,0.893,0.78,39,39,21,22,15,15,2022-23,Home
2023-02-04,Detroit Pistons,Phoenix Suns,100,116,0.432,0.56,0.381,0.478,0.636,0.677,30,46,23,34,16,16,2022-23,Away
2023-02-04,Denver Nuggets,Atlanta Hawks,128,108,0.505,0.484,0.395,0.3,0.85,0.824,48,43,32,26,12,15,2022-23,Home
2023-02-04,Golden State Warriors,Dallas Mavericks,119,113,0.549,0.459,0.4,0.35,0.789,0.778,38,39,33,22,14,14,2022-23,Home
2023-02-04,Milwaukee Bucks,Miami Heat,123,115,0.523,0.446,0.35,0.258,0.607,0.81,51,44,23,23,12,7,2022-23,Home
2023-02-05,Memphis Grizzlies,Toronto Raptors,103,106,0.487,0.436,0.37,0.306,0.739,0.583,44,42,25,24,20,11,2022-23,Away
2023-02-05,Charlotte Hornets,Orlando Magic,113,119,0.542,0.462,0.364,0.348,0.478,0.9,39,52,28,25,15,12,2022-23,Away
2023-02-05,New Orleans Pelicans,Sacramento Kings,136,104,0.565,0.427,0.538,0.262,0.765,0.852,48,38,26,23,10,15,2022-23,Home
2023-02-05,Indiana Pacers,Cleveland Cavaliers,103,122,0.435,0.523,0.25,0.405,0.682,0.938,42,46,28,33,13,12,2022-23,Away
2023-02-05,New York Knicks,Philadelphia 76ers,108,97,0.43,0.405,0.333,0.28,0.718,0.833,49,44,21,23,9,11,2022-23,Home
2023-02-05,Minnesota Timberwolves,Denver Nuggets,128,98,0.552,0.479,0.37,0.24,0.733,0.774,34,37,33,19,11,21,2022-23,Home
2023-02-06,Chicago Bulls,San Antonio Spurs,128,104,0.562,0.444,0.273,0.308,0.88,0.941,49,38,27,25,13,18,2022-23,Home
2023-02-06,Utah Jazz,Dallas Mavericks,111,124,0.471,0.466,0.194,0.385,0.885,0.871,37,49,21,26,13,13,2022-23,Away
2023-02-06,Washington Wizards,Cleveland Cavaliers,91,114,0.427,0.564,0.214,0.414,0.789,0.7,37,43,20,26,14,16,2022-23,Away
2023-02-06,Golden State Warriors,Oklahoma City Thunder,141,114,0.577,0.484,0.52,0.344,0.429,0.714,45,36,43,21,16,11,2022-23,Home
2023-02-06,Detroit Pistons,Boston Celtics,99,111,0.425,0.47,0.273,0.432,0.762,0.81,42,51,22,25,9,11,2022-23,Away
2023-02-06,Brooklyn Nets,LA Clippers,116,124,0.488,0.478,0.516,0.4,0.818,0.8,42,46,21,20,16,7,2022-23,Away
2023-02-06,Portland Trail Blazers,Milwaukee Bucks,108,127,0.407,0.54,0.25,0.381,0.862,0.81,28,55,23,27,8,14,2022-23,Away
2023-02-06,Houston Rockets,Sacramento Kings,120,140,0.5,0.584,0.406,0.512,0.792,0.833,39,35,27,38,13,10,2022-23,Away
2023-02-07,Memphis Grizzlies,Chicago Bulls,104,89,0.481,0.368,0.333,0.2,0.714,0.667,39,49,22,24,13,18,2022-23,Home
2023-02-07,Brooklyn Nets,Phoenix Suns,112,116,0.481,0.467,0.321,0.29,0.871,0.75,36,48,25,31,16,15,2022-23,Away
2023-02-07,Denver Nuggets,Minnesota Timberwolves,146,112,0.624,0.471,0.481,0.286,0.773,0.846,44,36,44,24,10,17,2022-23,Home
2023-02-07,Los Angeles Lakers,Oklahoma City Thunder,130,133,0.576,0.521,0.452,0.5,0.692,0.9,41,37,27,32,20,12,2022-23,Away
2023-02-07,Orlando Magic,New York Knicks,98,102,0.468,0.457,0.24,0.349,0.75,0.684,41,43,23,21,11,10,2022-23,Away
2023-02-07,New Orleans Pelicans,Atlanta Hawks,116,107,0.495,0.447,0.375,0.333,0.667,0.76,47,41,28,30,9,11,2022-23,Home
2023-02-08,Washington Wizards,Charlotte Hornets,118,104,0.506,0.419,0.405,0.29,0.882,0.81,52,40,29,23,16,7,2022-23,Home
2023-02-08,Miami Heat,Indiana Pacers,116,111,0.468,0.487,0.316,0.455,0.923,0.714,48,31,21,24,11,11,2022-23,Home
2023-02-08,Cleveland Cavaliers,Detroit Pistons,113,85,0.494,0.37,0.231,0.25,0.84,0.944,50,32,30,19,10,13,2022-23,Home
2023-02-08,LA Clippers,Dallas Mavericks,104,110,0.442,0.526,0.364,0.486,0.762,0.647,40,44,21,26,11,18,2022-23,Away
2023-02-08,Boston Celtics,Philadelphia 76ers,106,99,0.526,0.446,0.543,0.323,0.7,0.75,44,37,25,20,13,6,2022-23,Home
2023-02-08,Utah Jazz,Minnesota Timberwolves,118,143,0.419,0.571,0.353,0.535,0.857,1.0,50,47,27,35,8,10,2022-23,Away
2023-02-08,Houston Rockets,Sacramento Kings,128,130,0.547,0.5,0.455,0.333,0.857,0.933,44,31,25,29,19,9,2022-23,Away
2023-02-08,Portland Trail Blazers,Golden State Warriors,125,122,0.551,0.474,0.296,0.429,0.969,0.9,47,32,25,31,21,11,2022-23,Home
2023-02-08,Toronto Raptors,San Antonio Spurs,112,98,0.489,0.402,0.357,0.281,0.762,0.704,51,39,21,24,16,12,2022-23,Home
2023-02-09,Orlando Magic,Denver Nuggets,115,104,0.485,0.464,0.333,0.303,0.632,0.667,47,39,24,24,10,16,2022-23,Home
2023-02-09,Atlanta Hawks,Phoenix Suns,116,107,0.453,0.453,0.345,0.233,0.741,0.759,59,35,23,24,18,10,2022-23,Home
2023-02-09,Brooklyn Nets,Chicago Bulls,116,105,0.429,0.462,0.386,0.192,0.84,0.762,49,46,26,15,11,11,2022-23,Home
2023-02-09,Los Angeles Lakers,Milwaukee Bucks,106,115,0.472,0.455,0.389,0.255,0.714,0.722,43,51,23,24,12,10,2022-23,Away
2023-02-10,Boston Celtics,Charlotte Hornets,127,116,0.494,0.484,0.455,0.348,0.824,0.692,43,47,34,26,15,13,2022-23,Home
2023-02-10,Philadelphia 76ers,New York Knicks,119,108,0.524,0.531,0.368,0.344,0.773,0.688,40,35,27,23,6,12,2022-23,Home
2023-02-10,New Orleans Pelicans,Cleveland Cavaliers,107,118,0.476,0.565,0.375,0.357,0.8,0.8,34,41,25,28,14,11,2022-23,Away
2023-02-10,Miami Heat,Houston Rockets,97,95,0.416,0.417,0.316,0.233,0.955,0.75,40,47,21,23,16,16,2022-23,Home
2023-02-10,Toronto Raptors,Utah Jazz,116,122,0.451,0.54,0.353,0.25,0.733,0.759,40,46,28,31,13,17,2022-23,Away
2023-02-10,Indiana Pacers,Phoenix Suns,104,117,0.424,0.462,0.282,0.303,0.75,0.875,38,53,23,25,15,15,2022-23,Away
2023-02-10,Sacramento Kings,Dallas Mavericks,114,122,0.542,0.489,0.333,0.419,0.844,0.947,38,39,21,34,14,9,2022-23,Away
2023-02-10,Memphis Grizzlies,Minnesota Timberwolves,128,107,0.583,0.466,0.4,0.405,0.741,0.833,44,35,27,25,18,17,2022-23,Home
2023-02-10,Detroit Pistons,San Antonio Spurs,138,131,0.43,0.421,0.189,0.333,0.796,0.794,62,51,29,21,15,17,2022-23,Home
2023-02-10,Portland Trail Blazers,Oklahoma City Thunder,129,138,0.553,0.566,0.4,0.5,0.935,0.914,32,29,29,29,18,10,2022-23,Away
2023-02-10,LA Clippers,Milwaukee Bucks,106,119,0.494,0.5,0.333,0.436,0.786,0.75,35,49,17,28,9,11,2022-23,Away
2023-02-11,Charlotte Hornets,Denver Nuggets,105,119,0.471,0.505,0.25,0.217,0.586,0.824,37,51,25,35,14,14,2022-23,Away
2023-02-11,Cleveland Cavaliers,Chicago Bulls,97,89,0.419,0.486,0.257,0.238,0.842,0.8,39,44,26,27,12,22,2022-23,Home
2023-02-11,New York Knicks,Utah Jazz,126,120,0.453,0.511,0.333,0.281,0.737,0.75,52,38,18,23,6,10,2022-23,Home
2023-02-11,Washington Wizards,Indiana Pacers,127,113,0.64,0.453,0.462,0.35,0.864,0.765,40,33,32,27,16,7,2022-23,Home
2023-02-11,Golden State Warriors,Los Angeles Lakers,103,109,0.417,0.449,0.273,0.32,0.917,0.808,43,52,31,19,15,15,2022-23,Away
2023-02-11,Sacramento Kings,Dallas Mavericks,133,128,0.51,0.516,0.25,0.392,0.92,0.737,50,43,22,27,7,15,2022-23,Home
2023-02-11,Atlanta Hawks,San Antonio Spurs,125,106,0.485,0.426,0.385,0.297,0.789,0.882,48,49,29,25,10,19,2022-23,Home
2023-02-11,Orlando Magic,Miami Heat,103,107,0.425,0.435,0.379,0.308,0.783,0.913,44,46,22,24,18,19,2022-23,Away
2023-02-11,Brooklyn Nets,Philadelphia 76ers,98,101,0.402,0.44,0.325,0.261,0.846,0.967,42,41,23,17,8,10,2022-23,Away
2023-02-12,Toronto Raptors,Detroit Pistons,119,118,0.483,0.506,0.367,0.382,0.667,0.781,40,32,21,25,8,16,2022-23,Home
2023-02-12,Boston Celtics,Memphis Grizzlies,119,109,0.443,0.5,0.412,0.353,0.769,0.619,55,34,28,24,10,8,2022-23,Home
2023-02-13,Portland Trail Blazers,Los Angeles Lakers,127,115,0.474,0.442,0.489,0.324,0.923,0.905,42,56,27,24,7,13,2022-23,Home
2023-02-13,Golden State Warriors,Washington Wizards,135,126,0.584,0.6,0.5,0.429,0.733,0.857,34,33,40,26,15,17,2022-23,Home
2023-02-13,Cleveland Cavaliers,San Antonio Spurs,117,109,0.564,0.506,0.321,0.381,0.8,0.75,36,35,21,27,14,16,2022-23,Home
2023-02-13,New York Knicks,Brooklyn Nets,124,106,0.549,0.449,0.441,0.414,0.731,0.727,38,39,18,18,8,10,2022-23,Home
2023-02-13,Chicago Bulls,Orlando Magic,91,100,0.407,0.469,0.143,0.296,0.947,0.842,44,42,17,24,16,17,2022-23,Away
2023-02-13,Miami Heat,Denver Nuggets,108,112,0.438,0.579,0.343,0.393,0.9,0.867,34,39,25,34,8,13,2022-23,Away
2023-02-13,Dallas Mavericks,Minnesota Timberwolves,121,124,0.512,0.578,0.333,0.31,0.759,0.731,33,39,21,28,9,12,2022-23,Away
2023-02-13,Indiana Pacers,Utah Jazz,117,123,0.505,0.506,0.324,0.455,0.7,0.88,32,46,30,24,11,18,2022-23,Away
2023-02-13,Philadelphia 76ers,Houston Rockets,123,104,0.561,0.407,0.441,0.25,0.941,0.903,38,42,26,17,16,17,2022-23,Home
2023-02-13,Charlotte Hornets,Atlanta Hawks,144,138,0.631,0.491,0.541,0.393,0.783,1.0,35,42,36,26,17,12,2022-23,Home
2023-02-13,Oklahoma City Thunder,New Orleans Pelicans,100,103,0.422,0.527,0.273,0.3,0.833,0.889,43,33,20,19,16,18,2022-23,Away
2023-02-14,Portland Trail Blazers,Washington Wizards,101,126,0.419,0.57,0.286,0.515,0.708,0.864,37,44,20,28,12,14,2022-23,Away
2023-02-14,Toronto Raptors,Orlando Magic,123,113,0.602,0.512,0.333,0.419,0.75,0.778,40,29,31,26,18,18,2022-23,Home
2023-02-14,LA Clippers,Golden State Warriors,134,124,0.533,0.542,0.472,0.441,0.864,0.704,36,36,33,28,8,11,2022-23,Home
2023-02-14,Milwaukee Bucks,Boston Celtics,131,125,0.478,0.465,0.429,0.34,0.771,0.8,52,44,29,28,18,13,2022-23,Home
2023-02-14,Phoenix Suns,Sacramento Kings,120,109,0.568,0.446,0.318,0.368,0.813,0.875,37,40,33,23,13,17,2022-23,Home
2023-02-15,Denver Nuggets,Dallas Mavericks,118,109,0.571,0.464,0.355,0.359,0.733,0.85,43,31,34,25,13,12,2022-23,Home
2023-02-15,Atlanta Hawks,New York Knicks,101,122,0.412,0.469,0.192,0.326,0.762,0.818,40,55,25,16,4,9,2022-23,Away
2023-02-15,Los Angeles Lakers,New Orleans Pelicans,120,102,0.53,0.438,0.27,0.28,0.611,0.708,43,50,32,24,10,15,2022-23,Home
2023-02-15,Philadelphia 76ers,Cleveland Cavaliers,118,112,0.5,0.5,0.481,0.333,0.931,0.8,38,35,24,23,11,8,2022-23,Home
2023-02-15,Indiana Pacers,Chicago Bulls,117,113,0.476,0.488,0.419,0.429,0.955,0.762,41,38,27,23,17,13,2022-23,Home
2023-02-15,Charlotte Hornets,San Antonio Spurs,120,110,0.448,0.383,0.4,0.342,0.69,0.75,58,58,26,24,15,15,2022-23,Home
2023-02-15,Oklahoma City Thunder,Houston Rockets,133,96,0.483,0.337,0.265,0.27,0.851,0.684,49,47,21,20,10,17,2022-23,Home
2023-02-15,Brooklyn Nets,Miami Heat,116,105,0.532,0.458,0.436,0.286,0.85,0.724,36,41,26,19,11,8,2022-23,Home
2023-02-15,Memphis Grizzlies,Utah Jazz,117,111,0.402,0.462,0.35,0.333,0.68,0.789,46,61,24,24,4,23,2022-23,Home
2023-02-15,Boston Celtics,Detroit Pistons,127,109,0.533,0.512,0.467,0.379,0.8,0.75,43,35,30,24,11,14,2022-23,Home
2023-02-16,Minnesota Timberwolves,Washington Wizards,106,114,0.411,0.453,0.276,0.4,0.909,0.824,53,49,21,25,18,15,2022-23,Away
2023-02-16,Phoenix Suns,LA Clippers,107,116,0.472,0.488,0.355,0.324,0.75,0.926,38,43,30,29,12,14,2022-23,Away
2023-02-16,Chicago Bulls,Milwaukee Bucks,100,112,0.381,0.455,0.313,0.383,0.762,0.778,51,52,19,24,5,8,2022-23,Away
2023-02-23,Cleveland Cavaliers,Denver Nuggets,109,115,0.478,0.464,0.231,0.472,0.85,0.87,41,47,24,30,10,16,2022-23,Away
2023-02-23,Los Angeles Lakers,Golden State Warriors,124,111,0.488,0.381,0.533,0.286,0.706,0.81,58,48,30,24,14,10,2022-23,Home
2023-02-23,Utah Jazz,Oklahoma City Thunder,120,119,0.42,0.402,0.271,0.216,0.852,0.778,58,54,26,23,21,10,2022-23,Home
2023-02-23,Indiana Pacers,Boston Celtics,138,142,0.521,0.515,0.449,0.462,0.818,0.846,37,51,33,31,14,15,2022-23,Away
2023-02-23,Philadelphia 76ers,Memphis Grizzlies,110,105,0.405,0.391,0.361,0.219,0.806,0.833,43,49,25,22,10,11,2022-23,Home
2023-02-23,Toronto Raptors,New Orleans Pelicans,115,110,0.467,0.464,0.29,0.433,0.8,0.76,48,43,17,23,11,13,2022-23,Home
2023-02-23,Dallas Mavericks,San Antonio Spurs,142,116,0.561,0.523,0.524,0.4,0.778,0.696,36,45,27,30,6,16,2022-23,Home
2023-02-23,Sacramento Kings,Portland Trail Blazers,133,116,0.553,0.462,0.412,0.421,0.806,0.824,49,33,27,26,18,12,2022-23,Home
2023-02-23,Orlando Magic,Detroit Pistons,108,106,0.411,0.457,0.387,0.5,0.783,0.789,46,45,27,22,12,19,2022-23,Home
2023-02-24,Atlanta Hawks,Cleveland Cavaliers,136,119,0.588,0.455,0.536,0.371,0.913,0.897,42,35,28,20,14,11,2022-23,Home
2023-02-24,Phoenix Suns,Oklahoma City Thunder,124,115,0.467,0.432,0.368,0.395,0.813,0.75,54,47,23,27,11,9,2022-23,Home
2023-02-24,Chicago Bulls,Brooklyn Nets,131,87,0.568,0.37,0.462,0.273,0.679,0.789,57,31,25,21,9,13,2022-23,Home
2023-02-24,Milwaukee Bucks,Miami Heat,128,99,0.48,0.391,0.413,0.225,0.789,0.72,57,45,27,21,10,10,2022-23,Home
2023-02-24,Washington Wizards,New York Knicks,109,115,0.494,0.489,0.432,0.414,1.0,0.813,34,43,25,21,17,12,2022-23,Away
2023-02-24,Minnesota Timberwolves,Charlotte Hornets,113,121,0.495,0.467,0.333,0.357,0.625,0.893,45,52,25,25,15,11,2022-23,Away
2023-02-24,LA Clippers,Sacramento Kings,175,176,0.602,0.586,0.578,0.439,0.861,0.8,42,43,39,33,25,15,2022-23,Away
2023-02-24,Golden State Warriors,Houston Rockets,116,101,0.474,0.391,0.481,0.314,0.889,0.818,47,44,27,23,18,7,2022-23,Home
2023-02-25,Utah Jazz,San Antonio Spurs,118,102,0.467,0.392,0.357,0.265,0.786,0.81,56,41,29,21,14,9,2022-23,Home
2023-02-25,Memphis Grizzlies,Denver Nuggets,112,94,0.474,0.404,0.341,0.297,0.875,0.786,50,48,25,22,12,15,2022-23,Home
2023-02-25,Orlando Magic,Indiana Pacers,108,121,0.389,0.485,0.207,0.375,0.842,0.714,55,45,16,35,13,7,2022-23,Away
2023-02-25,Charlotte Hornets,Miami Heat,108,103,0.432,0.4,0.323,0.306,0.815,0.824,48,42,20,24,15,16,2022-23,Home
2023-02-25,New York Knicks,New Orleans Pelicans,128,106,0.511,0.392,0.396,0.211,0.826,0.857,54,39,24,25,19,7,2022-23,Home
2023-02-25,Philadelphia 76ers,Boston Celtics,107,110,0.449,0.5,0.333,0.444,0.8,0.667,42,44,19,20,10,12,2022-23,Away
2023-02-25,Detroit Pistons,Toronto Raptors,91,95,0.404,0.375,0.25,0.269,0.643,0.647,62,46,26,22,13,8,2022-23,Away
2023-02-26,Denver Nuggets,LA Clippers,134,124,0.51,0.489,0.333,0.324,0.742,0.833,50,38,35,24,14,12,2022-23,Home
2023-02-26,Chicago Bulls,Washington Wizards,102,82,0.506,0.421,0.267,0.214,0.824,0.522,39,42,21,22,8,16,2022-23,Home
2023-02-26,Portland Trail Blazers,Houston Rockets,131,114,0.545,0.45,0.513,0.269,0.771,0.68,37,48,20,24,13,13,2022-23,Home
2023-02-26,Atlanta Hawks,Brooklyn Nets,129,127,0.5,0.494,0.533,0.359,0.821,0.931,46,37,20,20,15,9,2022-23,Home
2023-02-26,Oklahoma City Thunder,Sacramento Kings,115,124,0.477,0.529,0.4,0.419,0.739,0.667,37,48,24,32,14,19,2022-23,Away
2023-02-26,Milwaukee Bucks,Phoenix Suns,104,101,0.437,0.421,0.289,0.333,0.714,0.591,45,55,15,21,11,12,2022-23,Home
2023-02-26,Cleveland Cavaliers,Toronto Raptors,118,93,0.524,0.387,0.5,0.36,0.857,0.8,45,43,31,19,13,14,2022-23,Home
2023-02-26,Dallas Mavericks,Los Angeles Lakers,108,111,0.419,0.433,0.408,0.176,0.714,0.75,48,56,21,25,16,10,2022-23,Away
2023-02-26,Golden State Warriors,Minnesota Timberwolves,109,104,0.429,0.422,0.357,0.378,0.727,0.524,56,43,23,26,16,16,2022-23,Home
2023-02-27,New York Knicks,Boston Celtics,109,94,0.474,0.44,0.387,0.214,0.676,0.786,44,35,20,21,11,11,2022-23,Home
2023-02-27,New Orleans Pelicans,Orlando Magic,93,101,0.447,0.456,0.222,0.265,0.826,0.769,38,43,23,21,17,15,2022-23,Away
2023-02-27,Philadelphia 76ers,Miami Heat,99,101,0.438,0.432,0.37,0.405,0.893,0.727,39,37,20,21,18,12,2022-23,Away
2023-02-27,Charlotte Hornets,Detroit Pistons,117,106,0.518,0.457,0.5,0.115,0.818,0.704,46,39,24,18,16,9,2022-23,Home
2023-02-28,Atlanta Hawks,Washington Wizards,116,119,0.462,0.495,0.371,0.286,0.895,0.85,42,48,21,19,9,8,2022-23,Away
2023-02-28,Houston Rockets,Denver Nuggets,112,133,0.495,0.576,0.29,0.432,0.7,0.688,40,43,33,40,13,11,2022-23,Away
2023-02-28,Toronto Raptors,Chicago Bulls,104,98,0.404,0.521,0.357,0.4,0.684,0.824,47,35,26,28,11,19,2022-23,Home
2023-02-28,Memphis Grizzlies,Los Angeles Lakers,121,109,0.455,0.442,0.194,0.382,0.765,0.87,47,56,25,22,6,26,2022-23,Home
2023-02-28,Utah Jazz,San Antonio Spurs,94,102,0.353,0.429,0.294,0.308,0.667,0.64,52,45,15,23,20,12,2022-23,Away
2023-02-28,Brooklyn Nets,Milwaukee Bucks,104,118,0.434,0.49,0.333,0.378,0.8,0.333,38,55,25,32,17,17,2022-23,Away
2023-02-28,Golden State Warriors,Portland Trail Blazers,123,105,0.538,0.43,0.4,0.308,0.813,0.864,46,33,34,26,18,13,2022-23,Home
2023-02-28,LA Clippers,Minnesota Timberwolves,101,108,0.422,0.478,0.393,0.346,0.87,0.591,44,46,24,22,24,17,2022-23,Away
2023-02-28,Oklahoma City Thunder,Sacramento Kings,117,123,0.439,0.524,0.314,0.357,0.833,0.733,42,51,28,34,10,19,2022-23,Away
2023-02-28,Dallas Mavericks,Indiana Pacers,122,124,0.505,0.526,0.324,0.393,0.643,0.775,38,41,28,25,7,9,2022-23,Away
2023-03-01,Houston Rockets,Memphis Grizzlies,99,113,0.4,0.482,0.324,0.415,0.64,0.842,49,44,17,27,12,7,2022-23,Away
2023-03-01,New York Knicks,Brooklyn Nets,142,118,0.607,0.467,0.571,0.385,0.667,0.95,46,31,28,26,16,12,2022-23,Home
2023-03-01,Boston Celtics,Cleveland Cavaliers,117,113,0.5,0.489,0.5,0.313,0.821,0.619,43,38,27,21,12,6,2022-23,Home
2023-03-01,Detroit Pistons,Chicago Bulls,115,117,0.5,0.482,0.4,0.444,0.821,0.742,40,40,23,27,16,15,2022-23,Away
2023-03-01,Miami Heat,Philadelphia 76ers,96,119,0.436,0.494,0.241,0.385,0.913,1.0,33,41,18,25,12,8,2022-23,Away
2023-03-01,Oklahoma City Thunder,Los Angeles Lakers,117,123,0.484,0.475,0.275,0.457,0.75,0.795,42,41,29,22,11,13,2022-23,Away
2023-03-01,Charlotte Hornets,Phoenix Suns,91,105,0.364,0.472,0.273,0.36,0.643,0.8,48,48,20,30,13,12,2022-23,Away
2023-03-01,Milwaukee Bucks,Orlando Magic,139,117,0.521,0.457,0.464,0.273,0.789,0.759,46,50,29,22,8,13,2022-23,Home
2023-03-01,Portland Trail Blazers,New Orleans Pelicans,110,121,0.444,0.517,0.289,0.36,0.931,0.87,41,41,18,23,14,6,2022-23,Away
2023-03-02,San Antonio Spurs,Indiana Pacers,110,99,0.459,0.456,0.313,0.348,0.769,0.818,50,40,31,23,15,14,2022-23,Home
2023-03-02,Washington Wizards,Toronto Raptors,119,108,0.512,0.446,0.467,0.273,0.792,1.0,43,43,30,28,14,14,2022-23,Home
2023-03-02,Golden State Warriors,LA Clippers,115,91,0.419,0.36,0.304,0.209,0.852,0.857,60,47,25,19,11,16,2022-23,Home
2023-03-02,Dallas Mavericks,Philadelphia 76ers,133,126,0.549,0.577,0.521,0.444,0.667,0.828,31,37,26,28,12,14,2022-23,Home
2023-03-03,Charlotte Hornets,Orlando Magic,106,117,0.487,0.535,0.375,0.385,0.84,0.789,34,42,25,21,21,18,2022-23,Away
2023-03-03,Oklahoma City Thunder,Utah Jazz,130,103,0.5,0.487,0.395,0.31,0.643,0.783,40,48,31,24,7,25,2022-23,Home
2023-03-03,Los Angeles Lakers,Minnesota Timberwolves,102,110,0.414,0.472,0.323,0.412,0.833,0.75,41,46,23,29,15,13,2022-23,Away
2023-03-03,Chicago Bulls,Phoenix Suns,104,125,0.47,0.5,0.304,0.426,0.76,0.84,34,41,24,29,8,9,2022-23,Away
2023-03-03,Atlanta Hawks,Portland Trail Blazers,129,111,0.571,0.471,0.462,0.333,0.813,0.8,43,34,30,22,17,17,2022-23,Home
2023-03-03,Boston Celtics,Brooklyn Nets,105,115,0.488,0.421,0.31,0.318,0.7,0.808,48,47,26,25,19,12,2022-23,Away
2023-03-03,Denver Nuggets,Memphis Grizzlies,113,97,0.46,0.369,0.258,0.344,0.806,0.774,53,40,28,24,8,10,2022-23,Home
2023-03-03,Golden State Warriors,New Orleans Pelicans,108,99,0.513,0.442,0.323,0.345,0.9,0.778,43,29,28,20,18,13,2022-23,Home
2023-03-03,Miami Heat,New York Knicks,120,122,0.481,0.58,0.48,0.415,0.938,0.647,39,34,23,23,12,11,2022-23,Away
2023-03-03,Sacramento Kings,LA Clippers,128,127,0.529,0.54,0.303,0.341,1.0,0.704,45,32,26,31,11,7,2022-23,Home
2023-03-04,Miami Heat,Atlanta Hawks,117,109,0.506,0.468,0.371,0.3,0.87,0.867,43,37,31,22,19,16,2022-23,Home
2023-03-04,San Antonio Spurs,Houston Rockets,110,122,0.442,0.563,0.405,0.348,0.95,0.727,42,45,24,26,14,14,2022-23,Away
2023-03-04,Washington Wizards,Toronto Raptors,109,116,0.507,0.522,0.583,0.4,0.864,0.714,43,34,26,30,24,14,2022-23,Away
2023-03-04,Sacramento Kings,Minnesota Timberwolves,134,138,0.551,0.6,0.519,0.513,0.733,0.71,39,40,25,31,6,11,2022-23,Away
2023-03-04,Cleveland Cavaliers,Detroit Pistons,114,90,0.495,0.407,0.412,0.25,0.556,0.72,39,49,29,19,11,23,2022-23,Home
2023-03-04,Milwaukee Bucks,Philadelphia 76ers,130,133,0.53,0.5,0.5,0.486,0.893,0.838,43,32,30,24,13,5,2022-23,Away
2023-03-05,Chicago Bulls,Indiana Pacers,122,125,0.608,0.511,0.455,0.364,0.88,0.813,33,35,18,27,14,9,2022-23,Away
2023-03-05,Oklahoma City Thunder,Utah Jazz,129,119,0.506,0.489,0.378,0.297,0.818,0.815,42,39,24,30,12,16,2022-23,Home
2023-03-05,Brooklyn Nets,Charlotte Hornets,102,86,0.391,0.375,0.279,0.267,0.818,0.8,52,49,21,17,5,10,2022-23,Home
2023-03-05,Orlando Magic,Portland Trail Blazers,119,122,0.5,0.47,0.355,0.34,0.774,0.875,38,46,29,27,11,17,2022-23,Away
2023-03-05,Washington Wizards,Milwaukee Bucks,111,117,0.426,0.47,0.258,0.449,0.917,0.773,56,45,21,30,9,12,2022-23,Away
2023-03-05,Los Angeles Lakers,Golden State Warriors,113,105,0.442,0.396,0.333,0.346,0.818,0.833,46,42,29,27,7,12,2022-23,Home
2023-03-05,LA Clippers,Memphis Grizzlies,135,129,0.529,0.543,0.414,0.529,0.943,0.733,53,26,25,32,17,8,2022-23,Home
2023-03-05,Houston Rockets,San Antonio Spurs,142,110,0.612,0.462,0.542,0.324,0.862,0.619,44,35,29,23,12,15,2022-23,Home
2023-03-05,Boston Celtics,New York Knicks,129,131,0.394,0.495,0.356,0.366,0.88,0.688,54,54,27,18,16,19,2022-23,Away
2023-03-05,Dallas Mavericks,Phoenix Suns,126,130,0.494,0.551,0.395,0.353,0.921,0.8,31,41,15,27,10,9,2022-23,Away
2023-03-06,Detroit Pistons,Portland Trail Blazers,104,110,0.465,0.487,0.313,0.455,0.7,0.76,52,38,30,28,16,11,2022-23,Away
2023-03-06,Sacramento Kings,New Orleans Pelicans,123,108,0.566,0.538,0.421,0.379,0.65,0.786,33,40,39,29,10,16,2022-23,Home
2023-03-06,Indiana Pacers,Philadelphia 76ers,143,147,0.589,0.585,0.405,0.471,0.71,0.921,30,36,28,37,9,11,2022-23,Away
2023-03-06,Denver Nuggets,Toronto Raptors,118,113,0.5,0.5,0.394,0.37,0.826,0.85,41,41,30,29,13,15,2022-23,Home
2023-03-06,Miami Heat,Atlanta Hawks,130,128,0.532,0.554,0.552,0.31,0.865,0.739,32,37,27,28,11,10,2022-23,Home
2023-03-06,Cleveland Cavaliers,Boston Celtics,118,114,0.448,0.416,0.353,0.333,0.8,0.667,58,52,27,25,15,12,2022-23,Home
2023-03-07,Minnesota Timberwolves,Philadelphia 76ers,94,117,0.395,0.494,0.306,0.6,0.714,0.957,34,54,19,21,11,15,2022-23,Away
2023-03-07,New York Knicks,Charlotte Hornets,105,112,0.427,0.494,0.275,0.375,0.75,0.762,39,42,18,27,8,10,2022-23,Away
2023-03-07,Los Angeles Lakers,Memphis Grizzlies,112,103,0.456,0.387,0.25,0.243,0.793,0.759,57,45,27,18,13,7,2022-23,Home
2023-03-07,Oklahoma City Thunder,Golden State Warriors,137,128,0.532,0.528,0.459,0.392,0.833,0.875,44,33,28,36,15,21,2022-23,Home
2023-03-07,Orlando Magic,Milwaukee Bucks,123,134,0.5,0.59,0.3,0.357,0.737,0.941,38,38,24,28,13,16,2022-23,Away
2023-03-07,Dallas Mavericks,Utah Jazz,120,116,0.472,0.446,0.422,0.341,0.773,0.76,43,47,24,23,16,16,2022-23,Home
2023-03-07,Detroit Pistons,Washington Wizards,117,119,0.512,0.58,0.433,0.48,0.818,0.765,30,37,29,27,11,14,2022-23,Away
2023-03-07,Houston Rockets,Brooklyn Nets,96,118,0.434,0.494,0.269,0.375,0.708,0.793,48,36,14,23,19,12,2022-23,Away
2023-03-08,Boston Celtics,Portland Trail Blazers,115,93,0.477,0.366,0.367,0.282,0.65,0.815,45,47,26,18,10,15,2022-23,Home
2023-03-08,New Orleans Pelicans,Dallas Mavericks,113,106,0.506,0.432,0.481,0.348,0.889,0.737,49,34,32,24,15,9,2022-23,Home
2023-03-08,Denver Nuggets,Chicago Bulls,96,117,0.42,0.517,0.375,0.333,0.467,0.944,44,50,26,26,11,8,2022-23,Away
2023-03-08,Phoenix Suns,Oklahoma City Thunder,132,101,0.521,0.375,0.465,0.349,0.875,0.952,54,37,31,23,14,16,2022-23,Home
2023-03-08,Washington Wizards,Atlanta Hawks,120,122,0.566,0.529,0.414,0.414,0.824,0.769,39,36,34,26,17,11,2022-23,Away
2023-03-08,Miami Heat,Cleveland Cavaliers,100,104,0.5,0.488,0.276,0.321,0.759,0.895,37,32,22,26,22,15,2022-23,Away
2023-03-08,LA Clippers,Toronto Raptors,108,100,0.549,0.385,0.3,0.406,0.774,0.929,44,41,23,21,17,12,2022-23,Home
2023-03-09,Indiana Pacers,Houston Rockets,134,125,0.48,0.458,0.4,0.353,0.952,0.724,42,58,34,18,11,16,2022-23,Home
2023-03-09,Orlando Magic,Utah Jazz,124,131,0.468,0.557,0.471,0.382,0.645,0.952,36,42,21,27,10,17,2022-23,Away
2023-03-09,Sacramento Kings,New York Knicks,122,117,0.524,0.416,0.313,0.26,0.75,0.645,42,58,28,27,12,13,2022-23,Home
2023-03-09,Milwaukee Bucks,Brooklyn Nets,118,113,0.423,0.394,0.38,0.389,0.786,1.0,61,47,33,20,16,13,2022-23,Home
2023-03-09,Detroit Pistons,Charlotte Hornets,103,113,0.449,0.5,0.333,0.333,0.8,0.594,48,44,20,24,19,12,2022-23,Away
2023-03-09,Memphis Grizzlies,Golden State Warriors,131,110,0.538,0.439,0.45,0.333,0.722,0.958,42,32,36,25,12,17,2022-23,Home
2023-03-10,Philadelphia 76ers,Portland Trail Blazers,120,119,0.518,0.525,0.367,0.417,0.793,0.667,42,36,25,24,9,9,2022-23,Home
2023-03-10,Washington Wizards,Atlanta Hawks,107,114,0.489,0.442,0.259,0.484,0.778,0.789,43,46,27,25,14,14,2022-23,Away
2023-03-10,Minnesota Timberwolves,Brooklyn Nets,123,124,0.49,0.462,0.3,0.471,0.621,0.727,47,48,29,20,14,14,2022-23,Away
2023-03-10,San Antonio Spurs,Denver Nuggets,128,120,0.543,0.489,0.394,0.371,0.765,0.95,50,33,31,32,18,14,2022-23,Home
2023-03-10,Los Angeles Lakers,Toronto Raptors,122,112,0.563,0.5,0.433,0.357,1.0,0.769,35,37,28,29,20,13,2022-23,Home
2023-03-10,Miami Heat,Cleveland Cavaliers,119,115,0.512,0.465,0.483,0.419,0.913,0.81,46,34,22,25,16,11,2022-23,Home
2023-03-11,Memphis Grizzlies,Dallas Mavericks,112,108,0.477,0.459,0.263,0.349,0.833,0.652,45,43,25,25,11,11,2022-23,Home
2023-03-11,New Orleans Pelicans,Oklahoma City Thunder,96,110,0.42,0.463,0.353,0.321,0.842,0.844,43,38,23,17,22,11,2022-23,Away
2023-03-11,Charlotte Hornets,Utah Jazz,111,119,0.408,0.447,0.425,0.281,0.933,0.9,43,60,24,22,7,11,2022-23,Away
2023-03-11,Atlanta Hawks,Boston Celtics,125,134,0.5,0.547,0.294,0.476,0.938,0.833,48,40,24,35,10,8,2022-23,Away
2023-03-11,LA Clippers,New York Knicks,106,95,0.483,0.356,0.333,0.226,0.75,0.889,39,54,22,21,8,9,2022-23,Home
2023-03-11,Phoenix Suns,Sacramento Kings,119,128,0.494,0.482,0.295,0.429,0.818,0.838,40,39,30,19,14,15,2022-23,Away
2023-03-11,Orlando Magic,Miami Heat,126,114,0.485,0.447,0.351,0.297,0.85,0.95,54,35,34,19,18,17,2022-23,Home
2023-03-11,Houston Rockets,Chicago Bulls,111,119,0.482,0.512,0.471,0.469,0.765,0.727,33,44,28,25,16,14,2022-23,Away
2023-03-11,Golden State Warriors,Milwaukee Bucks,125,116,0.411,0.43,0.418,0.412,0.909,0.818,65,48,33,28,15,17,2022-23,Home
2023-03-11,Detroit Pistons,Indiana Pacers,115,121,0.457,0.462,0.324,0.257,0.667,0.765,42,58,25,24,12,14,2022-23,Away
2023-03-12,Denver Nuggets,Brooklyn Nets,120,122,0.5,0.5,0.387,0.386,0.75,0.875,49,28,27,32,15,8,2022-23,Away
2023-03-12,San Antonio Spurs,Oklahoma City Thunder,90,102,0.375,0.379,0.278,0.256,0.737,0.87,50,55,24,26,18,9,2022-23,Away
2023-03-12,Charlotte Hornets,Cleveland Cavaliers,108,114,0.513,0.471,0.476,0.259,0.727,0.735,43,40,25,18,19,10,2022-23,Away
2023-03-12,New Orleans Pelicans,Portland Trail Blazers,127,110,0.5,0.489,0.475,0.303,0.759,0.7,43,46,35,26,15,17,2022-23,Home
2023-03-12,Los Angeles Lakers,New York Knicks,108,112,0.483,0.477,0.333,0.297,0.588,0.81,37,46,24,18,11,11,2022-23,Away
2023-03-12,Philadelphia 76ers,Washington Wizards,112,93,0.513,0.405,0.379,0.231,0.826,0.826,42,35,29,19,8,9,2022-23,Home
2023-03-13,Houston Rockets,Boston Celtics,111,109,0.444,0.448,0.314,0.286,0.741,0.905,48,38,27,19,10,13,2022-23,Home
2023-03-13,Atlanta Hawks,Minnesota Timberwolves,115,136,0.454,0.587,0.182,0.429,0.821,0.696,51,37,17,39,15,10,2022-23,Away
2023-03-13,Miami Heat,Utah Jazz,119,115,0.468,0.478,0.412,0.421,0.861,0.722,37,48,20,31,13,18,2022-23,Home
2023-03-13,Sacramento Kings,Milwaukee Bucks,124,133,0.442,0.581,0.42,0.455,0.733,0.818,45,43,31,29,9,12,2022-23,Away
2023-03-13,Detroit Pistons,Indiana Pacers,117,97,0.48,0.419,0.389,0.294,0.7,0.625,52,42,28,23,14,14,2022-23,Home
2023-03-13,Dallas Mavericks,Memphis Grizzlies,88,104,0.389,0.458,0.261,0.324,0.75,0.842,41,47,23,23,13,14,2022-23,Away
2023-03-13,Golden State Warriors,Phoenix Suns,123,112,0.542,0.484,0.487,0.19,0.583,0.727,41,47,28,25,14,14,2022-23,Home
2023-03-14,Portland Trail Blazers,New York Knicks,107,123,0.384,0.519,0.378,0.429,0.778,0.706,38,52,22,23,10,12,2022-23,Away
2023-03-14,Toronto Raptors,Denver Nuggets,125,110,0.527,0.553,0.4,0.24,0.882,0.8,44,32,25,29,11,14,2022-23,Home
2023-03-14,New Orleans Pelicans,Los Angeles Lakers,108,123,0.429,0.488,0.256,0.462,0.65,0.893,41,52,23,24,12,17,2022-23,Away
2023-03-14,San Antonio Spurs,Orlando Magic,132,114,0.565,0.454,0.537,0.345,0.778,0.762,47,42,39,24,14,9,2022-23,Home
2023-03-14,Oklahoma City Thunder,Brooklyn Nets,121,107,0.455,0.427,0.333,0.293,0.87,0.735,51,46,22,25,9,17,2022-23,Home
2023-03-14,Washington Wizards,Detroit Pistons,117,97,0.518,0.384,0.219,0.294,1.0,0.917,48,44,24,18,13,11,2022-23,Home
2023-03-14,Charlotte Hornets,Cleveland Cavaliers,104,120,0.566,0.511,0.261,0.467,0.8,0.842,40,30,28,29,19,8,2022-23,Away
2023-03-14,Phoenix Suns,Milwaukee Bucks,104,116,0.432,0.471,0.348,0.308,0.875,0.649,41,46,23,24,11,12,2022-23,Away
2023-03-15,Houston Rockets,Los Angeles Lakers,114,110,0.528,0.378,0.276,0.25,0.632,0.838,51,36,22,21,17,8,2022-23,Home
2023-03-15,Minnesota Timberwolves,Boston Celtics,102,104,0.44,0.405,0.333,0.3,0.727,0.8,46,44,27,20,13,9,2022-23,Away
2023-03-15,LA Clippers,Golden State Warriors,134,126,0.479,0.557,0.471,0.472,0.813,0.733,44,36,30,28,7,16,2022-23,Home
2023-03-15,San Antonio Spurs,Dallas Mavericks,128,137,0.458,0.512,0.441,0.515,0.577,0.865,47,52,26,23,10,18,2022-23,Away
2023-03-15,Cleveland Cavaliers,Philadelphia 76ers,109,118,0.471,0.52,0.341,0.472,0.682,0.852,33,46,20,24,10,18,2022-23,Away
2023-03-15,Miami Heat,Memphis Grizzlies,138,119,0.598,0.505,0.448,0.391,0.818,0.643,41,39,33,29,13,16,2022-23,Home
2023-03-15,Chicago Bulls,Sacramento Kings,114,117,0.392,0.487,0.381,0.429,0.88,0.793,48,45,28,26,14,19,2022-23,Away
2023-03-16,Phoenix Suns,Orlando Magic,116,113,0.478,0.5,0.371,0.286,1.0,0.826,35,47,26,25,14,17,2022-23,Home
2023-03-16,Milwaukee Bucks,Indiana Pacers,123,139,0.528,0.557,0.344,0.478,0.692,0.6,44,42,26,36,12,8,2022-23,Away
2023-03-16,Detroit Pistons,Denver Nuggets,100,119,0.459,0.528,0.444,0.333,0.556,0.68,37,47,24,29,17,9,2022-23,Away
2023-03-16,Toronto Raptors,Oklahoma City Thunder,128,111,0.485,0.426,0.438,0.419,0.714,0.9,59,39,29,18,10,13,2022-23,Home
2023-03-16,Brooklyn Nets,Sacramento Kings,96,101,0.413,0.39,0.359,0.317,0.696,0.75,41,57,20,22,6,12,2022-23,Away
2023-03-17,San Antonio Spurs,Memphis Grizzlies,120,126,0.398,0.485,0.385,0.368,0.759,0.667,54,52,31,27,19,17,2022-23,Away
2023-03-17,Chicago Bulls,Minnesota Timberwolves,139,131,0.543,0.46,0.458,0.429,0.867,0.677,47,50,23,33,11,15,2022-23,Home
2023-03-17,Los Angeles Lakers,Dallas Mavericks,110,111,0.512,0.506,0.25,0.471,0.613,0.789,42,35,23,27,12,13,2022-23,Away
2023-03-17,Houston Rockets,New Orleans Pelicans,114,112,0.489,0.476,0.344,0.429,0.708,0.88,52,35,20,22,12,9,2022-23,Home
2023-03-17,Portland Trail Blazers,Boston Celtics,112,126,0.481,0.471,0.368,0.357,0.71,0.829,37,52,20,29,18,16,2022-23,Away
2023-03-17,Atlanta Hawks,Golden State Warriors,127,119,0.47,0.48,0.39,0.275,0.68,0.7,45,54,27,28,10,17,2022-23,Home
2023-03-17,Cleveland Cavaliers,Washington Wizards,117,94,0.552,0.461,0.211,0.348,0.773,0.8,41,38,31,22,10,16,2022-23,Home
2023-03-17,Charlotte Hornets,Philadelphia 76ers,82,121,0.337,0.5,0.143,0.313,0.731,0.76,35,62,20,24,13,13,2022-23,Away
2023-03-18,New York Knicks,Denver Nuggets,116,110,0.494,0.512,0.281,0.364,0.893,0.8,43,33,23,30,12,13,2022-23,Home
2023-03-18,Indiana Pacers,Philadelphia 76ers,121,141,0.517,0.614,0.387,0.429,0.95,0.818,41,30,28,31,14,7,2022-23,Away
2023-03-18,Toronto Raptors,Minnesota Timberwolves,122,107,0.533,0.459,0.333,0.217,0.81,0.857,45,42,23,27,15,14,2022-23,Home
2023-03-18,Chicago Bulls,Miami Heat,113,99,0.563,0.427,0.5,0.27,1.0,0.792,32,39,34,23,10,13,2022-23,Home
2023-03-18,Washington Wizards,Sacramento Kings,118,132,0.451,0.558,0.361,0.595,0.852,0.609,46,44,27,34,9,8,2022-23,Away
2023-03-18,LA Clippers,Orlando Magic,108,113,0.467,0.5,0.273,0.323,0.75,0.76,43,45,23,23,15,17,2022-23,Away
2023-03-18,Memphis Grizzlies,Golden State Warriors,133,119,0.547,0.429,0.474,0.371,0.647,0.824,39,42,35,27,6,13,2022-23,Home
2023-03-18,Utah Jazz,Boston Celtics,118,117,0.433,0.477,0.415,0.431,0.773,0.688,56,40,29,30,7,6,2022-23,Home
2023-03-19,Portland Trail Blazers,LA Clippers,102,117,0.451,0.457,0.207,0.429,0.917,0.826,40,49,24,26,13,9,2022-23,Away
2023-03-19,Houston Rockets,New Orleans Pelicans,107,117,0.408,0.494,0.273,0.419,0.947,0.833,36,39,15,28,12,10,2022-23,Away
2023-03-19,Milwaukee Bucks,Toronto Raptors,118,111,0.524,0.444,0.356,0.412,0.762,0.75,45,41,35,25,12,7,2022-23,Home
2023-03-19,Los Angeles Lakers,Orlando Magic,111,105,0.462,0.402,0.406,0.263,0.813,0.765,52,44,25,24,15,8,2022-23,Home
2023-03-19,San Antonio Spurs,Atlanta Hawks,126,118,0.543,0.475,0.5,0.227,0.625,0.85,41,51,26,21,12,12,2022-23,Home
2023-03-19,Oklahoma City Thunder,Phoenix Suns,124,120,0.5,0.478,0.393,0.417,0.806,0.708,44,40,20,31,15,14,2022-23,Home
2023-03-19,Detroit Pistons,Miami Heat,100,112,0.463,0.481,0.313,0.333,0.824,0.92,39,42,26,33,11,10,2022-23,Away
2023-03-19,Brooklyn Nets,Denver Nuggets,102,108,0.463,0.525,0.343,0.522,0.875,0.923,33,40,26,31,11,16,2022-23,Away
2023-03-20,Utah Jazz,Sacramento Kings,128,120,0.523,0.423,0.444,0.365,0.87,0.76,48,43,33,28,12,6,2022-23,Home
2023-03-20,Memphis Grizzlies,Dallas Mavericks,112,108,0.461,0.464,0.286,0.306,0.769,0.95,50,37,21,22,11,12,2022-23,Home
2023-03-20,Houston Rockets,Golden State Warriors,108,121,0.419,0.5,0.278,0.354,0.833,0.842,41,48,14,31,17,18,2022-23,Away
2023-03-20,New York Knicks,Minnesota Timberwolves,134,140,0.565,0.614,0.5,0.583,0.857,0.75,34,34,26,34,16,15,2022-23,Away
2023-03-20,Philadelphia 76ers,Chicago Bulls,105,109,0.422,0.415,0.278,0.212,0.864,0.828,54,42,28,20,19,10,2022-23,Away
2023-03-20,Charlotte Hornets,Indiana Pacers,115,109,0.456,0.451,0.323,0.346,0.719,0.765,37,48,26,27,11,21,2022-23,Home
2023-03-21,LA Clippers,Oklahoma City Thunder,100,101,0.477,0.419,0.194,0.27,0.571,0.929,46,47,21,19,13,11,2022-23,Away
2023-03-21,Orlando Magic,Washington Wizards,122,112,0.538,0.506,0.444,0.313,0.96,0.783,42,33,27,30,15,14,2022-23,Home
2023-03-21,Brooklyn Nets,Cleveland Cavaliers,109,115,0.446,0.506,0.273,0.483,0.783,0.81,49,34,25,23,16,14,2022-23,Away
2023-03-21,New Orleans Pelicans,San Antonio Spurs,119,84,0.556,0.345,0.417,0.317,0.826,0.579,49,37,31,22,16,14,2022-23,Home
2023-03-21,Sacramento Kings,Boston Celtics,109,132,0.481,0.533,0.386,0.409,0.667,0.696,42,43,25,33,14,5,2022-23,Away
2023-03-21,Atlanta Hawks,Detroit Pistons,129,107,0.463,0.407,0.368,0.325,0.75,0.833,61,35,26,20,9,9,2022-23,Home
2023-03-22,Chicago Bulls,Philadelphia 76ers,91,116,0.41,0.476,0.24,0.432,0.773,0.846,42,44,18,30,19,15,2022-23,Away
2023-03-22,Miami Heat,New York Knicks,127,120,0.57,0.512,0.571,0.4,0.808,0.8,29,42,28,29,10,16,2022-23,Home
2023-03-22,Minnesota Timberwolves,Atlanta Hawks,125,124,0.489,0.529,0.423,0.462,0.828,0.88,42,41,27,28,11,16,2022-23,Home
2023-03-22,Toronto Raptors,Indiana Pacers,114,118,0.438,0.558,0.206,0.524,0.744,0.84,40,39,21,27,10,18,2022-23,Away
2023-03-22,Milwaukee Bucks,San Antonio Spurs,130,94,0.52,0.387,0.349,0.231,0.542,0.65,54,46,24,26,15,19,2022-23,Home
2023-03-22,Los Angeles Lakers,Phoenix Suns,122,111,0.557,0.467,0.471,0.387,0.783,0.75,36,39,27,23,13,17,2022-23,Home
2023-03-22,Dallas Mavericks,Golden State Warriors,125,127,0.494,0.556,0.425,0.308,0.714,0.833,31,44,27,33,10,13,2022-23,Away
2023-03-22,Utah Jazz,Portland Trail Blazers,115,127,0.476,0.484,0.314,0.317,0.722,0.8,47,43,24,28,17,8,2022-23,Away
2023-03-22,Washington Wizards,Denver Nuggets,104,118,0.506,0.506,0.154,0.469,0.75,0.905,37,41,20,28,7,10,2022-23,Away
2023-03-22,Memphis Grizzlies,Houston Rockets,130,125,0.517,0.516,0.333,0.364,0.848,0.739,36,48,27,27,10,16,2022-23,Home
2023-03-23,Orlando Magic,New York Knicks,111,106,0.46,0.42,0.406,0.3,0.857,0.769,43,44,25,26,14,13,2022-23,Home
2023-03-23,LA Clippers,Oklahoma City Thunder,127,105,0.56,0.441,0.486,0.333,0.75,0.909,42,40,34,24,13,14,2022-23,Home
2023-03-23,New Orleans Pelicans,Charlotte Hornets,115,96,0.459,0.458,0.324,0.243,0.933,0.688,52,38,26,24,11,17,2022-23,Home
2023-03-23,Brooklyn Nets,Cleveland Cavaliers,114,116,0.481,0.472,0.353,0.375,0.889,0.769,42,40,24,24,15,9,2022-23,Away
2023-03-24,Memphis Grizzlies,Houston Rockets,151,114,0.613,0.54,0.595,0.304,0.857,0.619,35,38,36,25,10,15,2022-23,Home
2023-03-24,Los Angeles Lakers,Oklahoma City Thunder,116,111,0.462,0.435,0.353,0.389,0.714,0.895,53,45,20,21,11,10,2022-23,Home
2023-03-24,Portland Trail Blazers,Chicago Bulls,96,124,0.43,0.571,0.194,0.607,0.889,0.786,31,47,23,33,12,16,2022-23,Away
2023-03-24,Washington Wizards,San Antonio Spurs,136,124,0.6,0.505,0.5,0.342,0.731,0.6,43,41,29,35,7,5,2022-23,Home
2023-03-24,Sacramento Kings,Phoenix Suns,135,127,0.528,0.539,0.333,0.31,0.875,0.759,33,43,29,33,4,12,2022-23,Home
2023-03-24,Boston Celtics,Indiana Pacers,120,95,0.473,0.464,0.429,0.154,0.737,0.591,49,44,28,24,14,17,2022-23,Home
2023-03-24,Toronto Raptors,Detroit Pistons,118,97,0.446,0.466,0.351,0.24,0.793,0.767,46,39,25,23,11,22,2022-23,Home
2023-03-24,Utah Jazz,Milwaukee Bucks,116,144,0.385,0.556,0.275,0.44,0.735,0.75,51,50,28,42,11,12,2022-23,Away
2023-03-24,Dallas Mavericks,Charlotte Hornets,109,117,0.488,0.483,0.25,0.393,0.75,0.741,45,43,25,32,10,8,2022-23,Away
2023-03-24,Golden State Warriors,Philadelphia 76ers,120,112,0.477,0.487,0.36,0.276,0.75,0.824,49,38,27,23,11,10,2022-23,Home
2023-03-25,LA Clippers,New Orleans Pelicans,110,131,0.52,0.531,0.455,0.618,0.81,0.889,31,45,29,36,19,15,2022-23,Away
2023-03-25,Atlanta Hawks,Indiana Pacers,143,130,0.552,0.542,0.5,0.378,0.88,1.0,42,32,33,33,11,17,2022-23,Home
2023-03-25,Denver Nuggets,Milwaukee Bucks,129,106,0.528,0.443,0.417,0.25,0.714,0.905,48,40,28,26,10,10,2022-23,Home
2023-03-25,Sacramento Kings,Utah Jazz,121,113,0.463,0.516,0.372,0.321,0.81,0.625,42,45,30,30,8,16,2022-23,Home
2023-03-25,Phoenix Suns,Philadelphia 76ers,125,105,0.505,0.436,0.469,0.419,0.842,0.889,45,36,35,21,7,12,2022-23,Home
2023-03-25,Miami Heat,Brooklyn Nets,100,129,0.475,0.494,0.4,0.45,0.857,0.92,32,45,22,30,12,6,2022-23,Away
2023-03-26,Portland Trail Blazers,Oklahoma City Thunder,112,118,0.476,0.436,0.438,0.343,0.741,0.857,37,42,18,23,18,11,2022-23,Away
2023-03-26,Atlanta Hawks,Memphis Grizzlies,119,123,0.459,0.539,0.226,0.394,0.846,0.737,48,39,27,28,10,11,2022-23,Away
2023-03-26,Los Angeles Lakers,Chicago Bulls,108,118,0.507,0.54,0.361,0.452,0.679,0.769,38,42,24,32,18,9,2022-23,Away
2023-03-26,Toronto Raptors,Washington Wizards,114,104,0.459,0.442,0.355,0.444,0.813,0.6,53,45,22,25,11,16,2022-23,Home
2023-03-26,Cleveland Cavaliers,Houston Rockets,108,91,0.47,0.438,0.3,0.24,0.875,0.833,41,36,20,20,9,16,2022-23,Home
2023-03-26,Charlotte Hornets,Dallas Mavericks,110,104,0.443,0.381,0.414,0.388,0.833,0.955,58,37,27,18,14,8,2022-23,Home
2023-03-26,Orlando Magic,Brooklyn Nets,119,106,0.529,0.407,0.318,0.229,0.786,0.857,47,44,30,17,11,15,2022-23,Home
2023-03-26,Boston Celtics,San Antonio Spurs,137,93,0.571,0.371,0.409,0.222,0.714,0.722,61,38,29,22,14,10,2022-23,Home
2023-03-26,Golden State Warriors,Minnesota Timberwolves,96,99,0.415,0.425,0.375,0.425,0.765,0.56,37,49,25,25,16,17,2022-23,Away
2023-03-27,Indiana Pacers,Dallas Mavericks,104,127,0.419,0.566,0.286,0.486,0.783,0.882,43,33,20,29,13,13,2022-23,Away
2023-03-27,LA Clippers,Chicago Bulls,124,112,0.593,0.537,0.5,0.391,0.5,0.714,37,34,41,26,15,14,2022-23,Home
2023-03-27,Sacramento Kings,Minnesota Timberwolves,115,119,0.464,0.512,0.185,0.375,0.8,0.647,42,40,16,33,10,6,2022-23,Away
2023-03-27,Denver Nuggets,Philadelphia 76ers,116,111,0.506,0.483,0.344,0.267,0.864,0.773,42,40,34,18,12,11,2022-23,Home
2023-03-27,Detroit Pistons,Milwaukee Bucks,117,126,0.446,0.474,0.292,0.311,0.778,0.846,47,50,22,28,10,8,2022-23,Away
2023-03-27,Utah Jazz,Phoenix Suns,103,117,0.442,0.426,0.25,0.306,0.667,0.909,47,49,25,31,13,6,2022-23,Away
2023-03-27,New York Knicks,Houston Rockets,137,115,0.581,0.483,0.436,0.269,0.714,0.828,39,40,35,24,10,14,2022-23,Home
2023-03-27,Portland Trail Blazers,New Orleans Pelicans,90,124,0.389,0.57,0.212,0.429,0.867,0.824,29,53,15,31,12,16,2022-23,Away
2023-03-28,Oklahoma City Thunder,Charlotte Hornets,134,137,0.521,0.553,0.367,0.4,0.793,0.633,39,52,25,34,11,18,2022-23,Away
2023-03-28,Atlanta Hawks,Cleveland Cavaliers,120,118,0.461,0.505,0.444,0.36,0.788,0.682,51,40,25,20,12,8,2022-23,Home
2023-03-28,Washington Wizards,Boston Celtics,130,111,0.545,0.484,0.351,0.25,0.692,0.909,43,38,33,29,9,12,2022-23,Home
2023-03-28,Memphis Grizzlies,Orlando Magic,113,108,0.477,0.41,0.353,0.286,0.739,0.8,49,47,26,24,16,16,2022-23,Home
2023-03-28,Golden State Warriors,New Orleans Pelicans,120,109,0.524,0.467,0.45,0.444,0.727,0.929,41,41,32,30,18,17,2022-23,Home
2023-03-28,Toronto Raptors,Miami Heat,106,92,0.484,0.4,0.222,0.303,0.889,0.947,47,43,32,18,9,15,2022-23,Home
2023-03-29,Phoenix Suns,Minnesota Timberwolves,107,100,0.417,0.444,0.3,0.343,0.778,0.667,48,54,23,24,8,21,2022-23,Home
2023-03-29,Brooklyn Nets,Houston Rockets,123,114,0.537,0.469,0.486,0.3,0.667,0.619,41,52,33,21,12,10,2022-23,Home
2023-03-29,New York Knicks,Miami Heat,101,92,0.5,0.443,0.419,0.333,0.522,0.643,47,35,22,20,15,11,2022-23,Home
2023-03-29,Memphis Grizzlies,LA Clippers,132,141,0.516,0.615,0.344,0.595,0.821,0.742,45,32,26,28,13,15,2022-23,Away
2023-03-29,Indiana Pacers,Milwaukee Bucks,136,149,0.525,0.624,0.467,0.4,0.727,0.767,29,52,36,28,8,18,2022-23,Away
2023-03-29,Portland Trail Blazers,Sacramento Kings,80,120,0.323,0.457,0.231,0.375,0.917,0.75,45,59,18,30,14,8,2022-23,Away
2023-03-29,San Antonio Spurs,Utah Jazz,117,128,0.474,0.544,0.286,0.387,0.81,0.9,39,45,31,28,15,16,2022-23,Away
2023-03-29,Oklahoma City Thunder,Detroit Pistons,107,106,0.448,0.5,0.345,0.485,0.76,0.714,38,42,19,27,9,17,2022-23,Home
2023-03-29,Chicago Bulls,Los Angeles Lakers,110,121,0.511,0.523,0.273,0.35,0.846,0.8,32,45,31,22,14,15,2022-23,Away
2023-03-29,Philadelphia 76ers,Dallas Mavericks,116,108,0.463,0.458,0.472,0.391,0.833,0.778,43,40,26,24,10,14,2022-23,Home
2023-03-30,Milwaukee Bucks,Boston Celtics,99,140,0.376,0.56,0.326,0.512,0.692,0.8,45,47,22,28,13,8,2022-23,Away
2023-03-30,Denver Nuggets,New Orleans Pelicans,88,107,0.4,0.475,0.143,0.481,0.625,0.818,40,46,21,22,9,10,2022-23,Away
2023-03-31,Boston Celtics,Utah Jazz,122,114,0.438,0.479,0.333,0.31,0.955,0.929,42,52,27,23,11,18,2022-23,Home
2023-03-31,Indiana Pacers,Oklahoma City Thunder,121,117,0.459,0.477,0.293,0.133,0.679,0.853,56,45,30,21,15,10,2022-23,Home
2023-03-31,Memphis Grizzlies,LA Clippers,108,94,0.448,0.378,0.273,0.314,0.765,0.833,51,50,25,26,14,17,2022-23,Home
2023-03-31,Portland Trail Blazers,Sacramento Kings,114,138,0.471,0.614,0.5,0.487,0.652,0.733,33,41,29,38,18,13,2022-23,Away
2023-03-31,Charlotte Hornets,Chicago Bulls,91,121,0.455,0.511,0.378,0.419,0.7,0.818,36,42,27,25,21,7,2022-23,Away
2023-03-31,Washington Wizards,Orlando Magic,109,116,0.39,0.5,0.34,0.333,0.833,0.769,51,48,24,26,12,10,2022-23,Away
2023-03-31,Golden State Warriors,San Antonio Spurs,130,115,0.505,0.462,0.429,0.395,0.714,0.696,45,46,37,27,14,13,2022-23,Home
2023-03-31,Phoenix Suns,Denver Nuggets,100,93,0.42,0.4,0.37,0.231,0.762,0.55,51,51,28,19,16,11,2022-23,Home
2023-03-31,Brooklyn Nets,Atlanta Hawks,124,107,0.557,0.429,0.455,0.216,0.846,0.913,41,46,33,23,12,11,2022-23,Home
2023-03-31,Houston Rockets,Detroit Pistons,121,115,0.458,0.483,0.355,0.314,0.756,0.667,46,40,18,24,12,12,2022-23,Home
2023-03-31,Cleveland Cavaliers,New York Knicks,116,130,0.512,0.527,0.459,0.472,0.846,0.625,33,48,33,24,10,7,2022-23,Away
2023-03-31,Philadelphia 76ers,Toronto Raptors,117,110,0.562,0.5,0.387,0.308,0.92,0.783,37,34,28,26,16,13,2022-23,Home
2023-03-31,Minnesota Timberwolves,Los Angeles Lakers,111,123,0.432,0.5,0.333,0.409,0.842,0.8,39,53,25,28,16,16,2022-23,Away
2023-04-01,Miami Heat,Dallas Mavericks,129,122,0.523,0.61,0.351,0.412,0.897,0.875,36,31,27,32,8,14,2022-23,Home
2023-04-01,New Orleans Pelicans,LA Clippers,122,114,0.488,0.494,0.412,0.379,0.886,0.826,40,37,21,25,7,13,2022-23,Home
2023-04-02,Brooklyn Nets,Utah Jazz,111,110,0.442,0.44,0.281,0.25,0.765,0.733,40,52,25,24,8,11,2022-23,Home
2023-04-02,Atlanta Hawks,Dallas Mavericks,132,130,0.472,0.516,0.343,0.263,0.818,0.688,53,47,28,24,9,14,2022-23,Home
2023-04-02,Sacramento Kings,San Antonio Spurs,134,142,0.476,0.531,0.25,0.382,0.781,0.862,43,52,24,31,15,17,2022-23,Away
2023-04-02,Houston Rockets,Los Angeles Lakers,109,134,0.431,0.559,0.382,0.3,0.8,0.75,44,51,23,36,8,5,2022-23,Away
2023-04-02,Charlotte Hornets,Toronto Raptors,108,128,0.494,0.538,0.484,0.286,0.692,1.0,37,45,26,38,17,7,2022-23,Away
2023-04-02,New York Knicks,Washington Wizards,118,109,0.523,0.494,0.406,0.432,0.722,0.833,39,38,31,26,11,18,2022-23,Home
2023-04-02,Chicago Bulls,Memphis Grizzlies,128,107,0.532,0.464,0.29,0.442,0.864,0.833,36,47,29,29,1,18,2022-23,Home
2023-04-02,Milwaukee Bucks,Philadelphia 76ers,117,104,0.575,0.46,0.357,0.333,0.714,0.923,42,36,28,19,9,11,2022-23,Home
2023-04-02,Minnesota Timberwolves,Portland Trail Blazers,105,107,0.481,0.462,0.423,0.3,0.783,0.6,47,42,29,29,18,10,2022-23,Away
2023-04-02,Oklahoma City Thunder,Phoenix Suns,118,128,0.409,0.568,0.344,0.382,0.854,0.821,41,38,21,31,8,13,2022-23,Away
2023-04-02,Denver Nuggets,Golden State Warriors,112,110,0.44,0.4,0.273,0.214,0.833,1.0,47,57,24,26,11,15,2022-23,Home
2023-04-02,Cleveland Cavaliers,Indiana Pacers,115,105,0.489,0.434,0.375,0.375,0.692,0.828,43,44,23,21,10,15,2022-23,Home
2023-04-02,Orlando Magic,Detroit Pistons,128,102,0.573,0.41,0.515,0.273,0.625,0.806,41,38,30,22,14,16,2022-23,Home
2023-04-04,Philadelphia 76ers,Boston Celtics,103,101,0.5,0.418,0.379,0.333,0.875,0.625,37,43,21,28,10,8,2022-23,Home
2023-04-04,Charlotte Hornets,Toronto Raptors,100,120,0.468,0.477,0.387,0.455,0.842,0.75,42,41,27,27,17,6,2022-23,Away
2023-04-04,Houston Rockets,Denver Nuggets,124,103,0.461,0.471,0.387,0.306,0.75,0.556,55,47,23,26,13,20,2022-23,Home
2023-04-04,New Orleans Pelicans,Sacramento Kings,103,121,0.44,0.505,0.35,0.405,0.815,0.8,37,43,20,35,13,11,2022-23,Away
2023-04-04,Orlando Magic,Cleveland Cavaliers,113,117,0.506,0.5,0.435,0.484,0.765,0.9,47,30,25,23,13,8,2022-23,Away
2023-04-04,Chicago Bulls,Atlanta Hawks,105,123,0.461,0.558,0.226,0.357,0.8,0.895,32,48,16,26,8,16,2022-23,Away
2023-04-04,Utah Jazz,Los Angeles Lakers,133,135,0.522,0.5,0.455,0.353,0.774,0.771,41,44,29,27,12,11,2022-23,Away
2023-04-04,Brooklyn Nets,Minnesota Timberwolves,102,107,0.433,0.482,0.371,0.333,0.786,0.773,40,44,21,21,9,8,2022-23,Away
2023-04-04,Golden State Warriors,Oklahoma City Thunder,136,125,0.495,0.473,0.426,0.344,0.733,0.743,54,38,25,23,13,10,2022-23,Home
2023-04-04,Memphis Grizzlies,Portland Trail Blazers,119,109,0.483,0.433,0.375,0.333,0.773,0.647,49,49,30,23,11,8,2022-23,Home
2023-04-04,Phoenix Suns,San Antonio Spurs,115,94,0.483,0.389,0.303,0.325,0.731,0.786,57,38,25,25,13,12,2022-23,Home
2023-04-04,Washington Wizards,Milwaukee Bucks,128,140,0.505,0.543,0.481,0.548,0.714,0.586,42,56,30,33,9,18,2022-23,Away
2023-04-04,Detroit Pistons,Miami Heat,105,118,0.493,0.513,0.393,0.361,0.815,0.885,35,33,21,26,14,7,2022-23,Away
2023-04-05,Atlanta Hawks,Washington Wizards,134,116,0.512,0.479,0.433,0.214,0.875,0.769,48,39,30,23,16,14,2022-23,Home
2023-04-05,New Orleans Pelicans,Memphis Grizzlies,138,131,0.5,0.481,0.538,0.333,0.744,0.76,44,49,35,33,16,13,2022-23,Home
2023-04-05,LA Clippers,Los Angeles Lakers,125,118,0.524,0.506,0.444,0.414,0.852,0.667,38,44,23,27,12,14,2022-23,Home
2023-04-05,Detroit Pistons,Brooklyn Nets,108,123,0.488,0.523,0.464,0.395,0.929,0.696,34,38,27,36,14,11,2022-23,Away
2023-04-05,Dallas Mavericks,Sacramento Kings,123,119,0.494,0.434,0.455,0.324,0.833,0.789,39,57,24,31,10,9,2022-23,Home
2023-04-05,Boston Celtics,Toronto Raptors,97,93,0.427,0.411,0.289,0.182,0.556,0.765,48,50,20,20,15,11,2022-23,Home
2023-04-05,Milwaukee Bucks,Chicago Bulls,105,92,0.424,0.434,0.391,0.333,0.818,0.818,53,38,26,28,12,15,2022-23,Home
2023-04-05,Indiana Pacers,New York Knicks,129,138,0.517,0.52,0.5,0.391,0.8,0.64,37,52,33,34,17,14,2022-23,Away
2023-04-06,Orlando Magic,Cleveland Cavaliers,94,118,0.398,0.523,0.333,0.474,0.789,0.889,39,42,21,31,21,16,2022-23,Away
2023-04-06,San Antonio Spurs,Portland Trail Blazers,129,127,0.443,0.531,0.286,0.357,0.893,0.833,47,36,29,34,14,15,2022-23,Home
2023-04-06,Phoenix Suns,Denver Nuggets,119,115,0.519,0.53,0.472,0.348,0.8,0.826,33,38,26,24,10,12,2022-23,Home
2023-04-06,Utah Jazz,Oklahoma City Thunder,98,114,0.494,0.402,0.161,0.333,0.688,0.808,45,50,24,29,19,12,2022-23,Away
2023-04-06,Philadelphia 76ers,Miami Heat,101,129,0.513,0.557,0.278,0.462,0.867,0.867,32,42,23,39,15,10,2022-23,Away
2023-04-07,Boston Celtics,Toronto Raptors,121,102,0.556,0.43,0.341,0.29,0.762,0.765,53,35,37,21,19,7,2022-23,Home
2023-04-07,Washington Wizards,Miami Heat,114,108,0.464,0.439,0.212,0.319,0.784,0.583,50,47,23,26,16,16,2022-23,Home
2023-04-07,Indiana Pacers,Detroit Pistons,115,122,0.494,0.489,0.355,0.419,0.786,0.808,42,42,29,24,19,13,2022-23,Away
2023-04-07,Los Angeles Lakers,Phoenix Suns,121,107,0.489,0.413,0.5,0.25,0.765,0.857,54,47,25,23,15,9,2022-23,Home
2023-04-07,Milwaukee Bucks,Memphis Grizzlies,114,137,0.457,0.57,0.429,0.476,0.818,0.733,38,44,30,39,17,12,2022-23,Away
2023-04-07,Dallas Mavericks,Chicago Bulls,112,115,0.452,0.523,0.327,0.355,0.769,0.667,43,50,23,24,9,12,2022-23,Away
2023-04-07,Charlotte Hornets,Houston Rockets,109,112,0.432,0.472,0.317,0.333,0.741,0.75,41,48,22,21,17,18,2022-23,Away
2023-04-07,Sacramento Kings,Golden State Warriors,97,119,0.388,0.526,0.282,0.444,0.556,0.875,40,47,24,36,12,24,2022-23,Away
2023-04-07,Brooklyn Nets,Orlando Magic,101,84,0.393,0.356,0.214,0.184,0.88,0.882,45,57,27,17,9,21,2022-23,Home
2023-04-07,Atlanta Hawks,Philadelphia 76ers,131,136,0.554,0.5,0.303,0.5,0.679,0.793,38,52,32,33,20,20,2022-23,Away
2023-04-07,New Orleans Pelicans,New York Knicks,113,105,0.532,0.432,0.357,0.326,0.95,0.75,43,37,27,19,12,9,2022-23,Home
2023-04-08,San Antonio Spurs,Minnesota Timberwolves,131,151,0.526,0.554,0.448,0.558,0.75,0.714,45,45,34,42,13,7,2022-23,Away
2023-04-08,LA Clippers,Portland Trail Blazers,136,125,0.527,0.528,0.343,0.438,0.867,0.739,51,34,30,32,12,10,2022-23,Home
2023-04-08,Utah Jazz,Denver Nuggets,118,114,0.44,0.456,0.314,0.326,0.826,0.708,59,41,30,32,16,14,2022-23,Home
2023-04-09,Denver Nuggets,Sacramento Kings,109,95,0.5,0.435,0.25,0.256,0.72,0.667,51,34,25,24,16,15,2022-23,Home
2023-04-09,Miami Heat,Orlando Magic,123,110,0.542,0.422,0.409,0.362,0.75,0.708,44,43,30,29,18,14,2022-23,Home
2023-04-09,New York Knicks,Indiana Pacers,136,141,0.481,0.517,0.375,0.559,0.773,0.789,53,44,29,33,15,15,2022-23,Away
2023-04-09,Portland Trail Blazers,Golden State Warriors,101,157,0.4,0.604,0.257,0.551,0.667,0.875,30,58,25,47,14,15,2022-23,Away
2023-04-09,Chicago Bulls,Detroit Pistons,103,81,0.421,0.365,0.2,0.273,0.773,0.769,48,59,21,20,3,24,2022-23,Home
2023-04-09,Phoenix Suns,LA Clippers,114,119,0.424,0.49,0.378,0.217,0.727,0.667,47,53,29,22,7,10,2022-23,Away
2023-04-09,Dallas Mavericks,San Antonio Spurs,117,138,0.426,0.49,0.321,0.395,0.5,0.7,46,69,28,31,2,12,2022-23,Away
2023-04-09,Washington Wizards,Houston Rockets,109,114,0.423,0.489,0.311,0.286,0.619,0.714,51,51,28,24,12,15,2022-23,Away
2023-04-09,Toronto Raptors,Milwaukee Bucks,121,105,0.505,0.463,0.333,0.353,0.875,0.81,45,38,29,28,9,14,2022-23,Home
2023-04-09,Los Angeles Lakers,Utah Jazz,128,117,0.485,0.505,0.4,0.286,0.762,0.833,49,45,28,31,10,11,2022-23,Home
2023-04-09,Brooklyn Nets,Philadelphia 76ers,105,134,0.422,0.525,0.375,0.438,0.821,0.737,42,50,22,31,18,13,2022-23,Away
2023-04-09,Minnesota Timberwolves,New Orleans Pelicans,113,108,0.476,0.444,0.361,0.143,0.71,0.862,42,49,25,18,17,15,2022-23,Home
2023-04-09,Oklahoma City Thunder,Memphis Grizzlies,115,100,0.5,0.435,0.333,0.189,0.813,0.722,49,43,30,25,14,12,2022-23,Home
2023-04-09,Boston Celtics,Atlanta Hawks,120,114,0.472,0.454,0.463,0.282,0.786,0.789,47,50,33,27,15,9,2022-23,Home
2023-04-09,Cleveland Cavaliers,Charlotte Hornets,95,106,0.393,0.457,0.27,0.188,0.938,0.867,44,49,27,23,16,18,2022-23,Away
2023-10-24,Golden State Warriors,Phoenix Suns,104,108,0.356,0.442,0.233,0.333,0.786,0.765,49,60,19,23,11,19,2023-24,Away
2023-10-24,Denver Nuggets,Los Angeles Lakers,119,107,0.527,0.456,0.412,0.345,0.75,0.75,42,44,29,23,11,11,2023-24,Home
2023-10-25,Memphis Grizzlies,New Orleans Pelicans,104,111,0.418,0.471,0.279,0.438,0.8,0.773,37,52,23,22,13,21,2023-24,Away
2023-10-25,Miami Heat,Detroit Pistons,103,102,0.402,0.446,0.364,0.344,0.808,0.6,48,56,22,28,7,16,2023-24,Home
2023-10-25,Utah Jazz,Sacramento Kings,114,130,0.451,0.461,0.321,0.373,0.742,0.85,54,45,22,29,14,11,2023-24,Away
2023-10-25,Toronto Raptors,Minnesota Timberwolves,97,94,0.4,0.34,0.4,0.258,0.688,0.818,47,62,27,20,14,14,2023-24,Home
2023-10-25,Indiana Pacers,Washington Wizards,143,120,0.523,0.458,0.465,0.375,0.917,0.793,51,45,38,28,12,14,2023-24,Home
2023-10-25,San Antonio Spurs,Dallas Mavericks,119,126,0.517,0.475,0.314,0.319,0.727,0.739,45,48,33,24,19,12,2023-24,Away
2023-10-25,Brooklyn Nets,Cleveland Cavaliers,113,114,0.5,0.468,0.333,0.395,0.769,0.9,50,38,30,25,17,10,2023-24,Away
2023-10-25,New York Knicks,Boston Celtics,104,108,0.371,0.481,0.439,0.308,0.538,0.846,47,46,24,18,9,13,2023-24,Away
2023-10-25,Chicago Bulls,Oklahoma City Thunder,104,124,0.415,0.549,0.286,0.487,0.778,0.833,42,43,26,30,12,15,2023-24,Away
2023-10-25,LA Clippers,Portland Trail Blazers,123,111,0.522,0.473,0.471,0.313,0.813,0.765,45,40,36,20,17,17,2023-24,Home
2023-10-25,Orlando Magic,Houston Rockets,116,86,0.483,0.405,0.265,0.353,0.885,0.625,57,31,19,19,14,18,2023-24,Home
2023-10-25,Charlotte Hornets,Atlanta Hawks,116,110,0.5,0.419,0.297,0.172,0.731,0.818,51,42,34,24,19,12,2023-24,Home
2023-10-26,Los Angeles Lakers,Phoenix Suns,100,95,0.429,0.42,0.172,0.29,0.793,0.783,42,49,24,16,16,20,2023-24,Home
2023-10-26,Milwaukee Bucks,Philadelphia 76ers,118,117,0.506,0.513,0.367,0.457,0.694,0.679,43,39,20,25,14,15,2023-24,Home
2023-10-27,Memphis Grizzlies,Denver Nuggets,104,108,0.435,0.466,0.303,0.378,0.833,0.667,48,40,22,27,20,17,2023-24,Away
2023-10-27,Chicago Bulls,Toronto Raptors,104,103,0.374,0.464,0.205,0.25,0.786,0.64,52,53,18,25,16,21,2023-24,Home
2023-10-27,Utah Jazz,LA Clippers,120,118,0.438,0.532,0.39,0.4,0.909,0.786,45,36,27,17,14,14,2023-24,Home
2023-10-27,Portland Trail Blazers,Orlando Magic,97,102,0.398,0.456,0.281,0.321,0.857,0.656,47,45,15,22,16,14,2023-24,Away
2023-10-27,Boston Celtics,Miami Heat,119,111,0.474,0.427,0.41,0.485,0.684,0.826,55,45,20,24,15,12,2023-24,Home
2023-10-27,Atlanta Hawks,New York Knicks,120,126,0.483,0.478,0.375,0.455,0.8,0.714,44,45,28,30,14,16,2023-24,Away
2023-10-27,Cleveland Cavaliers,Oklahoma City Thunder,105,108,0.413,0.46,0.267,0.5,0.739,0.789,48,47,20,22,13,18,2023-24,Away
2023-10-27,San Antonio Spurs,Houston Rockets,126,122,0.489,0.52,0.31,0.25,0.75,0.5,43,43,32,30,18,18,2023-24,Home
2023-10-27,Sacramento Kings,Golden State Warriors,114,122,0.436,0.552,0.3,0.438,0.69,0.857,41,39,24,32,14,19,2023-24,Away
2023-10-27,Charlotte Hornets,Detroit Pistons,99,111,0.375,0.455,0.25,0.333,0.765,0.84,41,53,20,28,18,23,2023-24,Away
2023-10-27,Dallas Mavericks,Brooklyn Nets,125,120,0.484,0.489,0.417,0.488,0.786,0.9,40,47,20,30,9,15,2023-24,Home
2023-10-28,Detroit Pistons,Chicago Bulls,118,102,0.523,0.419,0.429,0.393,0.8,0.813,53,33,29,16,15,8,2023-24,Home
2023-10-28,Minnesota Timberwolves,Miami Heat,106,90,0.512,0.402,0.353,0.316,0.75,0.571,47,42,30,24,14,14,2023-24,Home
2023-10-28,Phoenix Suns,Utah Jazz,126,104,0.529,0.44,0.27,0.324,0.929,0.857,39,45,31,26,11,18,2023-24,Home
2023-10-28,Washington Wizards,Memphis Grizzlies,113,106,0.43,0.429,0.348,0.404,0.773,1.0,45,45,24,27,11,16,2023-24,Home
2023-10-28,Cleveland Cavaliers,Indiana Pacers,113,125,0.434,0.49,0.387,0.395,0.625,0.824,51,48,29,36,6,7,2023-24,Away
2023-10-28,Toronto Raptors,Philadelphia 76ers,107,114,0.437,0.5,0.531,0.357,0.737,0.857,41,42,28,25,13,9,2023-24,Away
2023-10-28,New Orleans Pelicans,New York Knicks,96,87,0.46,0.367,0.273,0.189,0.438,0.778,43,59,20,19,13,18,2023-24,Home
2023-10-29,LA Clippers,San Antonio Spurs,123,83,0.516,0.375,0.381,0.333,0.619,0.75,48,37,23,21,16,25,2023-24,Home
2023-10-29,Houston Rockets,Golden State Warriors,95,106,0.378,0.432,0.273,0.4,0.947,0.783,42,49,22,27,7,14,2023-24,Away
2023-10-29,Philadelphia 76ers,Portland Trail Blazers,126,98,0.488,0.383,0.393,0.226,0.875,0.864,51,42,28,19,15,15,2023-24,Home
2023-10-29,Milwaukee Bucks,Atlanta Hawks,110,127,0.453,0.505,0.364,0.405,0.8,0.818,39,46,22,32,23,17,2023-24,Away
2023-10-29,Sacramento Kings,Los Angeles Lakers,132,127,0.471,0.439,0.354,0.333,0.708,0.765,47,53,30,27,10,12,2023-24,Home
2023-10-29,Oklahoma City Thunder,Denver Nuggets,95,128,0.411,0.602,0.188,0.407,0.833,0.846,29,48,22,34,9,13,2023-24,Away
2023-10-30,Oklahoma City Thunder,Detroit Pistons,124,112,0.53,0.429,0.448,0.536,0.821,0.792,44,41,21,31,15,16,2023-24,Home
2023-10-30,Toronto Raptors,Portland Trail Blazers,91,99,0.404,0.447,0.138,0.314,0.733,0.8,47,51,19,20,11,14,2023-24,Away
2023-10-30,New Orleans Pelicans,Golden State Warriors,102,130,0.409,0.52,0.256,0.366,0.615,0.65,39,64,23,28,11,14,2023-24,Away
2023-10-30,Denver Nuggets,Utah Jazz,110,102,0.56,0.429,0.321,0.297,0.412,0.467,43,51,32,30,12,12,2023-24,Home
2023-10-30,Los Angeles Lakers,Orlando Magic,106,103,0.532,0.4,0.296,0.4,0.778,0.722,40,44,28,28,16,11,2023-24,Home
2023-10-30,Charlotte Hornets,Brooklyn Nets,121,133,0.49,0.563,0.258,0.364,0.95,0.719,39,46,33,25,9,13,2023-24,Away
2023-10-30,Milwaukee Bucks,Miami Heat,122,114,0.506,0.477,0.324,0.382,0.733,0.95,43,40,24,27,14,14,2023-24,Home
2023-10-30,Memphis Grizzlies,Dallas Mavericks,110,125,0.457,0.5,0.378,0.489,0.6,0.75,44,48,22,24,12,15,2023-24,Away
2023-10-30,Washington Wizards,Boston Celtics,107,126,0.448,0.5,0.306,0.358,0.692,0.714,40,51,26,31,15,17,2023-24,Away
2023-10-30,Indiana Pacers,Chicago Bulls,105,112,0.409,0.46,0.261,0.353,0.84,0.839,47,44,26,19,17,13,2023-24,Away
2023-10-30,Atlanta Hawks,Minnesota Timberwolves,127,113,0.558,0.489,0.467,0.485,0.944,0.6,36,38,28,24,9,10,2023-24,Home
2023-10-31,Cleveland Cavaliers,New York Knicks,91,109,0.391,0.442,0.263,0.382,0.75,0.8,46,48,19,18,15,14,2023-24,Away
2023-10-31,Phoenix Suns,San Antonio Spurs,114,115,0.506,0.467,0.462,0.378,0.8,0.75,43,37,29,25,19,12,2023-24,Away
2023-10-31,LA Clippers,Orlando Magic,118,102,0.494,0.469,0.452,0.233,0.696,0.576,44,40,29,23,16,16,2023-24,Home
2023-11-01,Atlanta Hawks,Washington Wizards,130,121,0.5,0.505,0.281,0.25,0.906,0.643,57,35,26,32,20,11,2023-24,Home
2023-11-01,Boston Celtics,Indiana Pacers,155,104,0.568,0.455,0.571,0.135,0.964,0.583,57,31,27,26,11,9,2023-24,Home
2023-11-01,Los Angeles Lakers,LA Clippers,130,125,0.511,0.475,0.344,0.412,0.75,0.63,51,46,28,22,14,13,2023-24,Home
2023-11-01,Utah Jazz,Memphis Grizzlies,133,109,0.54,0.365,0.512,0.259,0.708,0.781,50,42,35,25,21,15,2023-24,Home
2023-11-01,Dallas Mavericks,Chicago Bulls,114,105,0.457,0.472,0.417,0.333,0.714,0.909,45,43,23,19,13,13,2023-24,Home
2023-11-01,Detroit Pistons,Portland Trail Blazers,101,110,0.444,0.469,0.379,0.35,0.909,0.818,38,44,24,23,18,17,2023-24,Away
2023-11-01,Oklahoma City Thunder,New Orleans Pelicans,106,110,0.432,0.392,0.206,0.31,0.92,0.586,49,58,23,23,14,10,2023-24,Away
2023-11-01,Miami Heat,Brooklyn Nets,105,109,0.429,0.451,0.342,0.444,0.778,0.731,46,47,22,27,16,18,2023-24,Away
2023-11-01,Minnesota Timberwolves,Denver Nuggets,110,89,0.458,0.396,0.381,0.182,0.963,0.7,47,43,20,23,13,15,2023-24,Home
2023-11-01,Golden State Warriors,Sacramento Kings,102,101,0.481,0.409,0.355,0.314,0.867,0.783,36,48,32,24,17,12,2023-24,Home
2023-11-01,New York Knicks,Cleveland Cavaliers,89,95,0.348,0.432,0.167,0.375,0.667,0.95,50,46,18,22,13,18,2023-24,Away
2023-11-01,Toronto Raptors,Milwaukee Bucks,130,111,0.56,0.461,0.395,0.382,0.929,0.737,50,29,35,19,16,12,2023-24,Home
2023-11-01,Houston Rockets,Charlotte Hornets,128,119,0.524,0.5,0.568,0.407,0.826,0.72,38,44,35,21,17,16,2023-24,Home
2023-11-02,Phoenix Suns,San Antonio Spurs,121,132,0.538,0.52,0.5,0.486,0.731,0.923,34,41,26,37,14,8,2023-24,Away
2023-11-02,New Orleans Pelicans,Detroit Pistons,125,116,0.488,0.436,0.438,0.342,0.943,0.808,36,48,27,30,12,16,2023-24,Home
2023-11-02,Philadelphia 76ers,Toronto Raptors,114,99,0.457,0.481,0.36,0.357,0.84,0.684,46,41,21,30,14,19,2023-24,Home
2023-11-02,Utah Jazz,Orlando Magic,113,115,0.461,0.459,0.364,0.345,0.731,0.75,48,43,27,27,20,17,2023-24,Away
2023-11-03,Denver Nuggets,Dallas Mavericks,125,114,0.527,0.477,0.433,0.405,0.737,0.882,51,34,33,27,17,15,2023-24,Home
2023-11-03,Milwaukee Bucks,New York Knicks,110,105,0.427,0.396,0.513,0.256,0.714,0.76,41,56,24,18,14,10,2023-24,Home
2023-11-03,Indiana Pacers,Cleveland Cavaliers,121,116,0.523,0.524,0.484,0.286,0.667,0.8,40,35,28,27,18,13,2023-24,Home
2023-11-03,Portland Trail Blazers,Memphis Grizzlies,115,113,0.406,0.49,0.281,0.286,0.778,0.692,50,48,19,29,14,17,2023-24,Home
2023-11-03,Miami Heat,Washington Wizards,121,114,0.6,0.568,0.481,0.464,0.857,0.529,37,30,35,33,19,20,2023-24,Home
2023-11-03,Oklahoma City Thunder,Golden State Warriors,139,141,0.602,0.533,0.517,0.45,0.8,0.833,32,38,26,36,19,15,2023-24,Away
2023-11-03,Chicago Bulls,Brooklyn Nets,107,109,0.483,0.458,0.393,0.4,0.714,0.6,42,39,21,32,10,8,2023-24,Away
2023-11-04,Indiana Pacers,Charlotte Hornets,124,125,0.484,0.534,0.489,0.4,0.75,1.0,36,41,31,23,14,13,2023-24,Away
2023-11-04,Houston Rockets,Sacramento Kings,107,89,0.46,0.381,0.361,0.268,0.7,0.737,53,43,28,20,11,11,2023-24,Home
2023-11-04,Brooklyn Nets,Boston Celtics,114,124,0.43,0.478,0.327,0.333,0.647,0.852,42,50,22,22,5,11,2023-24,Away
2023-11-04,Orlando Magic,Los Angeles Lakers,120,101,0.455,0.44,0.364,0.267,0.842,0.905,51,40,29,17,15,17,2023-24,Home
2023-11-04,Denver Nuggets,Chicago Bulls,123,101,0.519,0.453,0.444,0.269,0.767,0.696,49,37,31,28,11,11,2023-24,Home
2023-11-04,Minnesota Timberwolves,Utah Jazz,123,95,0.556,0.385,0.375,0.279,0.774,0.765,43,39,25,20,10,18,2023-24,Home
2023-11-04,New Orleans Pelicans,Atlanta Hawks,105,123,0.476,0.484,0.258,0.341,0.81,0.792,35,52,24,28,9,11,2023-24,Away
2023-11-04,Philadelphia 76ers,Phoenix Suns,112,100,0.478,0.36,0.367,0.257,0.833,0.818,51,42,24,22,17,10,2023-24,Home
2023-11-05,Detroit Pistons,Phoenix Suns,106,120,0.494,0.5,0.348,0.381,0.857,0.897,33,43,25,29,16,18,2023-24,Away
2023-11-05,Cleveland Cavaliers,Golden State Warriors,115,104,0.494,0.362,0.297,0.39,0.786,0.667,54,44,26,26,18,13,2023-24,Home
2023-11-05,San Antonio Spurs,Toronto Raptors,116,123,0.5,0.454,0.313,0.396,0.769,0.615,46,47,30,29,17,14,2023-24,Away
2023-11-05,Portland Trail Blazers,Memphis Grizzlies,100,112,0.389,0.506,0.311,0.406,0.8,0.692,47,49,23,27,14,16,2023-24,Away
2023-11-05,Dallas Mavericks,Charlotte Hornets,124,118,0.473,0.495,0.333,0.267,0.75,0.571,47,43,31,30,10,8,2023-24,Home
2023-11-06,Houston Rockets,Sacramento Kings,122,97,0.573,0.444,0.484,0.35,0.778,0.55,39,34,28,22,10,13,2023-24,Home
2023-11-06,Brooklyn Nets,Milwaukee Bucks,125,129,0.485,0.479,0.356,0.333,0.846,0.875,46,48,22,26,8,10,2023-24,Away
2023-11-06,Philadelphia 76ers,Washington Wizards,146,128,0.56,0.51,0.387,0.412,0.889,0.8,45,38,37,31,15,19,2023-24,Home
2023-11-06,Indiana Pacers,San Antonio Spurs,152,111,0.579,0.426,0.526,0.308,0.957,0.767,49,36,38,26,14,11,2023-24,Home
2023-11-06,Orlando Magic,Dallas Mavericks,102,117,0.471,0.5,0.296,0.375,0.778,0.714,38,31,27,21,20,14,2023-24,Away
2023-11-06,Minnesota Timberwolves,Boston Celtics,114,109,0.518,0.391,0.351,0.282,0.52,0.765,45,45,26,20,23,16,2023-24,Home
2023-11-06,Chicago Bulls,Utah Jazz,130,113,0.516,0.477,0.529,0.372,0.842,0.882,36,52,26,32,8,22,2023-24,Home
2023-11-06,Denver Nuggets,New Orleans Pelicans,134,116,0.537,0.5,0.385,0.433,0.739,0.867,45,38,37,24,9,13,2023-24,Home
2023-11-06,Miami Heat,Los Angeles Lakers,108,107,0.466,0.543,0.324,0.308,0.875,0.786,44,38,30,28,17,17,2023-24,Home
2023-11-06,Detroit Pistons,Golden State Warriors,109,120,0.475,0.474,0.433,0.293,0.952,0.762,39,44,23,26,14,11,2023-24,Away
2023-11-06,New York Knicks,LA Clippers,111,97,0.466,0.493,0.387,0.344,0.944,0.875,48,31,28,21,19,22,2023-24,Home
2023-11-06,Oklahoma City Thunder,Atlanta Hawks,126,117,0.479,0.373,0.4,0.333,0.957,0.844,49,59,27,27,13,15,2023-24,Home
2023-11-08,Houston Rockets,Los Angeles Lakers,128,94,0.548,0.424,0.424,0.28,0.632,0.625,57,34,26,20,11,9,2023-24,Home
2023-11-08,Oklahoma City Thunder,Cleveland Cavaliers,128,120,0.512,0.506,0.429,0.31,0.933,0.73,41,41,23,26,14,18,2023-24,Home
2023-11-08,Denver Nuggets,Golden State Warriors,108,105,0.446,0.43,0.314,0.314,0.682,0.769,45,49,24,21,6,9,2023-24,Home
2023-11-08,Indiana Pacers,Utah Jazz,134,118,0.515,0.469,0.317,0.407,0.85,0.944,46,47,26,26,11,21,2023-24,Home
2023-11-08,Dallas Mavericks,Toronto Raptors,116,127,0.476,0.495,0.415,0.306,0.613,0.667,38,50,25,27,15,11,2023-24,Away
2023-11-08,Sacramento Kings,Portland Trail Blazers,121,118,0.461,0.506,0.297,0.364,0.737,0.759,50,36,32,26,21,18,2023-24,Home
2023-11-08,Brooklyn Nets,LA Clippers,100,93,0.402,0.396,0.366,0.222,0.846,1.0,49,51,22,22,14,15,2023-24,Home
2023-11-08,Memphis Grizzlies,Miami Heat,102,108,0.389,0.455,0.297,0.393,0.75,0.844,38,44,20,22,13,19,2023-24,Away
2023-11-08,Philadelphia 76ers,Boston Celtics,106,103,0.442,0.396,0.265,0.319,0.867,0.842,56,43,20,28,12,12,2023-24,Home
2023-11-08,Milwaukee Bucks,Detroit Pistons,120,118,0.456,0.49,0.297,0.241,0.844,0.938,36,53,19,28,10,17,2023-24,Home
2023-11-08,Charlotte Hornets,Washington Wizards,116,132,0.519,0.485,0.32,0.419,0.743,0.8,47,40,17,26,20,10,2023-24,Away
2023-11-08,Chicago Bulls,Phoenix Suns,115,116,0.438,0.422,0.424,0.396,0.739,0.84,39,54,30,32,14,21,2023-24,Away
2023-11-08,Minnesota Timberwolves,New Orleans Pelicans,122,101,0.549,0.387,0.405,0.286,0.708,0.955,48,40,30,23,16,17,2023-24,Home
2023-11-08,New York Knicks,San Antonio Spurs,126,105,0.46,0.489,0.452,0.265,0.682,0.615,47,46,28,31,3,13,2023-24,Home
2023-11-09,Orlando Magic,Atlanta Hawks,119,120,0.467,0.482,0.37,0.385,0.714,0.767,47,36,19,22,19,17,2023-24,Away
2023-11-09,Indiana Pacers,Milwaukee Bucks,126,124,0.478,0.529,0.417,0.333,0.9,0.885,40,41,27,23,11,14,2023-24,Home
2023-11-10,San Antonio Spurs,Minnesota Timberwolves,110,117,0.467,0.494,0.353,0.37,0.632,0.778,38,51,29,23,14,18,2023-24,Away
2023-11-10,Detroit Pistons,Philadelphia 76ers,106,114,0.465,0.422,0.286,0.321,0.818,0.854,48,46,28,23,16,8,2023-24,Away
2023-11-10,Washington Wizards,Charlotte Hornets,117,124,0.489,0.455,0.368,0.214,0.85,0.643,36,67,28,31,15,9,2023-24,Away
2023-11-10,Phoenix Suns,Los Angeles Lakers,119,122,0.447,0.5,0.405,0.444,0.741,0.765,52,43,22,27,13,11,2023-24,Away
2023-11-10,Boston Celtics,Brooklyn Nets,121,107,0.436,0.447,0.365,0.405,0.714,0.889,52,46,29,26,7,10,2023-24,Home
2023-11-10,Memphis Grizzlies,Utah Jazz,121,127,0.455,0.539,0.396,0.486,0.769,0.931,37,38,23,28,11,19,2023-24,Away
2023-11-10,Dallas Mavericks,LA Clippers,144,126,0.52,0.489,0.452,0.296,0.885,0.889,41,47,30,21,8,14,2023-24,Home
2023-11-10,Sacramento Kings,Oklahoma City Thunder,105,98,0.418,0.448,0.277,0.233,0.762,0.813,52,38,28,22,17,16,2023-24,Home
2023-11-10,Houston Rockets,New Orleans Pelicans,104,101,0.409,0.453,0.286,0.32,0.786,0.735,42,49,20,12,9,18,2023-24,Home
2023-11-11,Atlanta Hawks,Miami Heat,109,117,0.437,0.488,0.391,0.316,0.833,0.92,48,39,23,23,21,15,2023-24,Away
2023-11-11,Boston Celtics,Toronto Raptors,117,94,0.547,0.385,0.341,0.27,0.615,0.875,46,37,30,25,12,8,2023-24,Home
2023-11-11,Golden State Warriors,Cleveland Cavaliers,110,118,0.411,0.43,0.342,0.367,0.767,0.767,55,45,26,23,20,10,2023-24,Away
2023-11-11,Orlando Magic,Milwaukee Bucks,112,97,0.429,0.494,0.385,0.31,0.857,0.48,43,36,24,25,13,19,2023-24,Home
2023-11-12,Chicago Bulls,Detroit Pistons,119,108,0.484,0.432,0.367,0.344,0.8,0.808,40,49,22,26,6,16,2023-24,Home
2023-11-12,Houston Rockets,Denver Nuggets,107,104,0.425,0.462,0.313,0.281,0.793,0.786,45,49,20,24,9,11,2023-24,Home
2023-11-12,San Antonio Spurs,Miami Heat,113,118,0.462,0.438,0.432,0.387,0.833,0.933,50,41,35,26,17,4,2023-24,Away
2023-11-12,New Orleans Pelicans,Dallas Mavericks,124,136,0.511,0.49,0.472,0.377,0.591,0.762,54,42,31,29,18,6,2023-24,Away
2023-11-12,Brooklyn Nets,Washington Wizards,102,94,0.378,0.375,0.245,0.244,0.8,0.72,66,42,22,20,18,12,2023-24,Home
2023-11-12,New York Knicks,Charlotte Hornets,129,107,0.54,0.468,0.417,0.343,0.667,0.636,40,36,25,21,9,12,2023-24,Home
2023-11-12,Philadelphia 76ers,Indiana Pacers,137,126,0.505,0.522,0.424,0.41,0.85,0.842,54,32,28,31,11,10,2023-24,Home
2023-11-12,Los Angeles Lakers,Portland Trail Blazers,116,110,0.488,0.5,0.211,0.351,0.811,0.778,41,38,27,29,9,15,2023-24,Home
2023-11-12,LA Clippers,Memphis Grizzlies,101,105,0.435,0.42,0.353,0.317,0.652,0.75,41,41,26,25,14,16,2023-24,Away
2023-11-12,Golden State Warriors,Minnesota Timberwolves,110,116,0.385,0.524,0.279,0.333,0.857,0.7,51,47,24,27,14,14,2023-24,Away
2023-11-12,Phoenix Suns,Oklahoma City Thunder,99,111,0.386,0.488,0.31,0.37,0.839,0.84,51,33,20,23,17,7,2023-24,Away
2023-11-13,Sacramento Kings,Cleveland Cavaliers,132,120,0.59,0.495,0.476,0.457,0.636,0.824,37,39,32,24,10,11,2023-24,Home
2023-11-13,Toronto Raptors,Washington Wizards,111,107,0.5,0.512,0.2,0.462,0.68,0.75,48,38,28,32,16,22,2023-24,Home
2023-11-13,Boston Celtics,New York Knicks,114,98,0.506,0.418,0.442,0.429,0.938,0.708,37,37,27,17,11,8,2023-24,Home
2023-11-13,Milwaukee Bucks,Chicago Bulls,118,109,0.472,0.38,0.319,0.333,0.704,0.905,53,47,23,24,15,6,2023-24,Home
2023-11-14,Brooklyn Nets,Orlando Magic,124,104,0.541,0.439,0.487,0.348,0.65,0.762,44,37,22,23,15,14,2023-24,Home
2023-11-14,Detroit Pistons,Atlanta Hawks,120,126,0.522,0.517,0.345,0.364,0.696,0.923,42,41,36,28,17,14,2023-24,Away
2023-11-14,Utah Jazz,Portland Trail Blazers,115,99,0.463,0.42,0.302,0.314,0.933,0.7,52,43,26,23,12,17,2023-24,Home
2023-11-14,New Orleans Pelicans,Dallas Mavericks,131,110,0.521,0.422,0.368,0.333,0.731,0.769,42,45,33,25,12,20,2023-24,Home
2023-11-14,Los Angeles Lakers,Memphis Grizzlies,134,107,0.58,0.368,0.629,0.377,0.75,0.75,54,33,30,28,18,9,2023-24,Home
2023-11-14,Denver Nuggets,LA Clippers,111,108,0.534,0.43,0.348,0.448,0.781,0.875,36,42,26,21,14,10,2023-24,Home
2023-11-14,Golden State Warriors,Minnesota Timberwolves,101,104,0.42,0.444,0.333,0.412,0.875,0.857,46,42,28,24,19,19,2023-24,Away
2023-11-14,Oklahoma City Thunder,San Antonio Spurs,123,87,0.517,0.387,0.385,0.3,0.8,0.667,40,43,34,24,15,24,2023-24,Home
2023-11-14,Charlotte Hornets,Miami Heat,105,111,0.444,0.482,0.469,0.258,0.818,0.821,45,42,21,26,18,7,2023-24,Away
2023-11-14,Philadelphia 76ers,Indiana Pacers,126,132,0.5,0.516,0.273,0.351,0.971,0.697,38,41,22,32,16,11,2023-24,Away
2023-11-15,Chicago Bulls,Orlando Magic,94,96,0.398,0.39,0.273,0.286,0.864,0.8,53,46,16,20,19,13,2023-24,Away
2023-11-15,Phoenix Suns,Minnesota Timberwolves,133,115,0.6,0.457,0.548,0.185,0.933,0.929,32,40,31,18,9,6,2023-24,Home
2023-11-15,Portland Trail Blazers,Cleveland Cavaliers,95,109,0.374,0.56,0.342,0.3,0.875,0.762,30,47,24,23,12,17,2023-24,Away
2023-11-15,Philadelphia 76ers,Boston Celtics,107,117,0.459,0.477,0.367,0.36,0.818,0.789,41,45,18,23,9,9,2023-24,Away
2023-11-15,Toronto Raptors,Milwaukee Bucks,112,128,0.396,0.518,0.273,0.513,0.871,0.952,55,41,28,25,14,13,2023-24,Away
2023-11-15,Washington Wizards,Dallas Mavericks,117,130,0.483,0.522,0.333,0.405,0.826,0.586,46,46,23,32,12,10,2023-24,Away
2023-11-15,Los Angeles Lakers,Sacramento Kings,110,125,0.506,0.5,0.379,0.364,0.789,0.765,43,45,25,31,23,15,2023-24,Away
2023-11-15,Atlanta Hawks,New York Knicks,114,116,0.547,0.479,0.387,0.471,0.769,0.909,30,42,28,29,15,16,2023-24,Away
2023-11-16,Golden State Warriors,Oklahoma City Thunder,109,128,0.408,0.506,0.341,0.594,0.789,0.913,49,42,27,31,16,12,2023-24,Away
2023-11-16,Miami Heat,Brooklyn Nets,122,115,0.519,0.471,0.429,0.389,0.958,0.778,32,40,26,29,9,14,2023-24,Home
2023-11-17,Toronto Raptors,Boston Celtics,105,108,0.483,0.457,0.364,0.348,0.643,0.889,41,44,29,29,13,10,2023-24,Away
2023-11-17,San Antonio Spurs,Sacramento Kings,120,129,0.467,0.541,0.417,0.429,0.826,0.792,42,42,33,31,15,13,2023-24,Away
2023-11-17,Atlanta Hawks,Philadelphia 76ers,116,126,0.449,0.489,0.364,0.433,0.8,0.964,39,43,24,32,13,15,2023-24,Away
2023-11-17,Washington Wizards,New York Knicks,99,120,0.451,0.495,0.313,0.421,0.938,0.7,32,48,25,26,14,10,2023-24,Away
2023-11-17,Portland Trail Blazers,Los Angeles Lakers,95,107,0.404,0.494,0.27,0.414,0.722,0.682,48,44,17,27,18,18,2023-24,Away
2023-11-17,Utah Jazz,Phoenix Suns,128,131,0.506,0.523,0.444,0.545,0.839,0.885,39,36,27,35,8,8,2023-24,Away
2023-11-17,Cleveland Cavaliers,Detroit Pistons,108,100,0.512,0.429,0.429,0.257,0.714,0.867,39,51,21,20,12,17,2023-24,Home
2023-11-17,Charlotte Hornets,Milwaukee Bucks,99,130,0.407,0.551,0.231,0.489,0.864,0.769,43,49,18,32,12,13,2023-24,Away
2023-11-17,LA Clippers,Houston Rockets,106,100,0.434,0.432,0.382,0.323,0.7,0.7,47,47,22,24,12,16,2023-24,Home
2023-11-17,New Orleans Pelicans,Denver Nuggets,115,110,0.523,0.49,0.522,0.25,0.524,0.5,39,51,33,37,9,13,2023-24,Home
2023-11-17,Chicago Bulls,Orlando Magic,97,103,0.443,0.481,0.345,0.324,0.773,0.696,34,46,19,24,16,17,2023-24,Away
2023-11-18,Chicago Bulls,Miami Heat,102,97,0.444,0.429,0.356,0.333,0.737,0.826,44,34,24,23,12,15,2023-24,Home
2023-11-18,New Orleans Pelicans,Minnesota Timberwolves,120,121,0.512,0.538,0.414,0.419,0.87,0.815,40,33,27,29,17,14,2023-24,Away
2023-11-18,San Antonio Spurs,Memphis Grizzlies,108,120,0.434,0.465,0.375,0.333,0.808,0.806,40,45,26,23,15,12,2023-24,Away
2023-11-18,Milwaukee Bucks,Dallas Mavericks,132,125,0.521,0.495,0.378,0.34,0.85,0.7,41,49,29,27,6,12,2023-24,Home
2023-11-18,Charlotte Hornets,New York Knicks,108,122,0.488,0.505,0.486,0.432,0.846,0.737,36,47,29,27,13,12,2023-24,Away
2023-11-18,Golden State Warriors,Oklahoma City Thunder,123,130,0.454,0.52,0.391,0.348,0.81,0.9,49,47,33,26,16,10,2023-24,Away
2023-11-19,Los Angeles Lakers,Houston Rockets,105,104,0.47,0.488,0.207,0.378,0.724,0.8,42,34,26,35,17,18,2023-24,Home
2023-11-19,Dallas Mavericks,Sacramento Kings,113,129,0.466,0.533,0.353,0.425,0.731,0.762,40,48,23,34,10,12,2023-24,Away
2023-11-19,Memphis Grizzlies,Boston Celtics,100,102,0.389,0.455,0.386,0.387,0.9,0.8,42,45,28,20,9,17,2023-24,Away
2023-11-19,Brooklyn Nets,Philadelphia 76ers,99,121,0.469,0.468,0.393,0.457,0.75,0.944,45,44,24,32,15,4,2023-24,Away
2023-11-19,Cleveland Cavaliers,Denver Nuggets,121,109,0.549,0.476,0.407,0.483,0.769,0.739,47,33,30,23,13,11,2023-24,Home
2023-11-19,Toronto Raptors,Detroit Pistons,142,113,0.539,0.47,0.389,0.346,0.621,0.743,47,41,44,25,7,17,2023-24,Home
2023-11-19,Utah Jazz,Phoenix Suns,137,140,0.417,0.49,0.326,0.4,0.813,0.846,59,44,27,36,18,17,2023-24,Away
2023-11-19,Portland Trail Blazers,Oklahoma City Thunder,91,134,0.4,0.605,0.265,0.611,0.667,1.0,31,43,21,28,17,17,2023-24,Away
2023-11-19,Indiana Pacers,Orlando Magic,116,128,0.442,0.494,0.258,0.35,0.774,0.833,40,42,24,21,16,15,2023-24,Away
2023-11-20,Golden State Warriors,Houston Rockets,121,116,0.468,0.463,0.488,0.317,0.848,0.789,43,48,26,28,8,8,2023-24,Home
2023-11-20,San Antonio Spurs,LA Clippers,99,124,0.433,0.474,0.263,0.333,0.786,0.88,49,51,23,30,16,7,2023-24,Away
2023-11-20,Charlotte Hornets,Boston Celtics,121,118,0.442,0.433,0.333,0.32,0.941,0.643,57,48,29,19,13,13,2023-24,Home
2023-11-20,Detroit Pistons,Denver Nuggets,103,107,0.444,0.46,0.333,0.393,0.923,0.762,43,43,21,30,18,14,2023-24,Away
2023-11-20,Chicago Bulls,Miami Heat,100,118,0.457,0.5,0.297,0.486,0.938,0.85,36,43,21,31,11,8,2023-24,Away
2023-11-20,New Orleans Pelicans,Sacramento Kings,129,93,0.543,0.379,0.429,0.244,0.81,0.667,55,36,38,27,10,13,2023-24,Home
2023-11-20,Washington Wizards,Milwaukee Bucks,129,142,0.556,0.585,0.345,0.379,0.818,0.75,26,55,29,33,4,13,2023-24,Away
2023-11-20,Minnesota Timberwolves,New York Knicks,117,100,0.513,0.348,0.324,0.237,0.75,0.794,44,50,30,16,13,10,2023-24,Home
2023-11-21,Phoenix Suns,Portland Trail Blazers,120,107,0.566,0.437,0.412,0.452,0.964,0.85,38,30,26,20,13,13,2023-24,Home
2023-11-21,Philadelphia 76ers,Cleveland Cavaliers,119,122,0.417,0.489,0.314,0.36,0.824,0.84,44,56,19,33,14,15,2023-24,Away
2023-11-21,Orlando Magic,Toronto Raptors,126,107,0.5,0.507,0.387,0.5,0.7,0.773,40,38,31,29,12,23,2023-24,Home
2023-11-21,Los Angeles Lakers,Utah Jazz,131,99,0.57,0.388,0.379,0.25,0.815,0.75,52,42,35,25,13,14,2023-24,Home
2023-11-21,Atlanta Hawks,Indiana Pacers,152,157,0.6,0.606,0.484,0.489,0.821,0.75,39,29,28,35,15,13,2023-24,Away
2023-11-22,Atlanta Hawks,Brooklyn Nets,147,145,0.44,0.487,0.367,0.429,0.931,0.833,58,59,24,28,14,16,2023-24,Home
2023-11-22,Indiana Pacers,Toronto Raptors,131,132,0.549,0.533,0.462,0.407,0.813,0.833,31,46,33,26,14,17,2023-24,Away
2023-11-22,Cleveland Cavaliers,Miami Heat,96,129,0.468,0.523,0.467,0.571,0.714,0.81,34,41,25,30,19,10,2023-24,Away
2023-11-22,San Antonio Spurs,LA Clippers,102,109,0.385,0.459,0.289,0.321,0.913,0.759,44,50,26,29,13,16,2023-24,Away
2023-11-22,New Orleans Pelicans,Sacramento Kings,117,112,0.471,0.447,0.233,0.341,0.757,0.829,48,38,23,22,10,15,2023-24,Home
2023-11-22,Minnesota Timberwolves,Philadelphia 76ers,112,99,0.483,0.391,0.385,0.219,0.667,0.8,48,48,28,21,12,14,2023-24,Home
2023-11-22,Portland Trail Blazers,Utah Jazz,121,105,0.511,0.468,0.436,0.323,0.667,0.808,37,44,31,25,13,21,2023-24,Home
2023-11-22,Phoenix Suns,Golden State Warriors,123,115,0.447,0.478,0.393,0.313,0.846,0.655,43,43,22,29,15,15,2023-24,Home
2023-11-22,Orlando Magic,Denver Nuggets,124,119,0.543,0.473,0.345,0.429,0.867,0.762,41,42,27,29,12,10,2023-24,Home
2023-11-22,Oklahoma City Thunder,Chicago Bulls,116,102,0.493,0.386,0.379,0.386,0.816,1.0,45,38,24,22,12,10,2023-24,Home
2023-11-22,Houston Rockets,Memphis Grizzlies,111,91,0.435,0.329,0.326,0.219,0.85,0.857,49,46,22,17,6,9,2023-24,Home
2023-11-22,Los Angeles Lakers,Dallas Mavericks,101,104,0.464,0.396,0.379,0.32,0.632,0.75,51,48,26,21,11,4,2023-24,Away
2023-11-22,Charlotte Hornets,Washington Wizards,117,114,0.473,0.454,0.432,0.344,0.714,0.833,49,47,27,26,12,10,2023-24,Home
2023-11-22,Boston Celtics,Milwaukee Bucks,119,116,0.524,0.446,0.405,0.382,0.824,0.765,43,47,27,23,15,9,2023-24,Home
2023-11-24,Minnesota Timberwolves,Sacramento Kings,111,124,0.439,0.49,0.364,0.486,0.931,0.818,44,46,25,25,18,13,2023-24,Away
2023-11-24,Houston Rockets,Denver Nuggets,105,86,0.488,0.34,0.414,0.233,0.867,0.714,49,46,25,17,14,15,2023-24,Home
2023-11-24,Orlando Magic,Boston Celtics,113,96,0.506,0.408,0.393,0.241,0.727,0.73,48,31,23,17,18,14,2023-24,Home
2023-11-24,LA Clippers,New Orleans Pelicans,106,116,0.457,0.489,0.297,0.417,0.647,0.741,39,50,27,26,11,15,2023-24,Away
2023-11-24,New York Knicks,Miami Heat,100,98,0.481,0.391,0.345,0.27,0.667,0.952,46,41,21,20,18,11,2023-24,Home
2023-11-24,Golden State Warriors,San Antonio Spurs,118,112,0.494,0.45,0.452,0.255,0.792,0.833,41,46,35,28,24,19,2023-24,Home
2023-11-24,Memphis Grizzlies,Phoenix Suns,89,110,0.463,0.513,0.273,0.355,0.6,0.75,35,41,22,22,13,12,2023-24,Away
2023-11-24,Indiana Pacers,Detroit Pistons,136,113,0.48,0.478,0.421,0.389,0.917,0.833,40,43,24,22,8,14,2023-24,Home
2023-11-24,Milwaukee Bucks,Washington Wizards,131,128,0.522,0.48,0.29,0.405,0.788,0.81,50,46,28,29,9,8,2023-24,Home
2023-11-24,Toronto Raptors,Chicago Bulls,121,108,0.53,0.512,0.333,0.444,0.741,0.632,40,37,32,20,14,12,2023-24,Home
2023-11-25,Washington Wizards,Atlanta Hawks,108,136,0.489,0.51,0.263,0.486,1.0,0.7,41,49,33,29,20,9,2023-24,Away
2023-11-25,Oklahoma City Thunder,Philadelphia 76ers,123,127,0.439,0.458,0.372,0.341,0.808,0.822,38,49,29,30,4,12,2023-24,Away
2023-11-25,Utah Jazz,New Orleans Pelicans,105,100,0.437,0.419,0.349,0.306,0.824,0.611,52,42,23,31,23,13,2023-24,Home
2023-11-25,Cleveland Cavaliers,Los Angeles Lakers,115,121,0.473,0.522,0.321,0.333,0.87,0.857,37,44,30,34,14,18,2023-24,Away
2023-11-25,LA Clippers,Dallas Mavericks,107,88,0.432,0.374,0.276,0.237,0.742,0.786,57,37,25,17,12,9,2023-24,Home
2023-11-25,Brooklyn Nets,Miami Heat,112,97,0.5,0.437,0.389,0.324,0.87,0.769,42,44,27,24,11,17,2023-24,Home
2023-11-26,Boston Celtics,Atlanta Hawks,113,103,0.442,0.409,0.277,0.358,0.8,0.632,58,43,24,15,12,15,2023-24,Home
2023-11-26,Memphis Grizzlies,Minnesota Timberwolves,97,119,0.386,0.531,0.27,0.441,0.704,0.783,35,42,24,30,13,14,2023-24,Away
2023-11-26,New York Knicks,Phoenix Suns,113,116,0.453,0.462,0.414,0.421,0.719,0.762,38,47,18,27,6,11,2023-24,Away
2023-11-26,Denver Nuggets,San Antonio Spurs,132,120,0.562,0.452,0.429,0.378,0.8,0.846,45,35,38,34,19,15,2023-24,Home
2023-11-26,Milwaukee Bucks,Portland Trail Blazers,108,102,0.393,0.407,0.333,0.406,0.75,0.75,52,40,19,21,17,17,2023-24,Home
2023-11-26,Cleveland Cavaliers,Toronto Raptors,105,102,0.464,0.416,0.323,0.25,0.833,0.69,49,50,29,17,14,12,2023-24,Home
2023-11-26,Orlando Magic,Charlotte Hornets,130,117,0.54,0.53,0.37,0.433,0.788,0.64,44,36,33,27,14,18,2023-24,Home
2023-11-26,Brooklyn Nets,Chicago Bulls,118,109,0.494,0.482,0.472,0.375,0.733,0.773,39,40,29,21,9,11,2023-24,Home
2023-11-27,LA Clippers,Denver Nuggets,104,113,0.412,0.478,0.3,0.455,0.824,0.536,49,52,18,28,13,11,2023-24,Away
2023-11-27,Detroit Pistons,Washington Wizards,107,126,0.422,0.506,0.211,0.345,0.684,0.929,49,46,29,29,16,15,2023-24,Away
2023-11-27,Utah Jazz,New Orleans Pelicans,114,112,0.42,0.5,0.354,0.318,0.821,0.68,43,48,31,27,10,8,2023-24,Home
2023-11-27,Indiana Pacers,Portland Trail Blazers,110,114,0.477,0.471,0.242,0.5,0.75,0.806,42,38,26,20,20,16,2023-24,Away
2023-11-27,Philadelphia 76ers,Los Angeles Lakers,138,94,0.505,0.47,0.478,0.25,0.846,0.692,48,32,33,23,5,17,2023-24,Home
2023-11-28,Cleveland Cavaliers,Atlanta Hawks,128,105,0.538,0.347,0.361,0.295,0.882,0.917,55,44,27,21,16,10,2023-24,Home
2023-11-28,Boston Celtics,Chicago Bulls,124,97,0.522,0.433,0.429,0.321,0.75,0.556,52,37,36,25,16,8,2023-24,Home
2023-11-28,Dallas Mavericks,Houston Rockets,121,115,0.472,0.494,0.353,0.276,0.862,0.793,38,40,25,33,7,12,2023-24,Home
2023-11-28,New York Knicks,Charlotte Hornets,115,91,0.466,0.416,0.395,0.419,0.9,0.571,54,41,21,21,16,17,2023-24,Home
2023-11-28,Minnesota Timberwolves,Oklahoma City Thunder,106,103,0.423,0.411,0.424,0.367,0.813,0.783,51,36,18,22,19,8,2023-24,Home
2023-11-28,Brooklyn Nets,Toronto Raptors,115,103,0.449,0.386,0.342,0.361,0.846,0.632,59,46,26,27,15,7,2023-24,Home
2023-11-28,Miami Heat,Milwaukee Bucks,124,131,0.511,0.534,0.467,0.371,0.667,0.889,35,45,32,26,6,9,2023-24,Away
2023-11-28,Sacramento Kings,Golden State Warriors,124,123,0.451,0.482,0.341,0.415,0.643,0.867,46,52,25,25,10,18,2023-24,Home
2023-11-29,Denver Nuggets,Houston Rockets,134,124,0.505,0.547,0.442,0.39,0.731,0.737,41,35,37,27,3,8,2023-24,Home
2023-11-29,Memphis Grizzlies,Utah Jazz,105,91,0.494,0.378,0.333,0.41,0.75,0.583,51,39,26,26,15,17,2023-24,Home
2023-11-29,New Orleans Pelicans,Philadelphia 76ers,124,114,0.538,0.519,0.333,0.412,0.882,0.889,40,30,33,28,20,21,2023-24,Home
2023-11-29,Sacramento Kings,LA Clippers,117,131,0.465,0.538,0.317,0.5,0.857,0.773,47,37,22,28,14,4,2023-24,Away
2023-11-29,Toronto Raptors,Phoenix Suns,112,105,0.452,0.404,0.37,0.269,0.857,0.957,49,47,25,25,9,9,2023-24,Home
2023-11-29,Detroit Pistons,Los Angeles Lakers,107,133,0.412,0.511,0.417,0.353,0.857,0.816,39,49,28,28,14,12,2023-24,Away
2023-11-29,Orlando Magic,Washington Wizards,139,120,0.607,0.471,0.63,0.379,0.833,0.771,44,29,34,28,18,10,2023-24,Home
2023-11-30,Chicago Bulls,Milwaukee Bucks,120,113,0.459,0.449,0.351,0.333,0.773,0.692,51,43,32,28,21,20,2023-24,Home
2023-11-30,Brooklyn Nets,Charlotte Hornets,128,129,0.495,0.505,0.389,0.583,0.667,1.0,52,41,21,30,9,9,2023-24,Away
2023-11-30,San Antonio Spurs,Atlanta Hawks,135,137,0.539,0.51,0.439,0.424,0.913,0.862,47,37,34,24,21,10,2023-24,Away
2023-11-30,Minnesota Timberwolves,Utah Jazz,101,90,0.438,0.379,0.371,0.324,0.769,0.929,42,51,29,22,11,19,2023-24,Home
2023-11-30,Golden State Warriors,LA Clippers,120,114,0.5,0.442,0.385,0.375,0.742,0.75,47,43,30,26,7,6,2023-24,Home
2023-11-30,Cleveland Cavaliers,Portland Trail Blazers,95,103,0.427,0.506,0.219,0.4,1.0,1.0,35,40,25,29,17,22,2023-24,Away
2023-11-30,Miami Heat,Indiana Pacers,142,132,0.558,0.51,0.381,0.256,0.844,0.656,48,34,25,30,14,9,2023-24,Home
2023-11-30,New York Knicks,Detroit Pistons,118,112,0.466,0.531,0.39,0.429,0.714,0.647,41,42,25,22,11,20,2023-24,Home
2023-11-30,Oklahoma City Thunder,Los Angeles Lakers,133,110,0.532,0.444,0.333,0.333,0.864,0.844,48,41,29,24,7,13,2023-24,Home
2023-12-01,Phoenix Suns,Denver Nuggets,111,119,0.464,0.568,0.333,0.375,0.923,0.583,43,32,22,38,12,9,2023-24,Away
2023-12-01,Dallas Mavericks,Memphis Grizzlies,94,108,0.37,0.489,0.308,0.324,0.667,0.818,42,52,27,27,11,14,2023-24,Away
2023-12-01,New Orleans Pelicans,San Antonio Spurs,121,106,0.494,0.458,0.323,0.41,0.931,0.824,42,39,26,28,11,19,2023-24,Home
2023-12-01,Boston Celtics,Philadelphia 76ers,125,119,0.506,0.457,0.485,0.457,0.861,0.739,46,42,25,16,20,16,2023-24,Home
2023-12-01,Toronto Raptors,New York Knicks,106,119,0.44,0.5,0.188,0.444,0.706,0.813,48,43,32,30,12,12,2023-24,Away
2023-12-01,Orlando Magic,Washington Wizards,130,125,0.517,0.506,0.387,0.464,0.788,0.71,44,40,35,25,14,14,2023-24,Home
2023-12-02,Brooklyn Nets,Orlando Magic,129,101,0.505,0.398,0.412,0.31,0.742,0.815,57,37,31,24,11,11,2023-24,Home
2023-12-02,Miami Heat,Indiana Pacers,129,144,0.539,0.659,0.48,0.5,0.875,0.8,28,32,27,35,10,9,2023-24,Away
2023-12-02,Utah Jazz,Portland Trail Blazers,118,113,0.489,0.4,0.206,0.325,0.792,0.889,56,40,27,17,17,9,2023-24,Home
2023-12-02,Phoenix Suns,Memphis Grizzlies,116,109,0.434,0.453,0.346,0.29,0.814,0.917,44,40,24,14,16,15,2023-24,Home
2023-12-02,Detroit Pistons,Cleveland Cavaliers,101,110,0.47,0.494,0.267,0.333,0.652,0.667,49,43,24,25,16,11,2023-24,Away
2023-12-02,Milwaukee Bucks,Atlanta Hawks,132,121,0.596,0.446,0.424,0.395,0.8,0.762,44,40,33,23,15,11,2023-24,Home
2023-12-02,LA Clippers,Golden State Warriors,113,112,0.489,0.442,0.333,0.395,0.857,0.792,40,42,31,31,11,13,2023-24,Home
2023-12-02,Los Angeles Lakers,Houston Rockets,107,97,0.449,0.404,0.296,0.355,0.704,0.778,48,54,24,24,9,16,2023-24,Home
2023-12-02,Charlotte Hornets,Minnesota Timberwolves,117,123,0.484,0.512,0.48,0.355,0.895,0.867,36,41,29,26,8,11,2023-24,Away
2023-12-02,Sacramento Kings,Denver Nuggets,123,117,0.485,0.495,0.471,0.24,0.733,0.65,47,46,33,35,11,10,2023-24,Home
2023-12-02,Chicago Bulls,New Orleans Pelicans,124,118,0.545,0.5,0.425,0.32,0.733,0.8,41,39,32,20,13,12,2023-24,Home
2023-12-02,Dallas Mavericks,Oklahoma City Thunder,120,126,0.448,0.44,0.365,0.455,0.657,0.818,47,50,26,24,15,12,2023-24,Away
2023-12-04,Sacramento Kings,New Orleans Pelicans,117,127,0.447,0.54,0.341,0.452,0.818,0.826,38,42,29,29,13,12,2023-24,Away
2023-12-04,Indiana Pacers,Boston Celtics,122,112,0.457,0.474,0.475,0.293,0.81,0.667,41,56,28,27,6,17,2023-24,Home
2023-12-05,Milwaukee Bucks,New York Knicks,146,122,0.604,0.494,0.605,0.304,0.684,0.879,37,36,32,27,12,16,2023-24,Home
2023-12-05,Los Angeles Lakers,Phoenix Suns,106,103,0.373,0.493,0.3,0.48,0.84,0.81,45,44,24,25,9,20,2023-24,Home
2023-12-06,Chicago Bulls,Charlotte Hornets,111,100,0.422,0.433,0.48,0.27,0.793,1.0,57,42,23,25,16,16,2023-24,Home
2023-12-06,Dallas Mavericks,Utah Jazz,147,97,0.554,0.402,0.449,0.364,0.684,0.833,47,43,37,22,7,19,2023-24,Home
2023-12-06,Houston Rockets,Oklahoma City Thunder,110,101,0.482,0.425,0.455,0.276,0.682,0.792,53,30,28,22,19,8,2023-24,Home
2023-12-06,Toronto Raptors,Miami Heat,103,112,0.43,0.461,0.378,0.368,0.882,0.842,46,44,29,33,14,7,2023-24,Away
2023-12-06,Golden State Warriors,Portland Trail Blazers,110,106,0.419,0.411,0.294,0.348,0.848,0.75,50,40,20,22,17,10,2023-24,Home
2023-12-06,Cleveland Cavaliers,Orlando Magic,121,111,0.535,0.488,0.412,0.087,0.75,0.73,45,36,29,22,15,11,2023-24,Home
2023-12-06,Detroit Pistons,Memphis Grizzlies,102,116,0.451,0.516,0.314,0.423,1.0,0.786,42,46,30,26,16,14,2023-24,Away
2023-12-06,LA Clippers,Denver Nuggets,111,102,0.46,0.418,0.444,0.387,0.76,0.889,51,46,21,29,11,11,2023-24,Home
2023-12-06,Minnesota Timberwolves,San Antonio Spurs,102,94,0.414,0.376,0.3,0.222,0.857,0.667,55,49,20,23,14,11,2023-24,Home
2023-12-06,Washington Wizards,Philadelphia 76ers,126,131,0.565,0.511,0.4,0.296,1.0,0.853,32,43,39,29,11,11,2023-24,Away
2023-12-06,Atlanta Hawks,Brooklyn Nets,113,114,0.447,0.457,0.343,0.407,0.944,0.708,49,45,25,24,12,12,2023-24,Away
2023-12-07,Los Angeles Lakers,New Orleans Pelicans,133,89,0.547,0.358,0.486,0.226,0.759,0.7,59,42,31,22,14,12,2023-24,Home
2023-12-07,Milwaukee Bucks,Indiana Pacers,119,128,0.448,0.49,0.364,0.212,0.75,0.84,46,51,19,30,12,9,2023-24,Away
2023-12-08,Denver Nuggets,Houston Rockets,106,114,0.422,0.427,0.357,0.333,0.741,0.738,47,47,22,21,10,9,2023-24,Away
2023-12-08,Charlotte Hornets,Toronto Raptors,119,116,0.557,0.505,0.52,0.188,0.9,0.762,31,42,30,32,15,14,2023-24,Home
2023-12-08,Oklahoma City Thunder,Golden State Warriors,138,136,0.52,0.471,0.172,0.396,0.861,0.826,39,60,15,29,9,28,2023-24,Home
2023-12-08,Brooklyn Nets,Washington Wizards,124,97,0.481,0.418,0.303,0.182,0.778,0.714,55,41,27,19,10,16,2023-24,Home
2023-12-08,San Antonio Spurs,Chicago Bulls,112,121,0.47,0.461,0.405,0.464,0.85,0.583,44,56,35,27,12,7,2023-24,Away
2023-12-08,Boston Celtics,New York Knicks,133,123,0.527,0.5,0.404,0.405,0.857,0.741,34,44,24,28,7,13,2023-24,Home
2023-12-08,Philadelphia 76ers,Atlanta Hawks,125,114,0.483,0.394,0.367,0.333,0.811,0.905,48,55,24,20,10,13,2023-24,Home
2023-12-08,Utah Jazz,LA Clippers,103,117,0.452,0.489,0.29,0.441,0.75,0.762,40,40,23,23,13,12,2023-24,Away
2023-12-08,Orlando Magic,Detroit Pistons,123,91,0.551,0.42,0.385,0.2,0.789,0.708,45,38,26,17,9,15,2023-24,Home
2023-12-08,Phoenix Suns,Sacramento Kings,106,114,0.482,0.457,0.344,0.359,0.652,0.8,40,50,26,25,11,12,2023-24,Away
2023-12-08,Portland Trail Blazers,Dallas Mavericks,112,125,0.371,0.516,0.34,0.308,0.889,0.864,48,42,20,26,15,15,2023-24,Away
2023-12-08,Miami Heat,Cleveland Cavaliers,99,111,0.43,0.46,0.357,0.368,0.667,0.654,37,51,23,21,18,13,2023-24,Away
2023-12-08,Memphis Grizzlies,Minnesota Timberwolves,103,127,0.43,0.5,0.429,0.395,0.737,0.923,28,54,24,30,9,13,2023-24,Away
2023-12-11,Houston Rockets,San Antonio Spurs,93,82,0.344,0.356,0.308,0.122,0.85,0.682,60,51,20,20,16,17,2023-24,Home
2023-12-11,Milwaukee Bucks,Chicago Bulls,133,129,0.512,0.412,0.405,0.441,0.811,0.8,48,51,34,25,11,6,2023-24,Home
2023-12-11,Sacramento Kings,Brooklyn Nets,131,118,0.511,0.477,0.556,0.483,0.714,0.952,43,41,38,24,13,13,2023-24,Home
2023-12-11,Memphis Grizzlies,Dallas Mavericks,113,120,0.461,0.5,0.409,0.425,0.813,0.895,38,43,26,27,17,17,2023-24,Away
2023-12-11,Orlando Magic,Cleveland Cavaliers,104,94,0.464,0.353,0.269,0.225,0.76,0.758,43,48,22,15,12,14,2023-24,Home
2023-12-11,Charlotte Hornets,Miami Heat,114,116,0.476,0.481,0.415,0.429,0.773,0.794,31,43,31,31,10,10,2023-24,Away
2023-12-11,Oklahoma City Thunder,Utah Jazz,134,120,0.521,0.478,0.474,0.316,0.941,0.952,39,41,35,32,12,15,2023-24,Home
2023-12-11,Atlanta Hawks,Denver Nuggets,122,129,0.458,0.534,0.386,0.414,0.944,0.793,35,49,25,29,10,16,2023-24,Away
2023-12-11,Philadelphia 76ers,Washington Wizards,146,101,0.547,0.424,0.435,0.29,0.88,0.645,47,44,37,21,13,22,2023-24,Home
2023-12-11,New Orleans Pelicans,Minnesota Timberwolves,121,107,0.488,0.44,0.37,0.361,0.775,0.737,47,47,27,26,13,11,2023-24,Home
2023-12-11,LA Clippers,Portland Trail Blazers,132,127,0.551,0.478,0.382,0.475,0.955,0.846,35,36,33,25,9,12,2023-24,Home
2023-12-11,Detroit Pistons,Indiana Pacers,123,131,0.556,0.565,0.345,0.419,0.767,0.737,30,43,26,33,14,18,2023-24,Away
2023-12-11,New York Knicks,Toronto Raptors,136,130,0.605,0.49,0.586,0.359,0.652,0.733,42,38,36,32,15,10,2023-24,Home
2023-12-12,Boston Celtics,Cleveland Cavaliers,120,113,0.452,0.478,0.409,0.422,1.0,0.667,45,35,23,27,13,12,2023-24,Home
2023-12-12,Dallas Mavericks,Los Angeles Lakers,127,125,0.494,0.538,0.488,0.517,0.857,0.667,36,40,28,34,10,15,2023-24,Home
2023-12-12,Chicago Bulls,Denver Nuggets,106,114,0.419,0.47,0.325,0.467,0.913,0.688,41,46,26,28,12,10,2023-24,Away
2023-12-12,LA Clippers,Sacramento Kings,119,99,0.524,0.419,0.379,0.27,0.952,0.708,49,38,21,27,15,14,2023-24,Home
2023-12-12,Phoenix Suns,Golden State Warriors,119,116,0.452,0.446,0.359,0.348,0.853,0.667,41,51,27,26,14,15,2023-24,Home
2023-12-13,Milwaukee Bucks,Indiana Pacers,140,126,0.539,0.45,0.259,0.306,0.771,0.781,43,45,27,30,15,18,2023-24,Home
2023-12-13,Toronto Raptors,Atlanta Hawks,135,128,0.575,0.48,0.529,0.439,0.708,0.737,47,42,39,32,14,7,2023-24,Home
2023-12-13,Utah Jazz,New York Knicks,117,113,0.439,0.436,0.381,0.231,0.714,0.688,53,46,31,21,15,8,2023-24,Home
2023-12-13,Phoenix Suns,Brooklyn Nets,112,116,0.476,0.461,0.321,0.366,0.852,0.792,49,36,28,24,12,7,2023-24,Away
2023-12-13,Washington Wizards,New Orleans Pelicans,122,142,0.512,0.521,0.432,0.471,0.792,0.867,33,46,28,30,15,9,2023-24,Away
2023-12-13,Houston Rockets,Memphis Grizzlies,117,104,0.453,0.427,0.375,0.263,0.73,0.706,58,39,23,25,19,11,2023-24,Home
2023-12-13,Detroit Pistons,Philadelphia 76ers,111,129,0.443,0.517,0.303,0.367,0.767,0.824,35,53,24,28,9,10,2023-24,Away
2023-12-13,San Antonio Spurs,Los Angeles Lakers,119,122,0.469,0.538,0.432,0.4,0.722,0.588,46,46,28,31,17,16,2023-24,Away
2023-12-13,Miami Heat,Charlotte Hornets,115,104,0.477,0.532,0.5,0.387,0.947,0.909,47,31,29,27,22,21,2023-24,Home
2023-12-14,Dallas Mavericks,Minnesota Timberwolves,101,119,0.47,0.5,0.219,0.452,0.889,0.68,34,45,21,30,15,15,2023-24,Away
2023-12-14,Portland Trail Blazers,Utah Jazz,114,122,0.417,0.533,0.356,0.333,0.667,0.929,49,45,30,27,11,11,2023-24,Away
2023-12-14,Denver Nuggets,Brooklyn Nets,124,101,0.475,0.411,0.333,0.267,0.857,0.75,48,53,31,28,8,16,2023-24,Home
2023-12-14,Boston Celtics,Cleveland Cavaliers,116,107,0.506,0.482,0.361,0.333,0.85,0.941,44,39,22,21,13,16,2023-24,Home
2023-12-14,Miami Heat,Chicago Bulls,116,124,0.463,0.484,0.441,0.389,0.771,0.667,42,43,26,32,10,5,2023-24,Away
2023-12-14,LA Clippers,Golden State Warriors,121,113,0.506,0.435,0.406,0.356,0.867,0.895,40,43,27,22,13,11,2023-24,Home
2023-12-14,Sacramento Kings,Oklahoma City Thunder,128,123,0.495,0.431,0.4,0.306,0.762,0.889,47,44,32,26,17,13,2023-24,Home
2023-12-15,Memphis Grizzlies,Houston Rockets,96,103,0.402,0.364,0.275,0.379,0.733,0.875,48,51,19,18,17,11,2023-24,Away
2023-12-15,Washington Wizards,Indiana Pacers,137,123,0.565,0.449,0.481,0.375,0.769,0.75,47,41,36,35,17,15,2023-24,Home
2023-12-15,Charlotte Hornets,New Orleans Pelicans,107,112,0.446,0.475,0.29,0.333,0.762,0.844,39,49,18,24,8,15,2023-24,Away
2023-12-15,Philadelphia 76ers,Detroit Pistons,124,92,0.418,0.432,0.378,0.19,0.903,0.783,54,42,24,19,11,21,2023-24,Home
2023-12-15,Phoenix Suns,New York Knicks,122,139,0.522,0.598,0.393,0.586,0.81,0.857,33,38,30,28,11,11,2023-24,Away
2023-12-15,San Antonio Spurs,Los Angeles Lakers,129,115,0.495,0.483,0.429,0.306,0.895,0.643,45,43,35,32,8,6,2023-24,Home
2023-12-15,Boston Celtics,Orlando Magic,128,111,0.522,0.483,0.429,0.4,0.7,0.722,34,45,31,25,10,21,2023-24,Home
2023-12-15,Toronto Raptors,Atlanta Hawks,104,125,0.519,0.515,0.323,0.39,0.56,0.833,32,55,30,34,14,12,2023-24,Away
2023-12-16,Milwaukee Bucks,Detroit Pistons,146,114,0.568,0.448,0.452,0.214,0.844,0.846,49,36,24,25,14,8,2023-24,Home
2023-12-16,Cleveland Cavaliers,Atlanta Hawks,127,119,0.485,0.482,0.381,0.417,0.867,0.88,49,34,32,21,10,11,2023-24,Home
2023-12-16,Denver Nuggets,Oklahoma City Thunder,117,118,0.452,0.512,0.375,0.333,0.875,0.833,46,40,30,22,9,10,2023-24,Away
2023-12-16,Golden State Warriors,Brooklyn Nets,124,120,0.484,0.484,0.531,0.395,0.95,0.867,42,42,29,31,14,16,2023-24,Home
2023-12-16,Portland Trail Blazers,Dallas Mavericks,120,131,0.5,0.495,0.219,0.34,0.864,0.905,44,47,17,27,11,12,2023-24,Away
2023-12-16,Sacramento Kings,Utah Jazz,125,104,0.541,0.442,0.489,0.324,0.733,0.762,45,37,36,28,14,12,2023-24,Home
2023-12-16,Charlotte Hornets,Philadelphia 76ers,82,135,0.363,0.602,0.2,0.452,0.818,0.882,36,45,15,30,11,10,2023-24,Away
2023-12-16,Miami Heat,Chicago Bulls,118,116,0.518,0.481,0.371,0.421,0.76,0.897,31,40,26,25,10,14,2023-24,Home
2023-12-16,LA Clippers,New York Knicks,144,122,0.568,0.468,0.485,0.314,0.824,0.885,42,39,36,20,8,10,2023-24,Home
2023-12-16,Minnesota Timberwolves,Indiana Pacers,127,109,0.558,0.5,0.6,0.286,0.813,0.813,36,40,33,25,15,13,2023-24,Home
2023-12-17,Milwaukee Bucks,Houston Rockets,128,119,0.5,0.529,0.361,0.407,0.781,0.857,46,31,25,26,15,9,2023-24,Home
2023-12-17,San Antonio Spurs,New Orleans Pelicans,110,146,0.426,0.561,0.357,0.524,0.714,0.636,39,51,29,38,13,13,2023-24,Away
2023-12-17,Boston Celtics,Orlando Magic,114,97,0.474,0.382,0.472,0.306,0.875,0.75,55,43,18,18,14,8,2023-24,Home
2023-12-17,Portland Trail Blazers,Golden State Warriors,114,118,0.471,0.529,0.371,0.342,0.913,0.684,37,43,23,31,13,14,2023-24,Away
2023-12-17,Phoenix Suns,Washington Wizards,112,108,0.456,0.411,0.226,0.304,0.767,0.8,54,44,29,24,17,10,2023-24,Home
2023-12-18,Oklahoma City Thunder,Memphis Grizzlies,116,97,0.457,0.353,0.306,0.352,0.913,0.857,53,45,31,25,12,22,2023-24,Home
2023-12-18,Denver Nuggets,Dallas Mavericks,130,104,0.563,0.446,0.538,0.342,0.818,0.474,46,43,29,19,8,11,2023-24,Home
2023-12-18,Miami Heat,Minnesota Timberwolves,108,112,0.471,0.494,0.367,0.379,0.833,0.895,40,45,27,27,15,13,2023-24,Away
2023-12-18,Sacramento Kings,Washington Wizards,143,131,0.53,0.518,0.395,0.474,0.769,0.833,42,39,35,26,7,11,2023-24,Home
2023-12-18,Atlanta Hawks,Detroit Pistons,130,124,0.541,0.511,0.444,0.409,0.815,0.704,40,36,25,23,17,13,2023-24,Home
2023-12-18,Los Angeles Lakers,New York Knicks,109,114,0.424,0.477,0.317,0.333,0.923,0.87,41,52,29,21,10,15,2023-24,Away
2023-12-18,Cleveland Cavaliers,Houston Rockets,135,130,0.485,0.461,0.396,0.364,0.647,0.889,38,47,29,34,11,13,2023-24,Home
2023-12-18,Indiana Pacers,LA Clippers,127,151,0.516,0.571,0.364,0.5,0.81,0.87,34,46,38,26,11,11,2023-24,Away
2023-12-18,Toronto Raptors,Charlotte Hornets,114,99,0.512,0.438,0.276,0.25,0.818,1.0,51,36,30,18,17,12,2023-24,Home
2023-12-18,Philadelphia 76ers,Chicago Bulls,104,108,0.432,0.472,0.344,0.414,0.895,0.8,44,45,23,24,12,10,2023-24,Away
2023-12-18,Utah Jazz,Brooklyn Nets,125,108,0.495,0.433,0.412,0.41,0.875,0.7,51,36,30,25,14,13,2023-24,Home
2023-12-19,Golden State Warriors,Boston Celtics,132,126,0.459,0.412,0.4,0.293,0.857,0.882,59,55,29,28,10,8,2023-24,Home
2023-12-19,Milwaukee Bucks,San Antonio Spurs,132,119,0.472,0.479,0.367,0.3,0.778,0.857,47,52,34,27,6,16,2023-24,Home
2023-12-19,Portland Trail Blazers,Phoenix Suns,109,104,0.448,0.447,0.5,0.217,0.895,0.714,42,47,23,23,15,13,2023-24,Home
2023-12-19,New Orleans Pelicans,Memphis Grizzlies,113,115,0.471,0.5,0.44,0.323,0.917,0.793,39,42,23,19,11,17,2023-24,Away
2023-12-20,Sacramento Kings,Boston Celtics,119,144,0.473,0.554,0.477,0.524,0.522,0.833,37,50,29,35,7,9,2023-24,Away
2023-12-20,Orlando Magic,Miami Heat,106,115,0.461,0.482,0.25,0.517,0.789,0.833,49,39,29,25,11,11,2023-24,Away
2023-12-20,Indiana Pacers,Charlotte Hornets,144,113,0.613,0.474,0.462,0.258,0.933,0.789,38,37,37,23,13,10,2023-24,Home
2023-12-20,Philadelphia 76ers,Minnesota Timberwolves,127,113,0.536,0.512,0.364,0.36,0.906,0.833,36,39,20,22,12,18,2023-24,Home
2023-12-20,Toronto Raptors,Denver Nuggets,104,113,0.478,0.5,0.333,0.364,0.692,0.429,41,46,26,29,11,8,2023-24,Away
2023-12-20,Houston Rockets,Atlanta Hawks,127,134,0.494,0.516,0.471,0.425,1.0,0.821,37,44,25,31,8,9,2023-24,Away
2023-12-20,Brooklyn Nets,New York Knicks,102,121,0.366,0.463,0.319,0.394,0.765,0.8,49,54,25,24,11,11,2023-24,Away
2023-12-20,Dallas Mavericks,LA Clippers,111,120,0.429,0.558,0.326,0.355,0.704,0.92,36,44,23,27,6,12,2023-24,Away
2023-12-20,Chicago Bulls,Los Angeles Lakers,124,108,0.545,0.447,0.529,0.324,0.909,0.8,48,40,25,27,15,13,2023-24,Home
2023-12-20,Cleveland Cavaliers,Utah Jazz,124,116,0.469,0.513,0.451,0.433,0.688,0.821,44,38,34,24,11,16,2023-24,Home
2023-12-21,Memphis Grizzlies,Indiana Pacers,116,103,0.512,0.422,0.457,0.346,0.667,0.818,41,39,27,28,18,16,2023-24,Home
2023-12-21,Oklahoma City Thunder,LA Clippers,134,115,0.586,0.473,0.471,0.395,0.889,0.833,38,40,35,23,11,15,2023-24,Home
2023-12-21,Chicago Bulls,San Antonio Spurs,114,95,0.544,0.457,0.25,0.333,0.818,0.688,36,41,24,24,11,19,2023-24,Home
2023-12-21,Milwaukee Bucks,Orlando Magic,118,114,0.422,0.455,0.297,0.242,0.886,0.696,51,45,26,26,13,7,2023-24,Home
2023-12-21,Cleveland Cavaliers,New Orleans Pelicans,104,123,0.471,0.547,0.386,0.429,0.625,0.875,35,40,34,32,11,9,2023-24,Away
2023-12-21,Minnesota Timberwolves,Los Angeles Lakers,118,111,0.483,0.494,0.389,0.417,0.8,0.792,40,38,32,21,14,17,2023-24,Home
2023-12-21,Detroit Pistons,Utah Jazz,111,119,0.5,0.457,0.29,0.367,0.842,0.917,41,44,24,26,20,12,2023-24,Away
2023-12-21,Portland Trail Blazers,Washington Wizards,117,118,0.453,0.5,0.467,0.4,0.739,0.688,51,37,24,26,15,11,2023-24,Away
2023-12-22,Golden State Warriors,Washington Wizards,129,118,0.485,0.454,0.4,0.314,0.85,0.792,57,39,33,25,12,9,2023-24,Home
2023-12-22,Philadelphia 76ers,Toronto Raptors,121,111,0.53,0.448,0.452,0.273,0.905,0.857,38,46,34,30,13,12,2023-24,Home
2023-12-22,Miami Heat,Atlanta Hawks,122,113,0.465,0.438,0.436,0.352,0.833,0.714,48,43,21,29,17,13,2023-24,Home
2023-12-22,Houston Rockets,Dallas Mavericks,122,96,0.484,0.347,0.289,0.175,0.826,0.731,63,47,21,18,16,11,2023-24,Home
2023-12-22,Brooklyn Nets,Denver Nuggets,117,122,0.483,0.517,0.394,0.423,0.692,0.84,45,41,32,29,10,6,2023-24,Away
2023-12-22,Sacramento Kings,Phoenix Suns,120,105,0.53,0.443,0.316,0.2,0.769,0.786,37,45,32,19,12,15,2023-24,Home
2023-12-23,Chicago Bulls,Cleveland Cavaliers,95,109,0.438,0.443,0.229,0.267,0.895,0.731,37,48,23,28,12,12,2023-24,Away
2023-12-23,Indiana Pacers,Orlando Magic,110,117,0.524,0.534,0.441,0.333,0.692,0.805,33,39,27,22,15,13,2023-24,Away
2023-12-23,Brooklyn Nets,Detroit Pistons,126,115,0.523,0.494,0.417,0.429,0.813,0.759,38,36,32,26,10,13,2023-24,Home
2023-12-23,New Orleans Pelicans,Houston Rockets,104,106,0.463,0.427,0.258,0.31,0.69,0.771,46,44,21,21,16,11,2023-24,Away
2023-12-23,Oklahoma City Thunder,Los Angeles Lakers,120,129,0.484,0.522,0.317,0.5,0.789,0.826,42,44,24,37,9,9,2023-24,Away
2023-12-23,Charlotte Hornets,Denver Nuggets,95,102,0.386,0.433,0.286,0.4,0.826,0.857,47,48,23,25,17,14,2023-24,Away
2023-12-23,Dallas Mavericks,San Antonio Spurs,144,119,0.52,0.449,0.511,0.311,0.81,0.708,52,42,26,32,12,10,2023-24,Home
2023-12-23,Golden State Warriors,Portland Trail Blazers,126,106,0.578,0.452,0.303,0.371,0.833,0.68,49,30,38,26,16,11,2023-24,Home
2023-12-23,Toronto Raptors,Utah Jazz,119,126,0.479,0.527,0.406,0.447,0.842,0.929,39,41,35,35,11,11,2023-24,Away
2023-12-23,Atlanta Hawks,Memphis Grizzlies,119,125,0.469,0.515,0.302,0.333,0.8,0.636,41,51,28,29,10,11,2023-24,Away
2023-12-23,Sacramento Kings,Minnesota Timberwolves,98,110,0.435,0.506,0.242,0.303,0.762,0.857,40,43,23,31,11,12,2023-24,Away
2023-12-23,LA Clippers,Boston Celtics,108,145,0.461,0.521,0.324,0.472,1.0,0.786,34,51,25,33,10,9,2023-24,Away
2023-12-23,New York Knicks,Milwaukee Bucks,111,130,0.441,0.527,0.31,0.5,0.952,0.783,41,53,17,25,11,14,2023-24,Away
2023-12-25,Los Angeles Lakers,Boston Celtics,115,126,0.478,0.505,0.406,0.31,0.762,0.75,43,44,24,31,12,8,2023-24,Away
2023-12-25,Miami Heat,Philadelphia 76ers,119,113,0.476,0.426,0.375,0.378,0.771,0.64,56,36,27,23,14,7,2023-24,Home
2023-12-25,Denver Nuggets,Golden State Warriors,120,114,0.488,0.46,0.412,0.35,0.813,0.87,43,39,25,23,14,13,2023-24,Home
2023-12-25,Phoenix Suns,Dallas Mavericks,114,128,0.444,0.536,0.341,0.364,0.8,0.733,47,38,28,28,15,11,2023-24,Away
2023-12-25,New York Knicks,Milwaukee Bucks,129,122,0.543,0.474,0.308,0.31,0.808,0.792,41,44,27,26,11,11,2023-24,Home
2023-12-26,Portland Trail Blazers,Sacramento Kings,130,113,0.5,0.484,0.4,0.238,0.8,0.813,46,40,28,25,7,10,2023-24,Home
2023-12-26,San Antonio Spurs,Utah Jazz,118,130,0.449,0.495,0.457,0.372,0.667,0.909,43,53,36,34,9,14,2023-24,Away
2023-12-26,Oklahoma City Thunder,Minnesota Timberwolves,129,106,0.605,0.466,0.462,0.444,0.813,0.813,29,34,35,22,11,21,2023-24,Home
2023-12-26,Chicago Bulls,Atlanta Hawks,118,113,0.457,0.461,0.28,0.289,0.871,0.857,48,40,23,24,8,15,2023-24,Home
2023-12-26,LA Clippers,Charlotte Hornets,113,104,0.471,0.462,0.412,0.207,0.76,0.75,45,42,24,31,13,11,2023-24,Home
2023-12-26,New Orleans Pelicans,Memphis Grizzlies,115,116,0.433,0.433,0.323,0.239,0.636,0.844,46,50,18,24,14,17,2023-24,Away
2023-12-26,Washington Wizards,Orlando Magic,119,127,0.494,0.527,0.381,0.462,0.81,0.68,47,40,27,30,20,16,2023-24,Away
2023-12-26,Houston Rockets,Indiana Pacers,117,123,0.485,0.524,0.208,0.442,0.818,0.857,44,45,19,28,10,20,2023-24,Away
2023-12-26,Detroit Pistons,Brooklyn Nets,112,118,0.444,0.5,0.36,0.409,0.719,0.628,52,42,20,22,13,9,2023-24,Away
2023-12-27,Dallas Mavericks,Cleveland Cavaliers,110,113,0.443,0.435,0.27,0.395,0.846,0.696,37,57,21,33,10,16,2023-24,Away
2023-12-27,Orlando Magic,Philadelphia 76ers,92,112,0.392,0.469,0.273,0.357,0.875,0.706,43,48,17,14,16,10,2023-24,Away
2023-12-27,Oklahoma City Thunder,New York Knicks,129,120,0.544,0.5,0.438,0.412,0.773,0.8,27,40,20,24,4,18,2023-24,Home
2023-12-27,Washington Wizards,Toronto Raptors,102,132,0.467,0.571,0.242,0.395,0.667,0.684,34,53,25,43,16,17,2023-24,Away
2023-12-27,Brooklyn Nets,Milwaukee Bucks,122,144,0.446,0.584,0.219,0.451,0.862,0.739,47,41,29,41,9,10,2023-24,Away
2023-12-27,Houston Rockets,Phoenix Suns,113,129,0.417,0.573,0.415,0.424,0.727,0.808,33,44,20,28,9,19,2023-24,Away
2023-12-28,Golden State Warriors,Miami Heat,102,114,0.42,0.484,0.242,0.323,0.8,0.727,43,44,27,26,13,7,2023-24,Away
2023-12-28,Boston Celtics,Detroit Pistons,128,122,0.485,0.475,0.282,0.326,0.84,0.632,43,57,25,27,12,18,2023-24,Home
2023-12-28,Chicago Bulls,Indiana Pacers,104,120,0.412,0.506,0.259,0.452,0.773,0.682,47,47,19,30,7,13,2023-24,Away
2023-12-28,Denver Nuggets,Memphis Grizzlies,142,105,0.573,0.416,0.488,0.371,0.857,0.72,53,36,43,23,11,11,2023-24,Home
2023-12-28,New Orleans Pelicans,Utah Jazz,112,105,0.549,0.424,0.37,0.308,0.8,0.84,35,42,27,27,14,18,2023-24,Home
2023-12-28,Los Angeles Lakers,Charlotte Hornets,133,112,0.536,0.471,0.5,0.455,1.0,0.607,42,43,41,29,11,19,2023-24,Home
2023-12-28,Portland Trail Blazers,San Antonio Spurs,105,118,0.347,0.482,0.306,0.278,0.75,0.929,57,42,16,33,13,11,2023-24,Away
2023-12-28,Minnesota Timberwolves,Dallas Mavericks,118,110,0.514,0.444,0.515,0.424,0.735,0.842,38,39,23,29,22,16,2023-24,Home
2023-12-29,LA Clippers,Memphis Grizzlies,117,106,0.494,0.437,0.282,0.325,0.8,0.85,54,33,28,29,17,12,2023-24,Home
2023-12-29,Orlando Magic,New York Knicks,117,108,0.449,0.442,0.212,0.2,0.75,0.897,49,40,24,22,15,16,2023-24,Home
2023-12-29,Houston Rockets,Philadelphia 76ers,127,131,0.538,0.523,0.467,0.364,0.714,0.879,42,30,30,22,16,10,2023-24,Away
2023-12-29,Cleveland Cavaliers,Milwaukee Bucks,111,119,0.476,0.513,0.14,0.414,0.778,0.893,37,43,28,26,8,17,2023-24,Away
2023-12-29,Portland Trail Blazers,San Antonio Spurs,134,128,0.505,0.511,0.593,0.424,0.815,0.72,43,42,28,31,14,14,2023-24,Home
2023-12-29,Phoenix Suns,Charlotte Hornets,133,119,0.622,0.478,0.6,0.5,0.958,1.0,39,26,34,32,14,6,2023-24,Home
2023-12-29,Atlanta Hawks,Sacramento Kings,110,117,0.394,0.517,0.349,0.378,0.84,0.533,51,38,29,35,15,12,2023-24,Away
2023-12-29,Boston Celtics,Toronto Raptors,120,118,0.489,0.463,0.436,0.386,0.85,0.65,52,38,29,29,16,4,2023-24,Home
2023-12-29,Washington Wizards,Brooklyn Nets,110,104,0.505,0.429,0.395,0.321,0.429,0.63,43,54,28,24,6,10,2023-24,Home
2023-12-29,Denver Nuggets,Oklahoma City Thunder,93,119,0.424,0.505,0.27,0.343,0.733,0.938,36,51,30,29,16,11,2023-24,Away
2023-12-30,Indiana Pacers,New York Knicks,140,126,0.588,0.474,0.535,0.459,0.81,0.704,34,42,40,24,16,13,2023-24,Home
2023-12-30,Detroit Pistons,Toronto Raptors,129,127,0.5,0.505,0.429,0.5,0.875,0.821,41,33,29,26,11,7,2023-24,Home
2023-12-30,Golden State Warriors,Dallas Mavericks,122,132,0.456,0.557,0.396,0.4,0.692,0.818,47,43,32,25,10,9,2023-24,Away
2023-12-30,Minnesota Timberwolves,Los Angeles Lakers,108,106,0.5,0.42,0.353,0.292,0.833,0.781,45,39,24,23,19,10,2023-24,Home
2023-12-30,Chicago Bulls,Philadelphia 76ers,105,92,0.506,0.391,0.28,0.237,0.6,0.733,53,36,21,24,16,7,2023-24,Home
2023-12-30,Utah Jazz,Miami Heat,117,109,0.462,0.436,0.268,0.29,0.714,0.8,43,46,29,20,10,16,2023-24,Home
2023-12-31,Oklahoma City Thunder,Brooklyn Nets,124,108,0.542,0.38,0.545,0.261,0.8,0.645,46,47,31,26,13,6,2023-24,Home
2023-12-31,Washington Wizards,Atlanta Hawks,126,130,0.469,0.495,0.321,0.375,0.81,0.649,42,58,35,27,9,12,2023-24,Away
2023-12-31,San Antonio Spurs,Boston Celtics,101,134,0.426,0.537,0.267,0.357,0.75,0.773,39,57,28,29,12,10,2023-24,Away
2023-12-31,Phoenix Suns,Orlando Magic,112,107,0.5,0.467,0.296,0.324,0.842,0.917,35,45,21,22,6,15,2023-24,Home
2023-12-31,New Orleans Pelicans,Los Angeles Lakers,129,109,0.517,0.476,0.5,0.313,0.815,0.84,47,35,33,26,11,13,2023-24,Home
2023-12-31,Memphis Grizzlies,Sacramento Kings,92,123,0.366,0.511,0.3,0.485,0.714,0.765,34,59,20,28,8,12,2023-24,Away
2024-01-01,Utah Jazz,Dallas Mavericks,127,90,0.51,0.398,0.273,0.275,0.944,0.5,53,41,37,28,12,16,2023-24,Home
2024-01-01,New York Knicks,Minnesota Timberwolves,112,106,0.438,0.474,0.353,0.393,0.786,0.793,49,34,23,19,13,13,2023-24,Home
2024-01-01,Toronto Raptors,Cleveland Cavaliers,124,121,0.483,0.483,0.367,0.333,0.725,0.885,47,43,25,25,11,9,2023-24,Home
2024-01-01,Phoenix Suns,Portland Trail Blazers,109,88,0.475,0.413,0.379,0.267,0.667,0.737,47,36,24,21,16,18,2023-24,Home
2024-01-01,Houston Rockets,Detroit Pistons,136,113,0.56,0.482,0.429,0.448,0.792,0.741,39,37,34,27,9,17,2023-24,Home
2024-01-01,LA Clippers,Miami Heat,121,104,0.588,0.422,0.483,0.324,0.929,0.793,37,35,25,24,15,13,2023-24,Home
2024-01-01,Milwaukee Bucks,Indiana Pacers,113,122,0.441,0.443,0.25,0.143,0.808,0.816,46,52,27,23,11,7,2023-24,Away
2024-01-01,Denver Nuggets,Charlotte Hornets,111,93,0.494,0.419,0.395,0.385,0.778,0.688,44,45,27,24,10,12,2023-24,Home
2024-01-02,New Orleans Pelicans,Brooklyn Nets,112,85,0.466,0.357,0.41,0.256,0.778,0.5,53,43,23,26,16,12,2023-24,Home
2024-01-02,Sacramento Kings,Charlotte Hornets,104,111,0.435,0.512,0.389,0.353,0.588,0.789,48,35,23,23,20,14,2023-24,Away
2024-01-02,Memphis Grizzlies,San Antonio Spurs,106,98,0.463,0.424,0.316,0.323,0.8,0.696,46,40,24,21,15,14,2023-24,Home
2024-01-02,Golden State Warriors,Orlando Magic,121,115,0.538,0.446,0.371,0.389,0.649,0.826,36,41,23,19,12,17,2023-24,Home
2024-01-02,Oklahoma City Thunder,Boston Celtics,127,123,0.527,0.457,0.45,0.375,0.765,0.828,38,47,34,33,10,14,2023-24,Home
2024-01-02,Philadelphia 76ers,Chicago Bulls,110,97,0.475,0.385,0.4,0.189,0.733,0.696,43,51,28,17,17,18,2023-24,Home
2024-01-03,Utah Jazz,Detroit Pistons,154,148,0.515,0.533,0.5,0.463,0.914,0.773,43,48,28,33,12,17,2023-24,Home
2024-01-03,Phoenix Suns,LA Clippers,122,131,0.532,0.553,0.429,0.529,0.885,0.906,32,36,23,25,16,12,2023-24,Away
2024-01-03,Houston Rockets,Brooklyn Nets,112,101,0.487,0.387,0.487,0.295,0.704,0.615,48,50,27,25,16,8,2023-24,Home
2024-01-03,Cleveland Cavaliers,Washington Wizards,140,101,0.535,0.416,0.476,0.343,0.75,0.455,62,36,37,22,8,8,2023-24,Home
2024-01-03,Minnesota Timberwolves,New Orleans Pelicans,106,117,0.451,0.556,0.323,0.462,0.815,0.882,28,41,26,30,11,12,2023-24,Away
2024-01-03,Memphis Grizzlies,Toronto Raptors,111,116,0.426,0.482,0.357,0.462,0.842,0.815,43,46,25,25,10,12,2023-24,Away
2024-01-03,Atlanta Hawks,Oklahoma City Thunder,141,138,0.505,0.549,0.359,0.5,0.939,0.769,49,37,30,30,11,13,2023-24,Home
2024-01-03,New York Knicks,Chicago Bulls,116,100,0.517,0.416,0.395,0.406,0.818,0.813,52,39,29,24,15,11,2023-24,Home
2024-01-03,Sacramento Kings,Orlando Magic,138,135,0.486,0.489,0.375,0.568,0.677,0.815,58,39,36,33,17,20,2023-24,Home
2024-01-03,Dallas Mavericks,Portland Trail Blazers,126,97,0.5,0.391,0.433,0.325,0.707,0.727,43,46,25,23,11,22,2023-24,Home
2024-01-03,Los Angeles Lakers,Miami Heat,96,110,0.422,0.441,0.133,0.381,0.917,0.706,50,39,29,30,21,8,2023-24,Away
2024-01-03,Indiana Pacers,Milwaukee Bucks,142,130,0.556,0.5,0.4,0.378,0.824,0.75,44,42,34,30,10,13,2023-24,Home
2024-01-04,Golden State Warriors,Denver Nuggets,127,130,0.544,0.565,0.417,0.346,0.875,0.862,33,36,35,28,8,7,2023-24,Away
2024-01-04,San Antonio Spurs,Milwaukee Bucks,121,125,0.484,0.533,0.35,0.353,0.882,0.789,42,42,31,27,11,14,2023-24,Away
2024-01-05,Dallas Mavericks,Portland Trail Blazers,139,103,0.583,0.411,0.447,0.325,0.667,0.706,52,42,35,27,17,18,2023-24,Home
2024-01-05,New Orleans Pelicans,LA Clippers,95,111,0.359,0.488,0.414,0.417,0.739,0.8,43,50,22,28,9,14,2023-24,Away
2024-01-05,Denver Nuggets,Orlando Magic,120,122,0.505,0.5,0.273,0.472,0.789,0.676,38,40,28,25,13,14,2023-24,Away
2024-01-05,Sacramento Kings,Toronto Raptors,135,130,0.52,0.54,0.553,0.351,0.667,0.852,42,37,35,31,14,14,2023-24,Home
2024-01-05,Philadelphia 76ers,New York Knicks,92,128,0.407,0.483,0.261,0.439,0.741,0.96,38,49,22,27,14,11,2023-24,Away
2024-01-05,Cleveland Cavaliers,Washington Wizards,114,90,0.532,0.417,0.485,0.3,0.696,0.733,52,31,31,19,23,16,2023-24,Home
2024-01-05,Boston Celtics,Utah Jazz,126,97,0.433,0.362,0.347,0.176,0.861,0.676,56,57,24,23,12,18,2023-24,Home
2024-01-05,Brooklyn Nets,Oklahoma City Thunder,124,115,0.451,0.536,0.359,0.29,0.848,0.667,51,36,25,29,15,13,2023-24,Home
2024-01-05,Golden State Warriors,Detroit Pistons,113,109,0.463,0.449,0.421,0.295,0.84,0.8,45,40,24,25,16,11,2023-24,Home
2024-01-05,Houston Rockets,Minnesota Timberwolves,95,122,0.4,0.523,0.375,0.424,0.733,0.8,38,52,18,31,15,14,2023-24,Away
2024-01-05,Los Angeles Lakers,Memphis Grizzlies,113,127,0.494,0.537,0.357,0.511,0.704,0.8,35,44,26,33,13,17,2023-24,Away
2024-01-05,Phoenix Suns,Miami Heat,113,97,0.506,0.41,0.4,0.27,0.647,0.864,44,44,30,26,9,15,2023-24,Home
2024-01-05,Chicago Bulls,Charlotte Hornets,104,91,0.541,0.404,0.357,0.294,0.824,0.75,41,42,29,20,14,11,2023-24,Home
2024-01-05,Indiana Pacers,Atlanta Hawks,150,116,0.638,0.43,0.487,0.238,0.846,0.867,39,39,50,21,14,14,2023-24,Home
2024-01-06,Indiana Pacers,Boston Celtics,101,118,0.413,0.511,0.19,0.39,0.773,0.526,38,56,23,26,9,17,2023-24,Away
2024-01-06,Houston Rockets,Milwaukee Bucks,112,108,0.434,0.461,0.382,0.265,0.844,0.69,46,41,22,20,10,11,2023-24,Home
2024-01-06,Philadelphia 76ers,Utah Jazz,109,120,0.404,0.575,0.184,0.267,0.783,0.833,34,48,30,30,6,23,2023-24,Away
2024-01-06,Washington Wizards,New York Knicks,105,121,0.471,0.494,0.351,0.389,0.6,0.875,45,45,33,27,20,14,2023-24,Away
2024-01-07,Orlando Magic,Atlanta Hawks,117,110,0.439,0.462,0.415,0.3,0.636,0.586,57,50,25,21,11,12,2023-24,Home
2024-01-07,Golden State Warriors,Toronto Raptors,118,133,0.45,0.585,0.304,0.455,0.933,0.571,43,45,30,38,10,7,2023-24,Away
2024-01-07,Sacramento Kings,New Orleans Pelicans,100,133,0.418,0.61,0.333,0.543,0.75,0.875,25,51,28,35,9,16,2023-24,Away
2024-01-07,Dallas Mavericks,Minnesota Timberwolves,115,108,0.453,0.436,0.375,0.317,0.7,0.619,44,51,20,22,11,13,2023-24,Home
2024-01-07,Brooklyn Nets,Portland Trail Blazers,127,134,0.505,0.474,0.378,0.526,0.84,0.8,44,38,29,21,15,9,2023-24,Away
2024-01-07,Cleveland Cavaliers,San Antonio Spurs,117,115,0.489,0.477,0.372,0.378,0.714,0.864,44,40,27,22,16,11,2023-24,Home
2024-01-07,Los Angeles Lakers,LA Clippers,106,103,0.512,0.396,0.379,0.378,0.688,0.895,40,40,23,21,19,14,2023-24,Home
2024-01-07,Denver Nuggets,Detroit Pistons,131,114,0.588,0.472,0.37,0.375,0.871,0.7,38,37,35,28,12,11,2023-24,Home
2024-01-07,Phoenix Suns,Memphis Grizzlies,115,121,0.451,0.443,0.286,0.347,0.682,0.75,50,54,29,29,12,17,2023-24,Away
2024-01-08,Miami Heat,Houston Rockets,120,113,0.5,0.42,0.417,0.341,0.719,0.893,45,42,30,20,11,12,2023-24,Home
2024-01-08,Indiana Pacers,Boston Celtics,133,131,0.527,0.522,0.475,0.486,0.818,0.69,39,42,29,26,13,15,2023-24,Home
2024-01-08,LA Clippers,Phoenix Suns,138,111,0.624,0.494,0.517,0.333,0.739,0.862,44,25,32,17,12,14,2023-24,Home
2024-01-08,Milwaukee Bucks,Utah Jazz,116,132,0.447,0.522,0.472,0.455,0.789,0.818,38,47,31,33,9,10,2023-24,Away
2024-01-08,Washington Wizards,Oklahoma City Thunder,128,136,0.494,0.591,0.469,0.5,0.862,0.75,38,40,32,37,14,14,2023-24,Away
2024-01-08,Charlotte Hornets,Chicago Bulls,112,119,0.426,0.489,0.405,0.346,0.882,0.833,44,51,26,27,12,13,2023-24,Away
2024-01-09,Dallas Mavericks,Memphis Grizzlies,103,120,0.439,0.484,0.333,0.378,0.815,0.857,33,54,20,27,12,16,2023-24,Away
2024-01-09,Orlando Magic,Minnesota Timberwolves,92,113,0.362,0.538,0.31,0.4,0.611,0.789,46,48,20,34,12,18,2023-24,Away
2024-01-09,Los Angeles Lakers,Toronto Raptors,132,131,0.543,0.564,0.444,0.486,0.778,0.615,39,37,34,34,15,12,2023-24,Home
2024-01-09,Detroit Pistons,Sacramento Kings,110,131,0.471,0.574,0.378,0.394,0.762,0.714,40,44,27,39,21,17,2023-24,Away
2024-01-09,New York Knicks,Portland Trail Blazers,112,84,0.416,0.384,0.375,0.207,0.87,0.667,55,43,26,19,14,15,2023-24,Home
2024-01-10,Detroit Pistons,San Antonio Spurs,108,130,0.458,0.521,0.313,0.333,0.769,0.852,43,46,33,36,10,5,2023-24,Away
2024-01-10,Chicago Bulls,Houston Rockets,124,119,0.442,0.475,0.404,0.244,0.84,0.6,46,50,31,29,14,14,2023-24,Home
2024-01-10,Miami Heat,Oklahoma City Thunder,120,128,0.461,0.593,0.417,0.424,0.821,0.75,38,42,25,36,10,12,2023-24,Away
2024-01-10,Indiana Pacers,Washington Wizards,112,104,0.446,0.432,0.32,0.226,0.917,0.7,54,46,31,24,13,13,2023-24,Home
2024-01-10,LA Clippers,Toronto Raptors,126,120,0.527,0.548,0.441,0.4,1.0,0.889,36,37,34,31,7,14,2023-24,Home
2024-01-10,Utah Jazz,Denver Nuggets,124,111,0.554,0.457,0.394,0.394,0.826,0.857,40,34,34,26,16,16,2023-24,Home
2024-01-10,Golden State Warriors,New Orleans Pelicans,105,141,0.438,0.574,0.308,0.475,0.833,0.737,43,47,24,37,17,11,2023-24,Away
2024-01-10,Charlotte Hornets,Sacramento Kings,98,123,0.402,0.517,0.421,0.371,0.75,0.783,36,53,17,24,8,9,2023-24,Away
2024-01-10,Atlanta Hawks,Philadelphia 76ers,139,132,0.471,0.451,0.353,0.353,0.738,0.848,55,51,32,26,12,11,2023-24,Home
2024-01-10,Boston Celtics,Minnesota Timberwolves,127,120,0.433,0.463,0.404,0.412,0.968,0.9,46,47,21,22,8,9,2023-24,Home
2024-01-11,Milwaukee Bucks,Boston Celtics,135,102,0.565,0.374,0.429,0.257,0.813,0.833,54,31,34,22,9,6,2023-24,Home
2024-01-11,Oklahoma City Thunder,Portland Trail Blazers,139,77,0.57,0.277,0.4,0.224,0.864,0.625,59,42,41,16,12,9,2023-24,Home
2024-01-11,Los Angeles Lakers,Phoenix Suns,109,127,0.5,0.495,0.382,0.359,0.64,0.913,37,46,33,23,18,12,2023-24,Away
2024-01-11,Dallas Mavericks,New York Knicks,128,124,0.5,0.494,0.415,0.333,0.767,0.786,38,45,27,27,10,14,2023-24,Home
2024-01-11,Cleveland Cavaliers,Brooklyn Nets,111,102,0.39,0.451,0.295,0.296,0.791,0.714,47,41,16,18,11,16,2023-24,Home
2024-01-12,Philadelphia 76ers,Sacramento Kings,112,93,0.43,0.337,0.429,0.211,0.944,0.808,46,54,23,20,13,16,2023-24,Home
2024-01-12,Detroit Pistons,Houston Rockets,110,112,0.5,0.456,0.343,0.267,0.625,0.88,46,41,32,21,14,9,2023-24,Away
2024-01-12,Denver Nuggets,New Orleans Pelicans,125,113,0.556,0.472,0.424,0.394,0.733,0.727,48,35,30,30,15,8,2023-24,Home
2024-01-12,Memphis Grizzlies,LA Clippers,119,128,0.432,0.551,0.409,0.484,0.704,0.75,46,43,30,22,9,12,2023-24,Away
2024-01-12,Chicago Bulls,Golden State Warriors,131,140,0.581,0.521,0.45,0.426,0.813,0.733,36,44,31,39,12,3,2023-24,Away
2024-01-12,Utah Jazz,Toronto Raptors,145,113,0.559,0.432,0.488,0.5,0.769,0.703,56,31,34,25,13,13,2023-24,Home
2024-01-12,Atlanta Hawks,Indiana Pacers,108,126,0.449,0.671,0.367,0.611,0.739,0.75,28,45,25,41,14,25,2023-24,Away
2024-01-12,Minnesota Timberwolves,Portland Trail Blazers,116,93,0.55,0.39,0.355,0.357,0.708,0.676,45,38,35,18,15,19,2023-24,Home
2024-01-12,Miami Heat,Orlando Magic,99,96,0.446,0.439,0.308,0.3,0.85,0.6,41,38,23,26,16,11,2023-24,Home
2024-01-12,San Antonio Spurs,Charlotte Hornets,135,99,0.517,0.36,0.474,0.294,0.794,0.893,45,44,31,22,14,19,2023-24,Home
2024-01-13,Atlanta Hawks,Washington Wizards,99,127,0.344,0.485,0.275,0.375,0.727,0.808,50,54,21,32,14,12,2023-24,Away
2024-01-13,Boston Celtics,Houston Rockets,145,113,0.537,0.404,0.511,0.233,0.76,0.867,50,50,26,20,11,12,2023-24,Home
2024-01-13,Milwaukee Bucks,Golden State Warriors,129,118,0.543,0.48,0.419,0.417,0.824,0.643,50,41,33,23,12,7,2023-24,Home
2024-01-13,Utah Jazz,Los Angeles Lakers,132,125,0.452,0.5,0.324,0.448,0.923,0.833,52,40,28,30,10,12,2023-24,Home
2024-01-13,Oklahoma City Thunder,Orlando Magic,112,100,0.457,0.464,0.222,0.2,0.857,0.625,46,50,23,21,8,15,2023-24,Home
2024-01-13,Dallas Mavericks,New Orleans Pelicans,108,118,0.451,0.494,0.366,0.4,0.95,0.757,34,44,23,29,12,10,2023-24,Away
2024-01-13,Memphis Grizzlies,New York Knicks,94,106,0.414,0.482,0.237,0.342,0.867,0.684,35,56,27,25,12,22,2023-24,Away
2024-01-13,San Antonio Spurs,Chicago Bulls,116,122,0.411,0.511,0.391,0.441,0.87,0.75,47,47,26,31,8,9,2023-24,Away
2024-01-14,Portland Trail Blazers,Phoenix Suns,116,127,0.449,0.605,0.476,0.464,0.727,0.815,36,41,23,27,13,12,2023-24,Away
2024-01-14,Milwaukee Bucks,Sacramento Kings,143,142,0.522,0.524,0.465,0.415,0.844,0.75,40,47,31,34,13,9,2023-24,Home
2024-01-14,Minnesota Timberwolves,LA Clippers,109,105,0.567,0.434,0.5,0.436,0.645,0.889,41,34,25,28,17,11,2023-24,Home
2024-01-14,Denver Nuggets,Indiana Pacers,117,109,0.648,0.467,0.5,0.276,0.652,0.682,40,37,31,28,21,13,2023-24,Home
2024-01-14,Miami Heat,Charlotte Hornets,104,87,0.494,0.347,0.44,0.244,0.813,0.733,44,50,27,17,14,13,2023-24,Home
2024-01-15,Dallas Mavericks,New Orleans Pelicans,125,120,0.459,0.506,0.419,0.304,0.829,0.756,42,37,24,21,11,9,2023-24,Home
2024-01-15,Washington Wizards,Detroit Pistons,117,129,0.463,0.556,0.463,0.387,0.909,0.739,33,52,30,30,8,15,2023-24,Away
2024-01-15,Brooklyn Nets,Miami Heat,95,96,0.343,0.379,0.218,0.258,0.938,0.88,50,54,26,22,8,12,2023-24,Away
2024-01-15,Memphis Grizzlies,Golden State Warriors,116,107,0.372,0.489,0.37,0.323,0.8,0.9,42,45,24,28,11,19,2023-24,Home
2024-01-15,Atlanta Hawks,San Antonio Spurs,109,99,0.43,0.4,0.342,0.262,0.762,0.706,57,44,24,27,16,17,2023-24,Home
2024-01-15,Cleveland Cavaliers,Chicago Bulls,109,91,0.411,0.422,0.351,0.281,1.0,0.75,48,43,28,21,11,18,2023-24,Home
2024-01-15,New York Knicks,Orlando Magic,94,98,0.398,0.447,0.325,0.276,0.682,0.667,41,46,20,26,9,7,2023-24,Away
2024-01-15,Philadelphia 76ers,Houston Rockets,124,115,0.482,0.5,0.484,0.296,0.853,0.594,41,46,25,21,10,13,2023-24,Home
2024-01-15,Toronto Raptors,Boston Celtics,96,105,0.4,0.402,0.125,0.41,0.762,0.92,52,53,25,20,7,12,2023-24,Away
2024-01-15,Utah Jazz,Indiana Pacers,132,105,0.556,0.4,0.44,0.29,0.886,0.8,46,43,29,27,14,13,2023-24,Home
2024-01-15,Los Angeles Lakers,Oklahoma City Thunder,112,105,0.524,0.417,0.333,0.306,0.889,0.909,44,40,30,23,17,11,2023-24,Home
2024-01-16,Philadelphia 76ers,Denver Nuggets,126,121,0.566,0.506,0.484,0.414,0.735,0.76,32,46,27,23,8,10,2023-24,Home
2024-01-16,Phoenix Suns,Sacramento Kings,119,117,0.494,0.5,0.459,0.45,0.9,0.583,46,31,32,34,16,14,2023-24,Home
2024-01-16,LA Clippers,Oklahoma City Thunder,128,117,0.54,0.506,0.465,0.471,0.609,0.85,39,35,30,30,9,12,2023-24,Home
2024-01-17,Toronto Raptors,Miami Heat,121,97,0.511,0.456,0.526,0.214,0.611,0.75,45,37,34,24,10,14,2023-24,Home
2024-01-17,Atlanta Hawks,Orlando Magic,106,104,0.513,0.443,0.32,0.286,0.909,0.727,41,40,21,18,23,13,2023-24,Home
2024-01-17,Boston Celtics,San Antonio Spurs,117,98,0.467,0.419,0.474,0.206,0.789,0.813,54,41,22,26,12,10,2023-24,Home
2024-01-17,Cleveland Cavaliers,Milwaukee Bucks,135,95,0.591,0.4,0.429,0.286,0.684,0.7,55,36,36,19,10,10,2023-24,Home
2024-01-17,Los Angeles Lakers,Dallas Mavericks,127,110,0.538,0.462,0.429,0.275,0.708,0.833,45,43,33,26,10,15,2023-24,Home
2024-01-17,Detroit Pistons,Minnesota Timberwolves,117,124,0.517,0.505,0.387,0.5,0.684,0.714,40,42,30,32,12,9,2023-24,Away
2024-01-17,New Orleans Pelicans,Charlotte Hornets,132,112,0.5,0.433,0.532,0.422,0.826,0.833,50,41,32,29,12,13,2023-24,Home
2024-01-17,New York Knicks,Houston Rockets,109,94,0.448,0.417,0.351,0.267,0.818,0.842,51,38,24,23,12,10,2023-24,Home
2024-01-17,Portland Trail Blazers,Brooklyn Nets,105,103,0.488,0.479,0.333,0.395,0.857,0.667,41,33,21,28,9,10,2023-24,Home
2024-01-18,Minnesota Timberwolves,Memphis Grizzlies,118,103,0.549,0.459,0.429,0.412,0.762,0.647,39,34,30,22,14,14,2023-24,Home
2024-01-18,New York Knicks,Washington Wizards,113,109,0.453,0.456,0.342,0.323,0.846,0.773,47,46,22,31,17,12,2023-24,Home
2024-01-18,Sacramento Kings,Indiana Pacers,121,126,0.518,0.551,0.405,0.394,0.563,0.789,38,34,27,33,11,11,2023-24,Away
2024-01-18,Utah Jazz,Oklahoma City Thunder,129,134,0.483,0.558,0.406,0.438,0.833,0.857,38,38,33,36,14,15,2023-24,Away
2024-01-18,Toronto Raptors,Chicago Bulls,110,116,0.506,0.527,0.263,0.25,0.8,0.824,38,42,31,30,14,10,2023-24,Away
2024-01-19,New Orleans Pelicans,Phoenix Suns,109,123,0.441,0.495,0.238,0.366,0.739,0.762,42,48,27,32,11,8,2023-24,Away
2024-01-19,Boston Celtics,Denver Nuggets,100,102,0.427,0.519,0.318,0.258,0.714,0.769,38,47,21,20,2,9,2023-24,Away
2024-01-19,Miami Heat,Atlanta Hawks,108,109,0.463,0.46,0.387,0.429,0.909,0.824,44,38,21,23,16,13,2023-24,Away
2024-01-19,Portland Trail Blazers,Indiana Pacers,118,115,0.5,0.429,0.333,0.426,0.857,0.68,47,37,18,34,9,13,2023-24,Home
2024-01-19,Charlotte Hornets,San Antonio Spurs,124,120,0.56,0.56,0.552,0.469,0.875,0.647,40,34,25,36,17,13,2023-24,Home
2024-01-19,Los Angeles Lakers,Brooklyn Nets,112,130,0.444,0.526,0.364,0.404,0.833,0.786,44,41,31,31,14,8,2023-24,Away
2024-01-19,Orlando Magic,Philadelphia 76ers,109,124,0.474,0.483,0.435,0.433,0.926,0.931,36,42,24,23,16,7,2023-24,Away
2024-01-20,Charlotte Hornets,Philadelphia 76ers,89,97,0.412,0.424,0.243,0.2,0.714,0.833,47,46,23,21,16,10,2023-24,Away
2024-01-20,New York Knicks,Toronto Raptors,126,100,0.545,0.413,0.359,0.324,0.8,0.565,61,31,27,29,21,10,2023-24,Home
2024-01-20,Minnesota Timberwolves,Oklahoma City Thunder,97,102,0.413,0.395,0.378,0.333,0.724,0.857,50,37,22,21,21,8,2023-24,Away
2024-01-20,Chicago Bulls,Memphis Grizzlies,125,96,0.516,0.427,0.424,0.31,0.81,0.826,52,32,32,28,11,15,2023-24,Home
2024-01-20,Washington Wizards,San Antonio Spurs,127,131,0.476,0.531,0.31,0.387,0.87,0.739,46,49,28,38,11,17,2023-24,Away
2024-01-20,Atlanta Hawks,Cleveland Cavaliers,95,116,0.398,0.506,0.289,0.372,0.667,0.875,45,49,25,32,11,13,2023-24,Away
2024-01-20,Houston Rockets,Utah Jazz,127,126,0.427,0.457,0.333,0.302,0.636,0.773,56,59,27,28,7,17,2023-24,Home
2024-01-20,Detroit Pistons,Milwaukee Bucks,135,141,0.468,0.553,0.568,0.375,0.813,0.714,40,49,30,30,8,10,2023-24,Away
2024-01-21,LA Clippers,Brooklyn Nets,125,114,0.506,0.489,0.5,0.359,0.848,0.75,45,36,26,29,10,12,2023-24,Home
2024-01-21,Phoenix Suns,Indiana Pacers,117,110,0.573,0.436,0.32,0.452,0.833,0.609,44,40,25,28,16,11,2023-24,Home
2024-01-21,Washington Wizards,Denver Nuggets,104,113,0.429,0.489,0.296,0.364,0.818,0.679,40,50,31,29,13,13,2023-24,Away
2024-01-21,Los Angeles Lakers,Portland Trail Blazers,134,110,0.547,0.467,0.394,0.31,0.931,0.85,45,35,28,24,12,12,2023-24,Home
2024-01-21,Houston Rockets,Boston Celtics,107,116,0.436,0.439,0.286,0.362,0.682,0.722,49,55,26,31,15,16,2023-24,Away
2024-01-21,Orlando Magic,Miami Heat,105,87,0.474,0.375,0.321,0.324,0.786,0.833,44,36,21,22,14,14,2023-24,Home
2024-01-22,Minnesota Timberwolves,Charlotte Hornets,125,128,0.524,0.568,0.439,0.378,0.76,0.778,36,35,34,30,13,10,2023-24,Away
2024-01-22,Dallas Mavericks,Boston Celtics,110,119,0.443,0.466,0.35,0.326,0.714,0.733,48,44,24,26,10,6,2023-24,Away
2024-01-22,Sacramento Kings,Atlanta Hawks,122,107,0.462,0.387,0.316,0.35,0.889,0.778,51,50,22,19,8,12,2023-24,Home
2024-01-22,Orlando Magic,Cleveland Cavaliers,99,126,0.459,0.563,0.379,0.526,0.667,0.727,34,39,25,29,15,9,2023-24,Away
2024-01-22,Phoenix Suns,Chicago Bulls,115,113,0.518,0.484,0.412,0.378,0.765,0.643,39,47,32,25,7,10,2023-24,Home
2024-01-22,Philadelphia 76ers,San Antonio Spurs,133,123,0.495,0.462,0.25,0.317,0.8,0.889,48,43,28,29,4,8,2023-24,Home
2024-01-22,Toronto Raptors,Memphis Grizzlies,100,108,0.443,0.463,0.348,0.382,0.957,0.583,47,47,31,30,17,15,2023-24,Away
2024-01-22,Detroit Pistons,Milwaukee Bucks,113,122,0.449,0.447,0.333,0.256,0.793,0.824,42,49,25,26,10,9,2023-24,Away
2024-01-23,LA Clippers,Los Angeles Lakers,127,116,0.591,0.489,0.519,0.344,0.75,0.682,36,41,33,27,14,15,2023-24,Home
2024-01-23,New Orleans Pelicans,Utah Jazz,153,124,0.577,0.467,0.5,0.333,0.667,0.813,57,38,41,27,9,8,2023-24,Home
2024-01-23,Oklahoma City Thunder,Portland Trail Blazers,111,109,0.483,0.43,0.304,0.462,0.643,0.81,43,46,23,27,12,19,2023-24,Home
2024-01-23,Indiana Pacers,Denver Nuggets,109,114,0.494,0.5,0.238,0.333,0.857,0.882,38,42,24,22,10,10,2023-24,Away
2024-01-23,Brooklyn Nets,New York Knicks,103,108,0.442,0.465,0.357,0.345,0.8,0.947,40,42,29,21,13,13,2023-24,Away
2024-01-24,Golden State Warriors,Atlanta Hawks,134,112,0.56,0.415,0.485,0.326,0.727,0.769,49,45,26,30,10,10,2023-24,Home
2024-01-24,Washington Wizards,Minnesota Timberwolves,107,118,0.481,0.42,0.417,0.281,0.793,0.862,49,48,31,26,21,7,2023-24,Away
2024-01-24,Miami Heat,Memphis Grizzlies,96,105,0.402,0.45,0.324,0.472,0.76,0.842,44,44,21,30,17,18,2023-24,Away
2024-01-24,Houston Rockets,Portland Trail Blazers,131,137,0.532,0.51,0.333,0.429,0.864,0.917,37,48,29,31,8,12,2023-24,Away
2024-01-24,Dallas Mavericks,Phoenix Suns,109,132,0.461,0.6,0.395,0.412,0.556,0.727,33,49,25,30,14,15,2023-24,Away
2024-01-24,Detroit Pistons,Charlotte Hornets,113,106,0.5,0.437,0.395,0.395,0.6,0.789,44,48,26,27,11,11,2023-24,Home
2024-01-24,San Antonio Spurs,Oklahoma City Thunder,114,140,0.5,0.563,0.281,0.45,0.76,0.875,38,47,30,36,18,15,2023-24,Away
2024-01-24,Milwaukee Bucks,Cleveland Cavaliers,126,116,0.5,0.505,0.379,0.342,0.893,0.733,46,39,24,26,11,12,2023-24,Home
2024-01-25,Los Angeles Lakers,Chicago Bulls,141,132,0.609,0.534,0.645,0.324,0.75,0.897,30,39,35,27,12,16,2023-24,Home
2024-01-25,Indiana Pacers,Philadelphia 76ers,134,122,0.57,0.483,0.429,0.241,0.762,0.721,55,31,35,24,21,12,2023-24,Home
2024-01-25,Golden State Warriors,Sacramento Kings,133,134,0.558,0.527,0.514,0.458,0.783,0.842,33,34,30,33,13,10,2023-24,Away
2024-01-25,Brooklyn Nets,Minnesota Timberwolves,94,96,0.455,0.493,0.303,0.476,0.875,0.75,32,38,22,24,13,14,2023-24,Away
2024-01-25,Washington Wizards,Utah Jazz,108,123,0.489,0.515,0.233,0.419,0.75,0.833,35,52,33,34,11,15,2023-24,Away
2024-01-25,New York Knicks,Denver Nuggets,122,84,0.529,0.405,0.395,0.192,0.85,0.846,44,40,26,20,8,19,2023-24,Home
2024-01-25,Miami Heat,Boston Celtics,110,143,0.447,0.638,0.381,0.55,0.769,0.95,31,47,25,36,4,11,2023-24,Away
2024-01-26,Toronto Raptors,LA Clippers,107,127,0.458,0.505,0.188,0.281,0.591,0.917,45,50,26,29,11,10,2023-24,Away
2024-01-26,Memphis Grizzlies,Orlando Magic,107,106,0.467,0.469,0.366,0.265,0.615,0.724,43,40,30,21,13,11,2023-24,Home
2024-01-26,New Orleans Pelicans,Oklahoma City Thunder,83,107,0.39,0.477,0.25,0.303,0.714,0.929,41,45,24,22,20,11,2023-24,Away
2024-01-26,Atlanta Hawks,Dallas Mavericks,143,148,0.526,0.6,0.441,0.543,0.867,0.844,36,37,32,28,7,13,2023-24,Away
2024-01-26,Milwaukee Bucks,Cleveland Cavaliers,100,112,0.402,0.413,0.382,0.389,0.708,0.71,51,51,21,20,18,13,2023-24,Away
2024-01-26,San Antonio Spurs,Portland Trail Blazers,116,100,0.457,0.422,0.294,0.27,0.846,0.737,59,37,30,23,17,13,2023-24,Home
2024-01-26,Indiana Pacers,Phoenix Suns,133,131,0.532,0.573,0.308,0.433,0.6,0.889,48,38,34,24,12,20,2023-24,Home
2024-01-26,Charlotte Hornets,Houston Rockets,104,138,0.412,0.562,0.31,0.394,0.781,0.806,32,53,20,34,13,12,2023-24,Away
2024-01-27,Charlotte Hornets,Utah Jazz,122,134,0.511,0.559,0.406,0.415,0.714,0.765,35,49,35,38,10,13,2023-24,Away
2024-01-27,Milwaukee Bucks,New Orleans Pelicans,141,117,0.56,0.471,0.444,0.391,0.76,0.778,45,43,30,20,9,14,2023-24,Home
2024-01-27,Brooklyn Nets,Houston Rockets,106,104,0.486,0.394,0.353,0.27,0.595,0.87,40,55,24,20,19,17,2023-24,Home
2024-01-27,Detroit Pistons,Washington Wizards,104,118,0.435,0.45,0.281,0.324,0.778,0.81,45,50,22,26,17,9,2023-24,Away
2024-01-27,San Antonio Spurs,Minnesota Timberwolves,113,112,0.548,0.57,0.433,0.538,0.533,0.533,39,32,35,30,15,13,2023-24,Home
2024-01-27,Boston Celtics,LA Clippers,96,115,0.36,0.441,0.25,0.25,0.875,0.833,52,58,21,28,11,7,2023-24,Away
2024-01-27,New York Knicks,Miami Heat,125,109,0.517,0.466,0.515,0.378,0.692,0.813,46,38,25,26,7,8,2023-24,Home
2024-01-27,Dallas Mavericks,Sacramento Kings,115,120,0.439,0.538,0.348,0.367,0.722,0.767,43,39,35,27,10,13,2023-24,Away
2024-01-27,Denver Nuggets,Philadelphia 76ers,111,105,0.451,0.531,0.351,0.273,0.632,0.813,44,39,25,25,7,11,2023-24,Home
2024-01-27,Golden State Warriors,Los Angeles Lakers,144,145,0.462,0.485,0.397,0.333,0.688,0.884,50,55,37,33,17,19,2023-24,Away
2024-01-28,Atlanta Hawks,Toronto Raptors,126,125,0.463,0.461,0.222,0.484,0.8,0.875,51,46,27,29,14,14,2023-24,Home
2024-01-28,Portland Trail Blazers,Chicago Bulls,96,104,0.405,0.467,0.182,0.25,0.897,0.706,48,40,22,27,13,4,2023-24,Away
2024-01-28,Detroit Pistons,Oklahoma City Thunder,120,104,0.495,0.478,0.423,0.286,0.789,0.667,53,43,27,17,9,10,2023-24,Home
2024-01-28,Indiana Pacers,Memphis Grizzlies,116,110,0.489,0.463,0.371,0.367,0.938,0.742,44,45,31,20,10,13,2023-24,Home
2024-01-28,Orlando Magic,Phoenix Suns,113,98,0.446,0.562,0.333,0.286,0.731,0.571,40,39,30,19,7,22,2023-24,Home
2024-01-29,Cleveland Cavaliers,LA Clippers,118,108,0.488,0.475,0.325,0.324,0.808,0.75,46,37,28,28,13,12,2023-24,Home
2024-01-29,Dallas Mavericks,Orlando Magic,131,129,0.623,0.511,0.481,0.474,0.744,0.75,35,35,27,27,15,11,2023-24,Home
2024-01-29,Portland Trail Blazers,Philadelphia 76ers,130,104,0.548,0.446,0.429,0.172,0.897,0.893,39,34,29,17,13,14,2023-24,Home
2024-01-29,Charlotte Hornets,New York Knicks,92,113,0.457,0.524,0.344,0.324,0.5,0.813,41,42,23,25,13,9,2023-24,Away
2024-01-29,Miami Heat,Phoenix Suns,105,118,0.393,0.489,0.389,0.35,1.0,0.706,44,47,20,30,11,7,2023-24,Away
2024-01-29,Houston Rockets,Los Angeles Lakers,135,119,0.531,0.495,0.333,0.371,0.76,0.615,56,35,36,26,15,12,2023-24,Home
2024-01-29,Denver Nuggets,Milwaukee Bucks,113,107,0.484,0.429,0.222,0.4,0.875,0.76,47,40,29,24,8,12,2023-24,Home
2024-01-29,Memphis Grizzlies,Sacramento Kings,94,103,0.375,0.512,0.361,0.289,0.75,0.6,37,51,22,24,14,19,2023-24,Away
2024-01-29,Oklahoma City Thunder,Minnesota Timberwolves,101,107,0.443,0.482,0.4,0.483,0.773,0.867,38,45,21,21,12,13,2023-24,Away
2024-01-29,Brooklyn Nets,Utah Jazz,147,114,0.514,0.453,0.467,0.333,0.947,0.794,50,44,41,23,8,17,2023-24,Home
2024-01-29,San Antonio Spurs,Washington Wizards,113,118,0.467,0.535,0.4,0.36,0.882,0.708,36,45,31,32,14,18,2023-24,Away
2024-01-29,Boston Celtics,New Orleans Pelicans,118,112,0.506,0.505,0.37,0.286,0.75,0.769,40,40,27,21,11,12,2023-24,Home
2024-01-30,Chicago Bulls,Toronto Raptors,107,118,0.507,0.518,0.344,0.483,0.741,0.9,33,38,21,34,17,19,2023-24,Away
2024-01-30,Golden State Warriors,Philadelphia 76ers,119,107,0.557,0.459,0.438,0.433,0.895,0.762,42,39,32,11,16,16,2023-24,Home
2024-01-30,Atlanta Hawks,Los Angeles Lakers,138,122,0.525,0.533,0.421,0.364,0.889,0.56,46,37,32,28,12,14,2023-24,Home
2024-01-30,New York Knicks,Utah Jazz,118,103,0.468,0.453,0.382,0.333,0.944,0.765,45,43,29,23,5,14,2023-24,Home
2024-01-30,Boston Celtics,Indiana Pacers,129,124,0.54,0.463,0.472,0.308,0.818,0.8,40,50,25,33,10,7,2023-24,Home
2024-01-31,Oklahoma City Thunder,Denver Nuggets,105,100,0.425,0.398,0.423,0.405,0.8,0.688,53,47,24,21,11,8,2023-24,Home
2024-01-31,Portland Trail Blazers,Milwaukee Bucks,119,116,0.533,0.489,0.429,0.289,1.0,0.722,39,39,26,27,11,13,2023-24,Home
2024-01-31,San Antonio Spurs,Orlando Magic,98,108,0.45,0.477,0.29,0.35,0.708,0.826,41,45,24,29,17,15,2023-24,Away
2024-01-31,Brooklyn Nets,Phoenix Suns,120,136,0.5,0.62,0.41,0.5,0.769,0.75,27,42,28,35,11,15,2023-24,Away
2024-01-31,Houston Rockets,New Orleans Pelicans,99,110,0.402,0.5,0.295,0.324,0.941,0.708,29,56,19,20,5,16,2023-24,Away
2024-01-31,Washington Wizards,LA Clippers,109,125,0.464,0.47,0.31,0.4,0.667,0.864,45,52,19,25,13,8,2023-24,Away
2024-01-31,Charlotte Hornets,Chicago Bulls,110,117,0.444,0.517,0.348,0.379,0.824,0.727,40,44,25,28,9,9,2023-24,Away
2024-01-31,Miami Heat,Sacramento Kings,115,106,0.5,0.441,0.464,0.3,0.783,0.667,49,44,38,26,8,9,2023-24,Home
2024-01-31,Minnesota Timberwolves,Dallas Mavericks,121,87,0.563,0.408,0.433,0.207,0.6,0.731,45,31,31,18,10,16,2023-24,Home
2024-01-31,Cleveland Cavaliers,Detroit Pistons,128,121,0.528,0.556,0.343,0.516,0.957,0.789,33,35,26,27,9,17,2023-24,Home
2024-02-01,Boston Celtics,Los Angeles Lakers,105,114,0.423,0.404,0.333,0.528,1.0,0.731,54,52,30,30,15,7,2023-24,Away
2024-02-01,Utah Jazz,Philadelphia 76ers,124,127,0.517,0.5,0.333,0.438,0.88,0.905,43,40,36,27,9,4,2023-24,Away
2024-02-01,Memphis Grizzlies,Cleveland Cavaliers,101,108,0.411,0.477,0.316,0.4,0.882,0.667,43,48,25,26,12,14,2023-24,Away
2024-02-01,New York Knicks,Indiana Pacers,109,105,0.398,0.452,0.211,0.394,0.76,0.615,60,44,15,21,10,13,2023-24,Home
2024-02-02,Minnesota Timberwolves,Orlando Magic,106,108,0.463,0.459,0.316,0.36,0.9,0.808,38,42,24,24,17,13,2023-24,Away
2024-02-02,San Antonio Spurs,New Orleans Pelicans,113,114,0.479,0.484,0.256,0.269,0.611,0.714,55,39,35,29,18,9,2023-24,Away
2024-02-02,Indiana Pacers,Sacramento Kings,122,133,0.541,0.567,0.345,0.382,0.833,0.643,39,38,23,26,22,16,2023-24,Away
2024-02-02,Memphis Grizzlies,Golden State Warriors,101,121,0.402,0.554,0.304,0.379,0.708,0.818,37,46,30,32,13,14,2023-24,Away
2024-02-02,Washington Wizards,Miami Heat,102,110,0.411,0.432,0.262,0.226,0.81,0.771,43,59,28,24,8,12,2023-24,Away
2024-02-02,Atlanta Hawks,Phoenix Suns,129,120,0.516,0.534,0.386,0.378,0.778,0.857,43,38,29,31,9,16,2023-24,Home
2024-02-02,Denver Nuggets,Portland Trail Blazers,120,108,0.505,0.463,0.333,0.357,0.941,0.8,48,37,34,14,11,8,2023-24,Home
2024-02-02,Oklahoma City Thunder,Charlotte Hornets,126,106,0.587,0.446,0.472,0.452,0.778,0.714,44,35,31,22,16,14,2023-24,Home
2024-02-02,Houston Rockets,Toronto Raptors,135,106,0.591,0.44,0.355,0.333,0.824,0.75,49,37,30,17,14,14,2023-24,Home
2024-02-02,Detroit Pistons,LA Clippers,125,136,0.506,0.596,0.425,0.483,0.75,0.842,38,36,28,31,16,9,2023-24,Away
2024-02-03,Dallas Mavericks,Milwaukee Bucks,117,129,0.494,0.568,0.41,0.4,0.913,0.68,42,36,22,34,21,11,2023-24,Away
2024-02-03,Chicago Bulls,Sacramento Kings,115,123,0.462,0.5,0.324,0.385,0.909,0.828,47,40,24,33,16,16,2023-24,Away
2024-02-03,New York Knicks,Los Angeles Lakers,105,113,0.41,0.488,0.286,0.387,0.867,0.852,51,38,21,28,7,5,2023-24,Away
2024-02-03,Philadelphia 76ers,Brooklyn Nets,121,136,0.458,0.516,0.414,0.392,0.778,0.783,44,53,26,35,5,10,2023-24,Away
2024-02-03,San Antonio Spurs,Cleveland Cavaliers,101,117,0.367,0.474,0.3,0.295,0.81,0.923,54,51,23,31,11,9,2023-24,Away
2024-02-03,Atlanta Hawks,Golden State Warriors,141,134,0.482,0.446,0.326,0.321,0.773,0.8,57,57,27,26,8,14,2023-24,Home
2024-02-04,Denver Nuggets,Portland Trail Blazers,112,103,0.488,0.459,0.429,0.355,0.842,0.933,42,42,26,29,8,13,2023-24,Home
2024-02-04,Boston Celtics,Memphis Grizzlies,131,91,0.485,0.38,0.373,0.289,0.889,0.833,57,46,30,19,10,20,2023-24,Home
2024-02-04,Detroit Pistons,Orlando Magic,99,111,0.45,0.536,0.258,0.417,0.864,0.733,36,37,22,22,15,10,2023-24,Away
2024-02-04,Minnesota Timberwolves,Houston Rockets,111,90,0.444,0.352,0.367,0.333,0.741,0.667,58,41,21,20,15,11,2023-24,Home
2024-02-04,Washington Wizards,Phoenix Suns,112,140,0.49,0.614,0.219,0.44,0.647,0.808,35,42,32,33,18,17,2023-24,Away
2024-02-04,Utah Jazz,Milwaukee Bucks,123,108,0.483,0.464,0.386,0.366,0.833,0.6,52,32,31,27,16,11,2023-24,Home
2024-02-04,Oklahoma City Thunder,Toronto Raptors,135,127,0.473,0.475,0.365,0.4,1.0,0.81,45,48,40,38,10,11,2023-24,Home
2024-02-04,Charlotte Hornets,Indiana Pacers,99,115,0.398,0.489,0.276,0.333,0.84,0.778,43,49,18,34,10,11,2023-24,Away
2024-02-04,Miami Heat,LA Clippers,95,103,0.418,0.442,0.267,0.41,0.917,0.864,45,48,24,23,10,15,2023-24,Away
2024-02-05,Atlanta Hawks,LA Clippers,144,149,0.537,0.584,0.513,0.6,0.815,0.774,39,36,35,32,11,7,2023-24,Away
2024-02-05,Philadelphia 76ers,Dallas Mavericks,102,118,0.43,0.483,0.276,0.395,0.7,0.739,51,44,20,28,11,9,2023-24,Away
2024-02-05,Charlotte Hornets,Los Angeles Lakers,118,124,0.49,0.562,0.406,0.235,0.786,0.842,34,48,26,36,9,16,2023-24,Away
2024-02-05,Cleveland Cavaliers,Sacramento Kings,136,110,0.58,0.462,0.561,0.386,0.647,0.583,45,40,36,28,8,12,2023-24,Home
2024-02-05,New Orleans Pelicans,Toronto Raptors,138,100,0.51,0.476,0.422,0.323,1.0,0.667,51,38,36,27,7,18,2023-24,Home
2024-02-05,Brooklyn Nets,Golden State Warriors,98,109,0.382,0.462,0.31,0.182,0.773,0.826,38,60,23,24,10,13,2023-24,Away
2024-02-06,Brooklyn Nets,Dallas Mavericks,107,119,0.451,0.505,0.364,0.442,0.867,0.615,43,45,33,25,10,10,2023-24,Away
2024-02-06,Chicago Bulls,Minnesota Timberwolves,129,123,0.484,0.457,0.4,0.444,0.844,0.731,48,42,24,28,14,13,2023-24,Home
2024-02-06,Indiana Pacers,Houston Rockets,132,129,0.628,0.515,0.469,0.48,0.643,0.739,25,48,35,26,12,15,2023-24,Home
2024-02-06,Phoenix Suns,Milwaukee Bucks,114,106,0.506,0.433,0.286,0.325,0.667,0.6,49,44,17,23,13,12,2023-24,Home
2024-02-06,Utah Jazz,Oklahoma City Thunder,124,117,0.517,0.478,0.4,0.514,0.9,0.667,48,32,29,26,17,11,2023-24,Home
2024-02-06,Miami Heat,Orlando Magic,121,95,0.54,0.438,0.361,0.286,0.778,0.714,45,39,31,25,13,18,2023-24,Home
2024-02-06,New York Knicks,Memphis Grizzlies,123,113,0.558,0.513,0.407,0.568,0.8,0.625,37,35,28,33,10,18,2023-24,Home
2024-02-07,Charlotte Hornets,Toronto Raptors,117,123,0.489,0.531,0.41,0.515,0.65,0.833,38,41,27,30,10,9,2023-24,Away
2024-02-07,LA Clippers,New Orleans Pelicans,106,117,0.462,0.534,0.375,0.375,0.846,0.688,37,38,23,30,19,12,2023-24,Away
2024-02-07,Boston Celtics,Atlanta Hawks,125,117,0.527,0.422,0.347,0.317,0.909,0.9,45,49,33,24,14,9,2023-24,Home
2024-02-07,Sacramento Kings,Detroit Pistons,120,133,0.474,0.56,0.341,0.548,0.682,1.0,33,48,31,32,4,11,2023-24,Away
2024-02-07,Washington Wizards,Cleveland Cavaliers,106,114,0.447,0.489,0.4,0.343,0.667,0.727,47,46,27,25,15,14,2023-24,Away
2024-02-07,Philadelphia 76ers,Golden State Warriors,104,127,0.418,0.5,0.25,0.421,1.0,0.773,40,52,21,30,14,12,2023-24,Away
2024-02-07,Miami Heat,San Antonio Spurs,116,104,0.494,0.456,0.316,0.324,0.783,0.588,45,46,29,30,10,14,2023-24,Home
2024-02-08,Orlando Magic,San Antonio Spurs,127,111,0.598,0.519,0.593,0.314,0.65,0.941,39,27,34,29,16,14,2023-24,Home
2024-02-08,Los Angeles Lakers,Denver Nuggets,106,114,0.461,0.485,0.32,0.438,0.727,0.857,39,50,27,33,7,12,2023-24,Away
2024-02-08,Indiana Pacers,Golden State Warriors,109,131,0.481,0.559,0.387,0.531,0.704,0.769,30,49,31,33,14,17,2023-24,Away
2024-02-08,New York Knicks,Dallas Mavericks,108,122,0.447,0.524,0.378,0.429,0.909,0.783,46,40,27,30,14,8,2023-24,Away
2024-02-08,Milwaukee Bucks,Minnesota Timberwolves,105,129,0.494,0.552,0.424,0.512,0.688,0.75,35,43,35,34,13,8,2023-24,Away
2024-02-08,Phoenix Suns,Utah Jazz,129,115,0.591,0.436,0.483,0.343,0.688,0.677,37,52,37,28,12,15,2023-24,Home
2024-02-08,Brooklyn Nets,Cleveland Cavaliers,95,118,0.398,0.538,0.4,0.405,0.786,1.0,34,48,22,26,12,15,2023-24,Away
2024-02-08,Memphis Grizzlies,Chicago Bulls,110,118,0.462,0.544,0.391,0.462,0.615,0.909,34,46,26,24,9,14,2023-24,Away
2024-02-08,Portland Trail Blazers,Detroit Pistons,122,128,0.461,0.484,0.367,0.593,0.879,0.71,38,45,29,26,15,16,2023-24,Away
2024-02-09,Milwaukee Bucks,Charlotte Hornets,120,84,0.436,0.342,0.346,0.241,0.833,0.793,53,48,26,17,5,13,2023-24,Home
2024-02-09,Philadelphia 76ers,Atlanta Hawks,121,127,0.429,0.519,0.333,0.444,0.759,0.818,49,40,24,31,9,13,2023-24,Away
2024-02-09,Los Angeles Lakers,New Orleans Pelicans,139,122,0.557,0.517,0.452,0.379,0.844,0.826,32,41,32,28,7,13,2023-24,Home
2024-02-09,Sacramento Kings,Denver Nuggets,135,106,0.586,0.463,0.5,0.345,0.889,0.714,42,35,32,26,16,20,2023-24,Home
2024-02-09,Boston Celtics,Washington Wizards,133,129,0.522,0.474,0.324,0.426,0.929,0.905,49,39,25,32,13,12,2023-24,Home
2024-02-09,Toronto Raptors,Houston Rockets,107,104,0.421,0.447,0.303,0.395,0.895,0.813,41,48,24,22,11,21,2023-24,Home
2024-02-10,Washington Wizards,Philadelphia 76ers,113,119,0.488,0.48,0.371,0.296,0.762,0.652,39,48,28,28,15,11,2023-24,Away
2024-02-10,Charlotte Hornets,Memphis Grizzlies,115,106,0.573,0.467,0.516,0.364,0.714,0.5,43,32,30,33,19,12,2023-24,Home
2024-02-10,Brooklyn Nets,San Antonio Spurs,123,103,0.563,0.396,0.5,0.324,0.727,0.952,41,41,31,20,11,14,2023-24,Home
2024-02-10,LA Clippers,Detroit Pistons,112,106,0.451,0.441,0.333,0.3,0.962,1.0,35,57,20,27,11,14,2023-24,Home
2024-02-10,New York Knicks,Indiana Pacers,111,125,0.476,0.61,0.313,0.483,0.913,0.579,32,41,16,30,9,15,2023-24,Away
2024-02-10,Dallas Mavericks,Oklahoma City Thunder,146,111,0.582,0.388,0.395,0.362,0.758,0.857,54,40,30,23,12,10,2023-24,Home
2024-02-10,Toronto Raptors,Cleveland Cavaliers,95,119,0.402,0.522,0.29,0.341,0.696,0.692,40,47,22,36,11,10,2023-24,Away
2024-02-10,Portland Trail Blazers,New Orleans Pelicans,84,93,0.434,0.474,0.286,0.37,0.706,0.688,42,36,19,27,17,12,2023-24,Away
2024-02-10,Golden State Warriors,Phoenix Suns,113,112,0.446,0.457,0.415,0.324,0.545,0.938,52,42,33,28,13,14,2023-24,Home
2024-02-10,Atlanta Hawks,Houston Rockets,122,113,0.455,0.44,0.341,0.302,0.757,0.632,41,58,25,22,11,17,2023-24,Home
2024-02-10,Orlando Magic,Chicago Bulls,114,108,0.466,0.434,0.333,0.324,0.731,0.714,48,43,23,21,15,8,2023-24,Home
2024-02-11,Miami Heat,Boston Celtics,106,110,0.412,0.506,0.3,0.41,0.933,0.706,45,42,21,27,7,9,2023-24,Away
2024-02-11,Oklahoma City Thunder,Sacramento Kings,127,113,0.541,0.489,0.481,0.381,0.815,0.692,36,40,30,32,9,18,2023-24,Home
2024-02-12,Houston Rockets,New York Knicks,105,103,0.45,0.457,0.385,0.333,0.697,0.583,39,51,22,19,11,16,2023-24,Home
2024-02-12,Atlanta Hawks,Chicago Bulls,126,136,0.468,0.554,0.326,0.464,0.828,0.724,49,43,33,29,11,6,2023-24,Away
2024-02-12,Charlotte Hornets,Indiana Pacers,111,102,0.537,0.506,0.294,0.267,0.813,0.625,46,32,27,31,16,11,2023-24,Home
2024-02-12,Memphis Grizzlies,New Orleans Pelicans,87,96,0.42,0.41,0.273,0.371,0.875,0.792,36,49,28,21,17,17,2023-24,Away
2024-02-12,Dallas Mavericks,Washington Wizards,112,104,0.448,0.415,0.25,0.219,0.654,0.6,56,52,27,27,16,15,2023-24,Home
2024-02-12,LA Clippers,Minnesota Timberwolves,100,121,0.405,0.535,0.321,0.324,0.885,0.947,36,41,20,33,13,11,2023-24,Away
2024-02-12,Toronto Raptors,San Antonio Spurs,99,122,0.398,0.529,0.258,0.367,0.813,0.826,47,46,25,37,19,17,2023-24,Away
2024-02-12,Milwaukee Bucks,Denver Nuggets,112,95,0.5,0.383,0.471,0.275,0.667,0.706,51,48,30,24,12,13,2023-24,Home
2024-02-12,Utah Jazz,Golden State Warriors,107,129,0.446,0.48,0.344,0.455,0.875,0.765,44,51,23,31,17,13,2023-24,Away
2024-02-12,Cleveland Cavaliers,Philadelphia 76ers,121,123,0.478,0.545,0.351,0.423,0.8,0.842,43,42,33,25,10,10,2023-24,Away
2024-02-13,Portland Trail Blazers,Minnesota Timberwolves,109,121,0.448,0.464,0.379,0.394,0.8,0.882,44,41,26,24,16,12,2023-24,Away
2024-02-13,Orlando Magic,Oklahoma City Thunder,113,127,0.451,0.548,0.306,0.406,0.8,0.917,48,31,29,28,16,11,2023-24,Away
2024-02-13,Brooklyn Nets,Boston Celtics,110,118,0.494,0.518,0.455,0.405,0.654,0.739,37,39,28,31,12,13,2023-24,Away
2024-02-13,Phoenix Suns,Sacramento Kings,130,125,0.518,0.516,0.419,0.29,0.806,0.75,39,50,29,27,12,13,2023-24,Home
2024-02-13,Los Angeles Lakers,Detroit Pistons,125,111,0.512,0.417,0.4,0.286,0.833,0.765,47,50,32,30,15,10,2023-24,Home
2024-02-13,Milwaukee Bucks,Miami Heat,97,123,0.446,0.517,0.333,0.475,0.909,0.778,38,47,24,34,18,14,2023-24,Away
2024-02-14,Golden State Warriors,LA Clippers,125,130,0.456,0.5,0.383,0.342,0.722,0.784,47,48,34,28,9,12,2023-24,Away
2024-02-14,New Orleans Pelicans,Washington Wizards,133,126,0.562,0.478,0.313,0.467,0.793,0.85,39,42,36,35,10,19,2023-24,Home
2024-02-14,Utah Jazz,Los Angeles Lakers,122,138,0.485,0.571,0.311,0.452,0.769,0.833,44,37,29,34,13,9,2023-24,Away
2024-02-14,Toronto Raptors,Indiana Pacers,125,127,0.51,0.485,0.231,0.415,0.731,0.696,56,39,30,32,15,8,2023-24,Away
2024-02-14,Philadelphia 76ers,Miami Heat,104,109,0.477,0.477,0.286,0.314,0.75,0.933,39,43,29,27,14,13,2023-24,Away
2024-02-14,Charlotte Hornets,Atlanta Hawks,122,99,0.494,0.404,0.405,0.237,0.95,0.9,46,45,27,23,12,16,2023-24,Home
2024-02-14,Cleveland Cavaliers,Chicago Bulls,108,105,0.482,0.458,0.324,0.424,0.762,0.882,36,44,31,18,8,14,2023-24,Home
2024-02-14,Dallas Mavericks,San Antonio Spurs,116,93,0.533,0.36,0.367,0.25,0.7,0.733,55,44,28,29,15,11,2023-24,Home
2024-02-14,Orlando Magic,New York Knicks,118,100,0.632,0.417,0.462,0.379,0.909,0.792,34,34,25,15,12,10,2023-24,Home
2024-02-14,Denver Nuggets,Sacramento Kings,98,102,0.393,0.438,0.346,0.273,0.864,0.789,45,48,27,21,12,14,2023-24,Away
2024-02-14,Phoenix Suns,Detroit Pistons,116,100,0.455,0.384,0.323,0.27,0.818,0.636,54,48,28,26,23,19,2023-24,Home
2024-02-14,Memphis Grizzlies,Houston Rockets,121,113,0.494,0.412,0.429,0.306,0.683,0.643,46,56,27,20,11,9,2023-24,Home
2024-02-14,Boston Celtics,Brooklyn Nets,136,86,0.571,0.383,0.489,0.323,0.833,0.933,51,31,32,27,8,11,2023-24,Home
2024-02-15,Portland Trail Blazers,Minnesota Timberwolves,91,128,0.373,0.517,0.276,0.367,0.7,0.926,35,52,18,24,15,13,2023-24,Away
2024-02-15,Utah Jazz,Golden State Warriors,137,140,0.462,0.533,0.449,0.476,0.906,0.786,48,41,33,42,16,13,2023-24,Away
2024-02-15,Memphis Grizzlies,Milwaukee Bucks,113,110,0.53,0.467,0.5,0.25,0.632,0.75,40,44,30,24,16,13,2023-24,Home
2024-02-22,Sacramento Kings,San Antonio Spurs,127,122,0.559,0.51,0.394,0.44,0.714,0.688,42,42,29,37,10,8,2023-24,Home
2024-02-22,Cleveland Cavaliers,Orlando Magic,109,116,0.557,0.512,0.455,0.56,0.808,0.889,33,33,31,26,17,13,2023-24,Away
2024-02-22,Golden State Warriors,Los Angeles Lakers,128,110,0.467,0.489,0.39,0.286,0.857,0.667,48,41,32,28,9,11,2023-24,Home
2024-02-22,Toronto Raptors,Brooklyn Nets,121,93,0.488,0.413,0.452,0.297,0.833,0.727,45,39,24,19,10,19,2023-24,Home
2024-02-22,Chicago Bulls,Boston Celtics,112,129,0.468,0.542,0.357,0.489,0.875,0.762,45,36,30,27,13,13,2023-24,Away
2024-02-22,Denver Nuggets,Washington Wizards,130,110,0.554,0.385,0.226,0.447,0.733,0.565,60,40,41,30,16,14,2023-24,Home
2024-02-22,Philadelphia 76ers,New York Knicks,96,110,0.44,0.481,0.345,0.441,0.857,0.704,38,45,23,24,18,15,2023-24,Away
2024-02-22,Oklahoma City Thunder,LA Clippers,129,107,0.556,0.452,0.486,0.375,0.706,0.846,44,42,24,27,12,14,2023-24,Home
2024-02-22,New Orleans Pelicans,Houston Rockets,127,105,0.521,0.439,0.39,0.366,0.611,0.643,43,44,35,27,13,22,2023-24,Home
2024-02-22,Dallas Mavericks,Phoenix Suns,123,113,0.478,0.482,0.432,0.417,0.857,0.75,39,41,24,20,10,16,2023-24,Home
2024-02-22,Utah Jazz,Charlotte Hornets,107,115,0.43,0.435,0.231,0.476,0.889,0.682,54,42,26,28,19,9,2023-24,Away
2024-02-22,Indiana Pacers,Detroit Pistons,129,115,0.532,0.528,0.433,0.4,0.842,0.5,42,41,36,27,13,15,2023-24,Home
2024-02-23,Golden State Warriors,Charlotte Hornets,97,84,0.427,0.364,0.31,0.282,0.8,0.818,53,43,28,21,21,18,2023-24,Home
2024-02-23,Oklahoma City Thunder,Washington Wizards,147,106,0.598,0.394,0.5,0.237,0.81,0.714,56,43,30,20,15,14,2023-24,Home
2024-02-23,Minnesota Timberwolves,Milwaukee Bucks,107,112,0.439,0.471,0.371,0.351,0.615,0.68,52,47,23,24,13,10,2023-24,Away
2024-02-23,New Orleans Pelicans,Miami Heat,95,106,0.375,0.463,0.219,0.448,0.769,0.68,54,46,20,20,11,14,2023-24,Away
2024-02-23,Atlanta Hawks,Toronto Raptors,121,123,0.434,0.49,0.308,0.385,0.708,1.0,54,47,27,37,9,11,2023-24,Away
2024-02-23,Portland Trail Blazers,Denver Nuggets,112,127,0.455,0.588,0.32,0.394,0.667,0.636,45,45,25,38,10,12,2023-24,Away
2024-02-23,Houston Rockets,Phoenix Suns,114,110,0.398,0.4,0.333,0.226,0.735,0.771,54,58,25,23,14,10,2023-24,Home
2024-02-23,Philadelphia 76ers,Cleveland Cavaliers,104,97,0.444,0.425,0.414,0.296,0.8,0.677,51,43,20,24,9,10,2023-24,Home
2024-02-23,Memphis Grizzlies,LA Clippers,95,101,0.418,0.44,0.229,0.375,0.688,0.882,41,51,26,20,12,20,2023-24,Away
2024-02-23,Los Angeles Lakers,San Antonio Spurs,123,118,0.516,0.438,0.407,0.395,0.778,0.826,46,47,28,33,12,14,2023-24,Home
2024-02-24,New York Knicks,Boston Celtics,102,116,0.451,0.568,0.342,0.429,0.938,0.75,39,36,21,27,13,7,2023-24,Away
2024-02-24,Minnesota Timberwolves,Brooklyn Nets,101,86,0.429,0.337,0.316,0.171,0.739,0.909,51,56,22,20,12,11,2023-24,Home
2024-02-24,Detroit Pistons,Orlando Magic,109,112,0.506,0.494,0.452,0.5,0.692,0.667,36,46,29,25,12,10,2023-24,Away
2024-02-25,Utah Jazz,San Antonio Spurs,128,109,0.511,0.462,0.486,0.419,0.864,0.632,38,46,36,34,17,20,2023-24,Home
2024-02-25,Golden State Warriors,Denver Nuggets,103,119,0.432,0.489,0.324,0.344,0.759,0.846,42,45,27,29,17,10,2023-24,Away
2024-02-25,Phoenix Suns,Los Angeles Lakers,123,113,0.473,0.522,0.425,0.429,0.947,0.5,51,34,32,28,12,10,2023-24,Home
2024-02-25,New Orleans Pelicans,Chicago Bulls,106,114,0.455,0.432,0.39,0.325,0.714,0.905,49,49,25,29,19,9,2023-24,Away
2024-02-25,Portland Trail Blazers,Charlotte Hornets,80,93,0.347,0.493,0.094,0.292,0.688,0.706,56,41,14,24,15,14,2023-24,Away
2024-02-25,Philadelphia 76ers,Milwaukee Bucks,98,119,0.371,0.544,0.348,0.486,0.909,0.833,41,47,24,32,10,18,2023-24,Away
2024-02-25,Houston Rockets,Oklahoma City Thunder,110,123,0.409,0.474,0.39,0.486,0.783,0.933,50,48,18,30,18,9,2023-24,Away
2024-02-25,Washington Wizards,Cleveland Cavaliers,105,114,0.444,0.506,0.3,0.313,0.722,0.741,40,47,29,35,9,10,2023-24,Away
2024-02-25,LA Clippers,Sacramento Kings,107,123,0.488,0.495,0.296,0.405,0.95,0.818,39,41,23,29,15,10,2023-24,Away
2024-02-25,Atlanta Hawks,Orlando Magic,109,92,0.456,0.417,0.414,0.368,0.882,0.444,44,51,31,23,9,18,2023-24,Home
2024-02-25,Indiana Pacers,Dallas Mavericks,133,111,0.559,0.471,0.389,0.452,0.882,0.714,46,38,38,15,12,15,2023-24,Home
2024-02-26,Memphis Grizzlies,Brooklyn Nets,86,111,0.387,0.489,0.269,0.357,0.808,0.571,40,46,16,32,14,8,2023-24,Away
2024-02-26,Indiana Pacers,Toronto Raptors,122,130,0.46,0.552,0.31,0.429,0.739,0.706,43,45,27,35,10,11,2023-24,Away
2024-02-26,Sacramento Kings,Miami Heat,110,121,0.529,0.517,0.406,0.367,0.583,0.8,41,39,30,27,15,11,2023-24,Away
2024-02-26,New York Knicks,Detroit Pistons,113,111,0.446,0.481,0.385,0.467,0.762,0.808,44,42,31,25,14,17,2023-24,Home
2024-02-27,Portland Trail Blazers,Miami Heat,96,106,0.407,0.529,0.323,0.538,0.842,0.692,40,34,24,29,17,18,2023-24,Away
2024-02-27,Minnesota Timberwolves,San Antonio Spurs,114,105,0.462,0.476,0.419,0.39,0.882,0.733,46,41,28,28,14,22,2023-24,Home
2024-02-27,Milwaukee Bucks,Charlotte Hornets,123,85,0.517,0.37,0.4,0.275,0.833,0.824,51,37,29,24,9,13,2023-24,Home
2024-02-27,Cleveland Cavaliers,Dallas Mavericks,121,119,0.53,0.527,0.5,0.424,0.722,0.6,47,36,35,23,16,5,2023-24,Home
2024-02-27,Boston Celtics,Philadelphia 76ers,117,99,0.527,0.394,0.227,0.333,0.919,0.917,56,28,21,20,14,9,2023-24,Home
2024-02-27,Orlando Magic,Brooklyn Nets,108,81,0.527,0.392,0.36,0.258,0.84,0.786,38,35,20,18,17,20,2023-24,Home
2024-02-27,New York Knicks,New Orleans Pelicans,92,115,0.373,0.506,0.304,0.529,0.696,0.826,38,44,27,23,11,14,2023-24,Away
2024-02-27,Oklahoma City Thunder,Houston Rockets,112,95,0.473,0.389,0.37,0.231,0.778,0.667,55,46,19,22,13,15,2023-24,Home
2024-02-27,Washington Wizards,Golden State Warriors,112,123,0.495,0.5,0.343,0.457,0.8,0.727,41,44,34,39,20,18,2023-24,Away
2024-02-27,Atlanta Hawks,Utah Jazz,124,97,0.495,0.372,0.375,0.289,0.87,0.842,55,43,27,24,17,17,2023-24,Home
2024-02-27,Chicago Bulls,Detroit Pistons,95,105,0.398,0.493,0.069,0.378,0.833,0.739,39,47,22,22,6,18,2023-24,Away
2024-02-28,Chicago Bulls,Cleveland Cavaliers,132,123,0.4,0.433,0.351,0.407,0.816,0.579,74,39,29,37,16,12,2023-24,Home
2024-02-28,LA Clippers,Los Angeles Lakers,112,116,0.506,0.547,0.27,0.389,0.75,0.8,36,39,29,28,12,15,2023-24,Away
2024-02-28,Toronto Raptors,Dallas Mavericks,125,136,0.469,0.542,0.371,0.349,0.667,0.81,44,50,34,32,11,14,2023-24,Away
2024-02-28,Minnesota Timberwolves,Memphis Grizzlies,110,101,0.494,0.387,0.4,0.297,0.818,0.9,39,50,29,23,13,14,2023-24,Home
2024-02-28,Indiana Pacers,New Orleans Pelicans,123,114,0.49,0.467,0.368,0.379,1.0,0.826,50,40,34,26,8,10,2023-24,Home
2024-02-28,Denver Nuggets,Sacramento Kings,117,96,0.535,0.4,0.429,0.343,0.909,0.615,43,43,35,28,15,14,2023-24,Home
2024-02-29,Los Angeles Lakers,Washington Wizards,134,131,0.525,0.51,0.348,0.415,0.833,0.833,45,45,30,35,11,15,2023-24,Home
2024-02-29,Phoenix Suns,Houston Rockets,110,105,0.404,0.333,0.351,0.244,0.676,0.903,51,58,20,14,14,12,2023-24,Home
2024-02-29,Orlando Magic,Utah Jazz,115,107,0.545,0.425,0.333,0.432,0.677,0.821,45,37,27,25,15,13,2023-24,Home
2024-02-29,New York Knicks,Golden State Warriors,99,110,0.368,0.449,0.308,0.318,0.708,0.5,56,53,23,26,12,11,2023-24,Away
2024-02-29,San Antonio Spurs,Oklahoma City Thunder,132,118,0.527,0.494,0.487,0.29,0.85,0.955,45,37,39,20,11,10,2023-24,Home
2024-02-29,Denver Nuggets,Miami Heat,103,97,0.429,0.422,0.353,0.269,0.905,0.833,41,45,22,21,15,14,2023-24,Home
2024-02-29,Brooklyn Nets,Atlanta Hawks,124,97,0.511,0.43,0.478,0.286,0.769,0.714,43,39,30,18,9,11,2023-24,Home
2024-02-29,Charlotte Hornets,Milwaukee Bucks,99,111,0.439,0.453,0.308,0.41,0.75,0.85,42,44,24,21,13,7,2023-24,Away
2024-03-01,Toronto Raptors,Golden State Warriors,105,120,0.432,0.449,0.267,0.409,0.647,0.778,47,56,31,26,14,14,2023-24,Away
2024-03-01,Boston Celtics,Dallas Mavericks,138,110,0.553,0.468,0.488,0.265,1.0,0.722,47,42,33,20,9,7,2023-24,Home
2024-03-01,Philadelphia 76ers,Charlotte Hornets,121,114,0.479,0.512,0.432,0.424,0.909,0.824,48,32,38,24,7,5,2023-24,Home
2024-03-01,Memphis Grizzlies,Portland Trail Blazers,92,122,0.443,0.522,0.375,0.419,0.591,0.813,30,46,15,31,21,14,2023-24,Away
2024-03-01,New Orleans Pelicans,Indiana Pacers,129,102,0.558,0.421,0.469,0.313,0.692,0.667,47,44,25,25,17,16,2023-24,Home
2024-03-01,Detroit Pistons,Cleveland Cavaliers,100,110,0.371,0.398,0.278,0.439,0.857,0.867,42,53,24,25,8,15,2023-24,Away
2024-03-01,LA Clippers,Washington Wizards,140,115,0.574,0.469,0.406,0.353,0.76,0.733,49,39,32,29,8,9,2023-24,Home
2024-03-01,Chicago Bulls,Milwaukee Bucks,97,113,0.419,0.43,0.407,0.326,0.875,0.75,44,49,25,22,12,7,2023-24,Away
2024-03-01,Minnesota Timberwolves,Sacramento Kings,120,124,0.494,0.5,0.387,0.379,0.75,0.542,44,45,29,29,12,7,2023-24,Away
2024-03-02,Los Angeles Lakers,Denver Nuggets,114,124,0.528,0.587,0.414,0.423,0.727,0.714,31,47,33,34,7,10,2023-24,Away
2024-03-02,Memphis Grizzlies,Portland Trail Blazers,100,107,0.361,0.424,0.375,0.314,0.758,0.75,45,50,21,23,22,22,2023-24,Away
2024-03-02,Brooklyn Nets,Atlanta Hawks,114,102,0.466,0.425,0.469,0.324,0.773,0.739,45,42,28,23,10,11,2023-24,Home
2024-03-02,Phoenix Suns,Houston Rockets,109,118,0.459,0.438,0.31,0.381,0.759,0.692,47,49,23,27,19,12,2023-24,Away
2024-03-02,Miami Heat,Utah Jazz,126,120,0.523,0.483,0.382,0.4,0.84,0.846,34,42,33,24,6,10,2023-24,Home
2024-03-03,Phoenix Suns,Oklahoma City Thunder,110,118,0.44,0.48,0.359,0.29,0.889,0.733,50,41,26,21,21,5,2023-24,Away
2024-03-03,Dallas Mavericks,Philadelphia 76ers,116,120,0.465,0.455,0.39,0.297,0.87,0.935,45,42,20,26,17,8,2023-24,Away
2024-03-03,Minnesota Timberwolves,LA Clippers,88,89,0.388,0.376,0.273,0.294,0.944,0.882,54,40,24,17,15,9,2023-24,Away
2024-03-03,San Antonio Spurs,Indiana Pacers,117,105,0.541,0.441,0.4,0.2,0.789,0.81,45,42,33,20,14,10,2023-24,Home
2024-03-03,Orlando Magic,Detroit Pistons,113,91,0.597,0.384,0.304,0.222,0.8,0.85,48,28,24,25,20,12,2023-24,Home
2024-03-03,Toronto Raptors,Charlotte Hornets,111,106,0.462,0.467,0.342,0.296,0.778,0.75,45,45,27,24,14,16,2023-24,Home
2024-03-03,Boston Celtics,Golden State Warriors,140,88,0.552,0.391,0.51,0.171,0.818,0.692,51,46,35,24,7,17,2023-24,Home
2024-03-03,Cleveland Cavaliers,New York Knicks,98,107,0.448,0.488,0.386,0.41,0.375,0.7,39,47,31,32,10,9,2023-24,Away
2024-03-04,Utah Jazz,Washington Wizards,127,115,0.485,0.426,0.4,0.421,0.867,0.826,51,43,29,26,11,15,2023-24,Home
2024-03-04,Los Angeles Lakers,Oklahoma City Thunder,116,104,0.513,0.394,0.471,0.385,0.72,0.938,55,38,29,22,20,10,2023-24,Home
2024-03-04,Milwaukee Bucks,LA Clippers,113,106,0.474,0.44,0.395,0.4,0.857,0.64,46,38,20,25,11,13,2023-24,Home
2024-03-04,Sacramento Kings,Chicago Bulls,109,113,0.446,0.5,0.297,0.344,0.889,0.818,51,32,29,28,17,9,2023-24,Away
2024-03-04,Brooklyn Nets,Memphis Grizzlies,102,106,0.443,0.463,0.357,0.324,0.567,0.818,33,50,27,26,13,18,2023-24,Away
2024-03-04,Minnesota Timberwolves,Portland Trail Blazers,119,114,0.506,0.489,0.393,0.41,0.757,0.727,40,41,28,28,11,13,2023-24,Home
2024-03-05,Houston Rockets,San Antonio Spurs,114,101,0.467,0.437,0.265,0.333,0.636,0.813,51,50,23,24,5,18,2023-24,Home
2024-03-05,Dallas Mavericks,Indiana Pacers,120,137,0.484,0.538,0.333,0.462,0.81,0.792,41,43,23,34,9,8,2023-24,Away
2024-03-05,Miami Heat,Detroit Pistons,118,110,0.494,0.438,0.452,0.286,0.87,0.909,42,42,27,26,9,10,2023-24,Home
2024-03-05,Brooklyn Nets,Philadelphia 76ers,112,107,0.488,0.488,0.4,0.429,0.75,0.789,44,38,25,25,12,12,2023-24,Home
2024-03-05,New York Knicks,Atlanta Hawks,100,116,0.384,0.506,0.308,0.323,0.727,0.783,40,51,27,26,11,14,2023-24,Away
2024-03-05,Cleveland Cavaliers,Boston Celtics,105,104,0.433,0.419,0.476,0.395,0.636,0.917,42,53,28,24,8,13,2023-24,Home
2024-03-05,Toronto Raptors,New Orleans Pelicans,98,139,0.387,0.505,0.295,0.49,0.591,0.818,45,62,21,38,11,11,2023-24,Away
2024-03-05,Charlotte Hornets,Orlando Magic,89,101,0.458,0.541,0.364,0.371,1.0,0.533,31,41,19,23,19,17,2023-24,Away
2024-03-05,Denver Nuggets,Phoenix Suns,107,117,0.427,0.438,0.375,0.441,0.714,0.818,51,52,25,32,14,9,2023-24,Away
2024-03-06,Washington Wizards,Orlando Magic,109,119,0.455,0.543,0.316,0.462,0.85,0.905,35,42,26,21,9,15,2023-24,Away
2024-03-06,Utah Jazz,Chicago Bulls,117,119,0.458,0.5,0.319,0.436,0.875,0.8,45,39,28,29,10,7,2023-24,Away
2024-03-06,Golden State Warriors,Milwaukee Bucks,125,90,0.56,0.382,0.487,0.282,0.571,0.733,50,36,37,19,14,15,2023-24,Home
2024-03-06,Los Angeles Lakers,Sacramento Kings,120,130,0.519,0.557,0.469,0.387,0.84,0.833,34,46,25,32,14,13,2023-24,Away
2024-03-06,Houston Rockets,LA Clippers,116,122,0.479,0.55,0.432,0.414,0.588,0.846,38,41,33,19,8,9,2023-24,Away
2024-03-06,Philadelphia 76ers,Memphis Grizzlies,109,115,0.382,0.451,0.371,0.351,0.857,0.87,47,54,25,21,11,15,2023-24,Away
2024-03-06,Portland Trail Blazers,Oklahoma City Thunder,120,128,0.506,0.581,0.412,0.409,0.889,0.846,32,39,27,23,17,18,2023-24,Away
2024-03-06,Atlanta Hawks,Cleveland Cavaliers,112,101,0.512,0.438,0.367,0.227,0.75,0.765,42,42,27,27,9,13,2023-24,Home
2024-03-07,Phoenix Suns,Toronto Raptors,120,113,0.512,0.457,0.429,0.364,0.85,0.733,49,36,29,30,14,9,2023-24,Home
2024-03-07,Golden State Warriors,Chicago Bulls,122,125,0.454,0.529,0.262,0.444,0.821,0.739,48,40,31,29,11,14,2023-24,Away
2024-03-07,Sacramento Kings,San Antonio Spurs,131,129,0.51,0.505,0.313,0.485,0.944,1.0,46,37,31,39,13,12,2023-24,Home
2024-03-07,Denver Nuggets,Boston Celtics,115,109,0.5,0.451,0.19,0.289,0.955,0.64,45,47,27,24,7,12,2023-24,Home
2024-03-07,Indiana Pacers,Minnesota Timberwolves,111,113,0.512,0.469,0.385,0.28,0.739,0.737,39,48,26,23,15,9,2023-24,Away
2024-03-07,Detroit Pistons,Brooklyn Nets,118,112,0.524,0.488,0.4,0.415,0.952,0.722,50,28,24,24,22,14,2023-24,Home
2024-03-07,Dallas Mavericks,Miami Heat,114,108,0.46,0.488,0.39,0.447,0.783,0.647,45,37,27,30,9,10,2023-24,Home
2024-03-08,Memphis Grizzlies,Atlanta Hawks,92,99,0.405,0.425,0.385,0.429,0.733,0.667,38,47,21,21,13,14,2023-24,Away
2024-03-08,Washington Wizards,Charlotte Hornets,112,100,0.494,0.4,0.182,0.214,0.87,0.733,54,48,25,18,11,7,2023-24,Home
2024-03-08,Los Angeles Lakers,Milwaukee Bucks,123,122,0.522,0.495,0.471,0.39,0.684,0.824,38,43,27,28,5,6,2023-24,Home
2024-03-08,Philadelphia 76ers,New Orleans Pelicans,95,103,0.398,0.443,0.243,0.355,0.8,0.957,42,48,21,22,10,12,2023-24,Away
2024-03-08,Portland Trail Blazers,Houston Rockets,107,123,0.416,0.479,0.457,0.378,0.68,0.731,49,47,22,33,17,7,2023-24,Away
2024-03-08,New York Knicks,Orlando Magic,98,74,0.481,0.342,0.485,0.231,0.75,0.7,43,37,20,12,15,13,2023-24,Home
2024-03-08,Cleveland Cavaliers,Minnesota Timberwolves,113,104,0.432,0.415,0.324,0.267,0.722,0.818,46,45,27,25,12,12,2023-24,Home
2024-03-08,Oklahoma City Thunder,Miami Heat,107,100,0.472,0.463,0.316,0.379,0.846,0.722,45,43,28,24,9,10,2023-24,Home
2024-03-09,Charlotte Hornets,Brooklyn Nets,110,99,0.543,0.4,0.367,0.333,0.733,0.765,45,41,26,22,16,15,2023-24,Home
2024-03-09,Detroit Pistons,Dallas Mavericks,124,142,0.455,0.554,0.351,0.368,0.84,0.813,56,36,27,29,19,14,2023-24,Away
2024-03-09,Golden State Warriors,San Antonio Spurs,113,126,0.466,0.512,0.333,0.515,0.724,0.75,39,49,26,34,12,12,2023-24,Away
2024-03-09,Phoenix Suns,Boston Celtics,107,117,0.506,0.489,0.29,0.385,0.625,0.769,41,43,21,29,14,12,2023-24,Away
2024-03-09,LA Clippers,Chicago Bulls,112,102,0.5,0.43,0.343,0.371,0.889,0.789,45,38,29,27,13,12,2023-24,Home
2024-03-09,Portland Trail Blazers,Toronto Raptors,128,118,0.476,0.473,0.4,0.372,0.933,0.842,52,43,31,29,14,20,2023-24,Home
2024-03-09,Denver Nuggets,Utah Jazz,142,121,0.663,0.5,0.594,0.308,0.813,0.76,32,36,40,22,13,15,2023-24,Home
2024-03-10,Los Angeles Lakers,Minnesota Timberwolves,120,109,0.53,0.423,0.417,0.348,0.759,0.846,56,38,29,27,19,11,2023-24,Home
2024-03-10,Sacramento Kings,Houston Rockets,104,112,0.453,0.464,0.188,0.414,0.87,0.815,44,42,24,23,12,12,2023-24,Away
2024-03-10,Cleveland Cavaliers,Brooklyn Nets,101,120,0.487,0.532,0.438,0.514,0.65,0.9,31,40,25,33,12,12,2023-24,Away
2024-03-10,Miami Heat,Washington Wizards,108,110,0.453,0.481,0.303,0.41,0.667,0.727,51,40,20,35,13,15,2023-24,Away
2024-03-10,New York Knicks,Philadelphia 76ers,73,79,0.325,0.388,0.225,0.3,0.75,0.571,50,47,19,20,19,13,2023-24,Away
2024-03-10,LA Clippers,Milwaukee Bucks,117,124,0.452,0.494,0.298,0.447,0.9,0.778,52,41,30,28,10,7,2023-24,Away
2024-03-10,Orlando Magic,Indiana Pacers,97,111,0.375,0.487,0.25,0.348,0.759,0.818,46,46,18,20,12,12,2023-24,Away
2024-03-10,Oklahoma City Thunder,Memphis Grizzlies,124,93,0.527,0.41,0.447,0.333,1.0,0.667,46,39,36,21,10,16,2023-24,Home
2024-03-10,Atlanta Hawks,New Orleans Pelicans,103,116,0.418,0.573,0.37,0.519,0.769,0.727,41,43,28,32,11,12,2023-24,Away
2024-03-11,Detroit Pistons,Charlotte Hornets,114,97,0.477,0.386,0.238,0.325,0.917,0.696,51,40,26,27,12,12,2023-24,Home
2024-03-11,San Antonio Spurs,Golden State Warriors,102,112,0.419,0.495,0.378,0.444,0.667,0.667,50,45,27,28,15,13,2023-24,Away
2024-03-11,Portland Trail Blazers,Boston Celtics,99,121,0.448,0.49,0.357,0.375,1.0,0.667,38,45,23,34,11,3,2023-24,Away
2024-03-11,Chicago Bulls,Dallas Mavericks,92,127,0.393,0.548,0.206,0.317,0.682,0.8,43,49,19,33,13,6,2023-24,Away
2024-03-11,Cleveland Cavaliers,Phoenix Suns,111,117,0.476,0.548,0.326,0.375,0.842,0.684,37,42,30,23,12,14,2023-24,Away
2024-03-11,Denver Nuggets,Toronto Raptors,125,119,0.547,0.505,0.345,0.367,0.611,0.824,42,42,36,30,9,11,2023-24,Home
2024-03-12,Sacramento Kings,Milwaukee Bucks,129,94,0.533,0.366,0.45,0.179,0.813,0.771,51,44,34,23,8,13,2023-24,Home
2024-03-12,New York Knicks,Philadelphia 76ers,106,79,0.506,0.375,0.35,0.242,0.8,0.688,51,31,32,17,12,8,2023-24,Home
2024-03-12,Oklahoma City Thunder,Indiana Pacers,111,121,0.434,0.539,0.378,0.321,0.733,0.842,50,43,24,34,12,9,2023-24,Away
2024-03-12,Utah Jazz,Boston Celtics,107,123,0.477,0.467,0.469,0.408,0.909,0.895,38,46,23,25,10,8,2023-24,Away
2024-03-12,LA Clippers,Minnesota Timberwolves,100,118,0.472,0.511,0.367,0.364,0.84,0.714,34,48,22,26,18,9,2023-24,Away
2024-03-12,San Antonio Spurs,Houston Rockets,101,103,0.476,0.463,0.306,0.313,0.857,0.905,42,36,30,21,13,12,2023-24,Away
2024-03-12,Memphis Grizzlies,Washington Wizards,109,97,0.447,0.451,0.242,0.306,0.81,0.75,53,28,27,26,17,13,2023-24,Home
2024-03-13,Sacramento Kings,Los Angeles Lakers,120,107,0.523,0.487,0.463,0.438,0.75,0.773,44,38,30,25,12,14,2023-24,Home
2024-03-13,New Orleans Pelicans,Cleveland Cavaliers,95,116,0.438,0.511,0.182,0.444,0.808,0.667,43,46,22,38,11,9,2023-24,Away
2024-03-13,Orlando Magic,Brooklyn Nets,114,106,0.519,0.469,0.438,0.269,0.769,0.852,34,32,29,21,12,13,2023-24,Home
2024-03-13,Memphis Grizzlies,Charlotte Hornets,98,110,0.424,0.537,0.4,0.361,0.909,0.692,46,35,24,26,21,20,2023-24,Away
2024-03-13,Portland Trail Blazers,Atlanta Hawks,106,102,0.463,0.432,0.333,0.359,0.833,0.667,49,38,24,19,18,14,2023-24,Home
2024-03-13,Dallas Mavericks,Golden State Warriors,109,99,0.537,0.402,0.222,0.321,0.789,0.842,42,42,30,19,16,15,2023-24,Home
2024-03-13,Detroit Pistons,Toronto Raptors,113,104,0.443,0.441,0.367,0.25,0.774,0.684,58,37,27,32,21,11,2023-24,Home
2024-03-13,Indiana Pacers,Chicago Bulls,129,132,0.465,0.522,0.311,0.357,0.821,0.813,47,48,30,22,8,11,2023-24,Away
2024-03-13,Miami Heat,Denver Nuggets,88,100,0.425,0.488,0.238,0.333,0.833,0.692,42,41,18,24,8,9,2023-24,Away
2024-03-14,Oklahoma City Thunder,Dallas Mavericks,126,119,0.523,0.512,0.41,0.414,0.87,0.808,34,40,28,25,13,19,2023-24,Home
2024-03-14,Milwaukee Bucks,Philadelphia 76ers,114,105,0.542,0.494,0.444,0.486,0.833,0.714,37,30,29,20,14,11,2023-24,Home
2024-03-14,Portland Trail Blazers,New York Knicks,93,105,0.405,0.437,0.333,0.207,0.875,0.885,45,50,19,16,17,12,2023-24,Away
2024-03-14,Chicago Bulls,LA Clippers,111,126,0.477,0.6,0.457,0.5,0.813,0.714,36,35,28,32,13,9,2023-24,Away
2024-03-14,Boston Celtics,Phoenix Suns,127,112,0.528,0.475,0.5,0.355,0.727,0.7,33,51,31,27,8,13,2023-24,Home
2024-03-14,Houston Rockets,Washington Wizards,135,119,0.586,0.495,0.429,0.316,0.875,0.789,47,32,24,29,17,13,2023-24,Home
2024-03-15,San Antonio Spurs,Denver Nuggets,106,117,0.457,0.551,0.379,0.4,0.778,0.75,44,40,23,37,16,12,2023-24,Away
2024-03-15,Toronto Raptors,Orlando Magic,103,113,0.469,0.5,0.412,0.452,0.65,0.864,40,39,24,25,15,14,2023-24,Away
2024-03-15,Charlotte Hornets,Phoenix Suns,96,107,0.372,0.46,0.162,0.289,0.741,0.8,48,57,20,31,4,10,2023-24,Away
2024-03-15,Utah Jazz,Atlanta Hawks,124,122,0.511,0.446,0.389,0.513,0.9,0.741,49,41,24,32,11,9,2023-24,Home
2024-03-15,Detroit Pistons,Miami Heat,95,108,0.429,0.473,0.263,0.206,0.867,0.714,48,44,27,23,17,8,2023-24,Away
2024-03-15,New Orleans Pelicans,LA Clippers,112,104,0.483,0.481,0.371,0.364,0.75,0.947,40,37,28,18,8,12,2023-24,Home
2024-03-16,Indiana Pacers,Brooklyn Nets,121,100,0.476,0.429,0.2,0.4,0.938,0.774,50,45,21,18,10,20,2023-24,Home
2024-03-16,Philadelphia 76ers,Charlotte Hornets,109,98,0.444,0.451,0.317,0.323,0.96,0.778,41,40,25,21,15,16,2023-24,Home
2024-03-16,New Orleans Pelicans,Portland Trail Blazers,126,107,0.536,0.5,0.394,0.364,0.9,0.917,39,36,36,23,9,19,2023-24,Home
2024-03-16,Los Angeles Lakers,Golden State Warriors,121,128,0.511,0.526,0.353,0.412,0.833,0.8,39,45,32,38,9,7,2023-24,Away
2024-03-16,Houston Rockets,Cleveland Cavaliers,117,103,0.48,0.451,0.357,0.316,0.667,0.85,48,45,28,22,9,15,2023-24,Home
2024-03-16,Memphis Grizzlies,Oklahoma City Thunder,112,118,0.457,0.517,0.409,0.343,0.769,0.762,36,45,34,25,14,11,2023-24,Away
2024-03-16,Utah Jazz,Minnesota Timberwolves,100,119,0.458,0.473,0.231,0.463,0.857,0.8,51,44,23,31,15,8,2023-24,Away
2024-03-16,Sacramento Kings,New York Knicks,91,98,0.353,0.43,0.27,0.282,0.808,0.813,42,52,22,19,12,14,2023-24,Away
2024-03-16,Chicago Bulls,Washington Wizards,127,98,0.576,0.429,0.333,0.406,0.724,0.591,51,32,33,27,15,15,2023-24,Home
2024-03-17,Detroit Pistons,Miami Heat,101,104,0.458,0.449,0.389,0.343,0.786,0.75,44,47,24,24,12,9,2023-24,Away
2024-03-17,Washington Wizards,Boston Celtics,104,130,0.461,0.494,0.294,0.48,0.857,0.833,40,43,24,30,16,14,2023-24,Away
2024-03-17,LA Clippers,Atlanta Hawks,93,110,0.378,0.488,0.306,0.5,0.897,0.917,40,45,17,32,15,14,2023-24,Away
2024-03-17,Orlando Magic,Toronto Raptors,111,96,0.506,0.44,0.306,0.258,0.7,0.933,39,37,22,23,13,18,2023-24,Home
2024-03-17,Dallas Mavericks,Denver Nuggets,107,105,0.42,0.44,0.257,0.429,0.667,0.864,60,37,22,26,11,7,2023-24,Home
2024-03-17,Milwaukee Bucks,Phoenix Suns,140,129,0.543,0.586,0.585,0.424,1.0,0.867,35,39,35,36,10,12,2023-24,Home
2024-03-17,San Antonio Spurs,Brooklyn Nets,122,115,0.465,0.461,0.243,0.258,0.913,0.684,50,48,30,29,17,12,2023-24,Home
2024-03-18,Utah Jazz,Minnesota Timberwolves,104,114,0.464,0.484,0.438,0.39,0.857,0.833,47,35,25,27,17,9,2023-24,Away
2024-03-18,Boston Celtics,Detroit Pistons,119,94,0.453,0.429,0.449,0.31,0.846,0.867,53,43,30,21,9,12,2023-24,Home
2024-03-18,Chicago Bulls,Portland Trail Blazers,110,107,0.441,0.455,0.333,0.286,0.81,0.76,40,43,26,21,9,13,2023-24,Home
2024-03-18,Golden State Warriors,New York Knicks,112,119,0.477,0.484,0.389,0.378,0.778,0.85,39,44,29,29,13,10,2023-24,Away
2024-03-18,Los Angeles Lakers,Atlanta Hawks,136,105,0.578,0.429,0.417,0.22,0.85,0.8,48,42,39,32,8,9,2023-24,Home
2024-03-18,Sacramento Kings,Memphis Grizzlies,121,111,0.447,0.378,0.314,0.342,0.813,0.8,59,49,30,22,17,12,2023-24,Home
2024-03-18,Indiana Pacers,Cleveland Cavaliers,103,108,0.462,0.475,0.237,0.375,0.625,0.714,45,39,28,27,11,14,2023-24,Away
2024-03-18,Philadelphia 76ers,Miami Heat,98,91,0.435,0.393,0.361,0.364,0.917,0.643,46,49,23,23,12,15,2023-24,Home
2024-03-19,San Antonio Spurs,Dallas Mavericks,107,113,0.438,0.484,0.359,0.333,0.714,0.882,48,40,31,31,15,9,2023-24,Away
2024-03-19,Minnesota Timberwolves,Denver Nuggets,112,115,0.477,0.519,0.343,0.519,0.696,0.773,37,49,25,26,7,17,2023-24,Away
2024-03-19,Washington Wizards,Houston Rockets,114,137,0.429,0.516,0.385,0.333,0.75,0.833,44,47,24,25,10,7,2023-24,Away
2024-03-19,Orlando Magic,Charlotte Hornets,112,92,0.543,0.481,0.353,0.31,0.923,0.778,41,30,32,19,16,17,2023-24,Home
2024-03-19,Brooklyn Nets,New Orleans Pelicans,91,104,0.369,0.506,0.3,0.294,0.773,0.769,42,48,19,29,13,13,2023-24,Away
2024-03-20,Cleveland Cavaliers,Miami Heat,104,107,0.467,0.458,0.357,0.361,0.864,0.947,37,37,30,19,11,7,2023-24,Away
2024-03-20,Boston Celtics,Milwaukee Bucks,122,119,0.471,0.536,0.45,0.486,0.828,0.857,37,41,25,20,9,14,2023-24,Home
2024-03-20,Portland Trail Blazers,LA Clippers,103,116,0.481,0.523,0.441,0.419,0.667,0.867,38,42,21,29,17,11,2023-24,Away
2024-03-20,Phoenix Suns,Philadelphia 76ers,115,102,0.5,0.432,0.487,0.351,0.75,0.389,55,40,34,33,23,9,2023-24,Home
2024-03-20,Golden State Warriors,Memphis Grizzlies,137,116,0.58,0.438,0.487,0.367,0.333,0.778,48,45,43,29,6,10,2023-24,Home
2024-03-20,Oklahoma City Thunder,Utah Jazz,119,107,0.489,0.444,0.294,0.278,0.793,0.944,45,47,29,20,10,15,2023-24,Home
2024-03-20,Detroit Pistons,Indiana Pacers,103,122,0.411,0.568,0.217,0.379,0.8,0.611,46,40,23,38,15,12,2023-24,Away
2024-03-20,Toronto Raptors,Sacramento Kings,89,123,0.413,0.516,0.323,0.3,0.722,0.833,31,53,21,32,21,15,2023-24,Away
2024-03-21,Washington Wizards,Sacramento Kings,109,102,0.506,0.43,0.4,0.282,0.739,0.895,45,37,20,21,19,15,2023-24,Home
2024-03-21,Denver Nuggets,New York Knicks,113,100,0.536,0.481,0.3,0.355,0.85,0.765,42,31,31,28,9,9,2023-24,Home
2024-03-21,Phoenix Suns,Atlanta Hawks,128,115,0.554,0.44,0.537,0.343,0.889,0.793,38,36,28,27,17,8,2023-24,Home
2024-03-21,Orlando Magic,New Orleans Pelicans,121,106,0.547,0.538,0.389,0.3,0.684,0.762,40,33,33,24,14,18,2023-24,Home
2024-03-21,Milwaukee Bucks,Brooklyn Nets,115,108,0.473,0.446,0.39,0.295,0.867,0.813,40,49,27,29,10,14,2023-24,Home
2024-03-21,Houston Rockets,Chicago Bulls,127,117,0.505,0.452,0.378,0.387,0.8,0.84,49,43,27,23,14,11,2023-24,Home
2024-03-21,Dallas Mavericks,Utah Jazz,113,97,0.5,0.458,0.313,0.133,0.607,0.895,43,38,33,29,13,18,2023-24,Home
2024-03-22,Los Angeles Lakers,Philadelphia 76ers,101,94,0.438,0.344,0.387,0.216,0.758,0.833,54,42,22,20,21,8,2023-24,Home
2024-03-22,San Antonio Spurs,Memphis Grizzlies,97,99,0.389,0.402,0.184,0.353,0.696,0.677,56,51,24,18,16,17,2023-24,Away
2024-03-22,Golden State Warriors,Indiana Pacers,111,123,0.406,0.485,0.292,0.417,0.688,0.75,64,50,24,32,14,11,2023-24,Away
2024-03-22,Miami Heat,New Orleans Pelicans,88,111,0.36,0.512,0.277,0.5,0.867,0.75,34,56,22,25,4,12,2023-24,Away
2024-03-22,Portland Trail Blazers,LA Clippers,117,125,0.484,0.571,0.364,0.424,0.6,0.852,41,40,29,26,10,17,2023-24,Away
2024-03-22,Minnesota Timberwolves,Cleveland Cavaliers,104,91,0.482,0.42,0.519,0.241,0.5,0.842,46,41,27,22,11,12,2023-24,Home
2024-03-22,Detroit Pistons,Boston Celtics,102,129,0.506,0.528,0.29,0.356,0.692,0.704,42,35,25,31,18,7,2023-24,Away
2024-03-22,Toronto Raptors,Oklahoma City Thunder,103,123,0.526,0.505,0.367,0.375,0.706,0.789,36,46,34,27,27,15,2023-24,Away
2024-03-23,Atlanta Hawks,Charlotte Hornets,132,91,0.556,0.417,0.476,0.282,0.857,0.714,43,39,40,25,8,13,2023-24,Home
2024-03-23,Washington Wizards,Toronto Raptors,112,109,0.478,0.426,0.314,0.242,0.684,0.808,55,42,28,27,17,12,2023-24,Home
2024-03-23,San Antonio Spurs,Phoenix Suns,106,131,0.471,0.596,0.273,0.458,0.81,0.8,34,39,27,38,15,8,2023-24,Away
2024-03-23,Houston Rockets,Utah Jazz,147,119,0.557,0.449,0.551,0.297,0.857,0.848,44,40,31,24,9,10,2023-24,Home
2024-03-23,New York Knicks,Brooklyn Nets,105,93,0.433,0.447,0.375,0.353,0.5,0.867,47,41,25,26,9,15,2023-24,Home
2024-03-23,Orlando Magic,Sacramento Kings,107,109,0.477,0.437,0.286,0.375,0.722,0.857,49,42,27,26,13,7,2023-24,Away
2024-03-23,Portland Trail Blazers,Denver Nuggets,111,114,0.462,0.451,0.357,0.333,0.882,0.727,45,49,27,25,15,13,2023-24,Away
2024-03-23,Chicago Bulls,Boston Celtics,113,124,0.573,0.512,0.375,0.438,0.909,0.882,29,41,36,28,7,12,2023-24,Away
2024-03-24,Minnesota Timberwolves,Golden State Warriors,114,110,0.476,0.447,0.525,0.389,0.722,0.769,44,41,30,23,15,12,2023-24,Home
2024-03-24,Milwaukee Bucks,Oklahoma City Thunder,118,93,0.533,0.371,0.324,0.233,0.643,0.773,57,37,33,20,16,12,2023-24,Home
2024-03-24,Detroit Pistons,New Orleans Pelicans,101,114,0.405,0.506,0.268,0.324,0.813,0.677,46,41,20,27,16,10,2023-24,Away
2024-03-24,LA Clippers,Philadelphia 76ers,107,121,0.482,0.533,0.357,0.486,0.944,0.778,37,37,27,32,13,8,2023-24,Away
2024-03-24,Miami Heat,Cleveland Cavaliers,121,84,0.518,0.417,0.395,0.31,0.87,0.75,44,30,29,24,9,17,2023-24,Home
2024-03-24,Los Angeles Lakers,Indiana Pacers,150,145,0.562,0.551,0.48,0.5,0.884,0.563,41,40,28,39,10,11,2023-24,Home
2024-03-25,San Antonio Spurs,Phoenix Suns,104,102,0.44,0.506,0.258,0.357,0.842,0.571,40,47,23,28,7,14,2023-24,Home
2024-03-25,Toronto Raptors,Brooklyn Nets,88,96,0.435,0.457,0.185,0.231,0.75,0.722,30,50,23,20,10,18,2023-24,Away
2024-03-25,Atlanta Hawks,Boston Celtics,120,118,0.529,0.495,0.5,0.289,0.588,0.684,44,38,30,21,13,7,2023-24,Home
2024-03-25,Houston Rockets,Portland Trail Blazers,110,92,0.398,0.414,0.308,0.212,0.96,0.867,45,44,19,14,8,16,2023-24,Home
2024-03-25,New York Knicks,Detroit Pistons,124,99,0.506,0.386,0.413,0.294,0.682,0.955,52,37,30,22,13,12,2023-24,Home
2024-03-25,LA Clippers,Indiana Pacers,116,133,0.541,0.581,0.3,0.607,0.818,0.727,36,34,26,28,8,8,2023-24,Away
2024-03-25,Denver Nuggets,Memphis Grizzlies,128,103,0.533,0.394,0.469,0.25,0.944,0.667,50,40,38,25,15,14,2023-24,Home
2024-03-25,Cleveland Cavaliers,Charlotte Hornets,115,92,0.535,0.425,0.415,0.321,0.6,0.833,47,33,41,22,12,11,2023-24,Home
2024-03-25,Utah Jazz,Dallas Mavericks,105,115,0.425,0.478,0.333,0.286,0.818,0.833,46,47,28,31,12,6,2023-24,Away
2024-03-25,Chicago Bulls,Washington Wizards,105,107,0.414,0.402,0.286,0.286,0.821,0.833,46,52,27,32,11,13,2023-24,Away
2024-03-25,Sacramento Kings,Philadelphia 76ers,108,96,0.442,0.415,0.263,0.324,0.786,0.85,40,47,25,18,7,15,2023-24,Home
2024-03-26,New Orleans Pelicans,Oklahoma City Thunder,112,119,0.453,0.535,0.368,0.441,0.87,0.857,37,45,26,28,9,12,2023-24,Away
2024-03-26,Sacramento Kings,Dallas Mavericks,96,132,0.389,0.554,0.367,0.564,0.789,0.615,42,49,27,34,13,9,2023-24,Away
2024-03-26,Miami Heat,Golden State Warriors,92,113,0.402,0.553,0.242,0.342,0.769,0.6,39,43,24,31,8,10,2023-24,Away
2024-03-26,Milwaukee Bucks,Los Angeles Lakers,124,128,0.412,0.389,0.294,0.318,0.647,0.938,61,69,37,30,14,17,2023-24,Away
2024-03-27,Memphis Grizzlies,Los Angeles Lakers,124,136,0.474,0.556,0.395,0.545,0.789,0.8,39,43,30,31,14,15,2023-24,Away
2024-03-27,Oklahoma City Thunder,Houston Rockets,126,132,0.49,0.481,0.368,0.349,0.75,0.739,49,50,26,25,19,16,2023-24,Away
2024-03-27,Orlando Magic,Golden State Warriors,93,101,0.424,0.444,0.313,0.294,0.524,0.846,39,52,25,26,10,12,2023-24,Away
2024-03-27,Utah Jazz,San Antonio Spurs,111,118,0.47,0.512,0.371,0.485,0.909,0.667,36,41,25,40,21,21,2023-24,Away
2024-03-27,Atlanta Hawks,Portland Trail Blazers,120,106,0.518,0.506,0.39,0.452,0.8,0.6,41,33,23,35,16,18,2023-24,Home
2024-03-27,Charlotte Hornets,Cleveland Cavaliers,118,111,0.579,0.494,0.394,0.432,0.773,0.571,38,32,30,33,15,13,2023-24,Home
2024-03-27,Philadelphia 76ers,LA Clippers,107,108,0.476,0.444,0.394,0.389,0.842,0.7,51,43,17,28,12,6,2023-24,Away
2024-03-27,Denver Nuggets,Phoenix Suns,97,104,0.432,0.47,0.25,0.485,0.917,0.909,38,51,24,29,8,16,2023-24,Away
2024-03-27,Toronto Raptors,New York Knicks,101,145,0.464,0.585,0.355,0.5,0.923,0.813,28,42,31,37,18,11,2023-24,Away
2024-03-27,Chicago Bulls,Indiana Pacers,125,99,0.5,0.4,0.444,0.31,0.833,0.783,54,40,28,25,7,13,2023-24,Home
2024-03-27,Minnesota Timberwolves,Detroit Pistons,106,91,0.512,0.383,0.306,0.281,0.688,0.8,40,41,28,15,12,12,2023-24,Home
2024-03-27,Washington Wizards,Brooklyn Nets,119,122,0.505,0.48,0.412,0.303,0.765,0.783,44,45,26,24,13,8,2023-24,Away
2024-03-28,New Orleans Pelicans,Milwaukee Bucks,107,100,0.396,0.463,0.25,0.359,0.794,0.526,48,46,22,21,6,14,2023-24,Home
2024-03-28,Atlanta Hawks,Boston Celtics,123,122,0.49,0.479,0.341,0.389,0.6,0.857,53,43,24,28,11,12,2023-24,Home
2024-03-29,Cleveland Cavaliers,Philadelphia 76ers,117,114,0.549,0.447,0.432,0.4,0.846,0.824,37,42,34,28,13,9,2023-24,Home
2024-03-29,Orlando Magic,LA Clippers,97,100,0.442,0.482,0.345,0.333,0.733,0.833,38,41,20,19,14,16,2023-24,Away
2024-03-29,Brooklyn Nets,Chicago Bulls,125,108,0.473,0.507,0.568,0.3,0.636,0.793,43,44,26,24,6,12,2023-24,Home
2024-03-29,Indiana Pacers,Los Angeles Lakers,109,90,0.483,0.407,0.323,0.167,0.929,0.833,46,48,27,24,8,16,2023-24,Home
2024-03-29,San Antonio Spurs,New York Knicks,130,126,0.537,0.464,0.4,0.378,0.813,0.833,46,50,34,24,15,11,2023-24,Home
2024-03-29,Sacramento Kings,Dallas Mavericks,103,107,0.435,0.473,0.469,0.429,0.667,0.667,45,42,24,24,10,10,2023-24,Away
2024-03-29,Charlotte Hornets,Golden State Warriors,97,115,0.405,0.539,0.261,0.344,0.708,0.889,41,50,23,35,11,12,2023-24,Away
2024-03-29,Miami Heat,Portland Trail Blazers,142,82,0.587,0.402,0.538,0.167,0.722,0.636,44,43,41,20,8,23,2023-24,Home
2024-03-29,Utah Jazz,Houston Rockets,100,101,0.463,0.385,0.258,0.31,0.947,0.643,51,45,23,19,20,10,2023-24,Away
2024-03-29,Oklahoma City Thunder,Phoenix Suns,128,103,0.563,0.448,0.533,0.317,1.0,0.8,38,39,33,26,10,14,2023-24,Home
2024-03-29,Washington Wizards,Detroit Pistons,87,96,0.409,0.416,0.273,0.25,0.75,0.8,47,47,22,19,18,13,2023-24,Away
2024-03-29,Denver Nuggets,Minnesota Timberwolves,98,111,0.398,0.514,0.286,0.321,0.741,0.703,46,39,29,28,12,7,2023-24,Away
2024-03-30,New Orleans Pelicans,Boston Celtics,92,104,0.395,0.476,0.371,0.405,0.611,0.917,41,51,22,27,9,12,2023-24,Away
2024-03-30,Atlanta Hawks,Milwaukee Bucks,113,122,0.457,0.551,0.4,0.286,0.833,0.8,39,40,24,27,11,10,2023-24,Away
2024-03-30,Orlando Magic,Memphis Grizzlies,118,88,0.487,0.36,0.5,0.333,0.87,0.824,43,45,28,25,15,19,2023-24,Home
2024-03-31,Charlotte Hornets,LA Clippers,118,130,0.5,0.573,0.442,0.483,0.636,0.882,31,41,32,28,9,8,2023-24,Away
2024-03-31,New York Knicks,Oklahoma City Thunder,112,113,0.413,0.537,0.302,0.382,0.676,0.5,46,43,24,29,10,12,2023-24,Away
2024-03-31,Brooklyn Nets,Los Angeles Lakers,104,116,0.424,0.545,0.333,0.375,0.737,0.773,38,50,19,24,12,19,2023-24,Away
2024-03-31,Washington Wizards,Miami Heat,107,119,0.455,0.494,0.289,0.389,0.762,0.862,42,42,27,22,15,13,2023-24,Away
2024-03-31,Houston Rockets,Dallas Mavericks,107,125,0.424,0.516,0.342,0.511,0.842,0.556,43,47,22,24,10,13,2023-24,Away
2024-03-31,San Antonio Spurs,Golden State Warriors,113,117,0.449,0.489,0.395,0.41,0.889,0.846,45,41,31,34,19,15,2023-24,Away
2024-03-31,Sacramento Kings,Utah Jazz,127,106,0.536,0.41,0.5,0.39,0.739,0.786,44,33,34,22,15,12,2023-24,Home
2024-03-31,Minnesota Timberwolves,Chicago Bulls,101,109,0.469,0.525,0.297,0.586,0.667,0.667,37,43,28,30,13,16,2023-24,Away
2024-03-31,Denver Nuggets,Cleveland Cavaliers,130,101,0.575,0.463,0.636,0.32,0.692,0.81,51,28,36,26,16,15,2023-24,Home
2024-03-31,Toronto Raptors,Philadelphia 76ers,120,135,0.522,0.59,0.367,0.558,0.75,0.813,30,39,31,28,12,15,2023-24,Away
2024-04-01,Charlotte Hornets,Boston Celtics,104,118,0.451,0.483,0.351,0.358,0.818,0.813,40,51,28,28,6,10,2023-24,Away
2024-04-01,Chicago Bulls,Atlanta Hawks,101,113,0.394,0.5,0.25,0.475,0.833,0.667,51,45,17,29,8,14,2023-24,Away
2024-04-01,Detroit Pistons,Memphis Grizzlies,108,110,0.506,0.44,0.393,0.333,0.773,0.826,41,44,22,28,14,12,2023-24,Away
2024-04-01,New Orleans Pelicans,Phoenix Suns,111,124,0.472,0.494,0.407,0.383,0.667,0.8,37,49,29,29,9,12,2023-24,Away
2024-04-01,Indiana Pacers,Brooklyn Nets,133,111,0.515,0.471,0.419,0.385,0.824,0.679,47,43,35,20,9,15,2023-24,Home
2024-04-01,Orlando Magic,Portland Trail Blazers,104,103,0.474,0.444,0.344,0.355,0.778,0.8,43,44,26,28,15,9,2023-24,Home
2024-04-02,Utah Jazz,Cleveland Cavaliers,113,129,0.482,0.541,0.432,0.41,0.833,0.875,33,41,26,38,19,13,2023-24,Away
2024-04-02,Miami Heat,New York Knicks,109,99,0.486,0.461,0.447,0.353,0.952,0.81,39,30,24,25,17,14,2023-24,Home
2024-04-02,Minnesota Timberwolves,Houston Rockets,113,106,0.532,0.446,0.423,0.292,0.909,0.714,39,37,29,23,17,14,2023-24,Home
2024-04-02,Toronto Raptors,Los Angeles Lakers,111,128,0.483,0.515,0.313,0.439,0.714,0.5,40,47,25,38,17,14,2023-24,Away
2024-04-02,Golden State Warriors,Dallas Mavericks,104,100,0.456,0.438,0.469,0.375,1.0,0.636,52,42,29,27,17,15,2023-24,Home
2024-04-02,Denver Nuggets,San Antonio Spurs,110,105,0.439,0.4,0.324,0.295,0.813,0.5,52,59,28,33,8,7,2023-24,Home
2024-04-02,Sacramento Kings,LA Clippers,109,95,0.424,0.408,0.286,0.407,0.76,0.815,56,38,29,18,10,15,2023-24,Home
2024-04-02,Washington Wizards,Milwaukee Bucks,117,113,0.505,0.437,0.237,0.229,0.824,0.667,44,57,26,31,10,12,2023-24,Home
2024-04-02,Philadelphia 76ers,Oklahoma City Thunder,109,105,0.462,0.425,0.467,0.333,0.92,0.818,42,43,27,30,16,14,2023-24,Home
2024-04-03,Boston Celtics,Oklahoma City Thunder,135,100,0.543,0.432,0.425,0.208,0.947,0.893,46,31,33,21,10,13,2023-24,Home
2024-04-03,Charlotte Hornets,Portland Trail Blazers,86,89,0.41,0.398,0.161,0.269,0.773,0.667,36,55,22,19,9,15,2023-24,Away
2024-04-03,Milwaukee Bucks,Memphis Grizzlies,101,111,0.4,0.505,0.409,0.304,0.583,0.706,44,54,26,25,11,8,2023-24,Away
2024-04-03,Brooklyn Nets,Indiana Pacers,115,111,0.483,0.447,0.375,0.263,0.704,0.818,50,45,22,27,13,9,2023-24,Home
2024-04-03,Washington Wizards,Los Angeles Lakers,120,125,0.495,0.505,0.429,0.286,0.923,0.862,39,49,26,21,18,16,2023-24,Away
2024-04-03,Phoenix Suns,Cleveland Cavaliers,122,101,0.506,0.47,0.545,0.269,0.941,0.842,43,37,32,28,15,15,2023-24,Home
2024-04-03,New Orleans Pelicans,Orlando Magic,108,117,0.474,0.513,0.414,0.406,0.857,0.733,35,39,21,27,14,13,2023-24,Away
2024-04-03,Minnesota Timberwolves,Toronto Raptors,133,85,0.51,0.367,0.465,0.233,0.682,0.857,50,48,37,19,9,20,2023-24,Home
2024-04-03,Atlanta Hawks,Detroit Pistons,121,113,0.544,0.457,0.342,0.333,0.667,0.81,48,37,36,24,16,10,2023-24,Home
2024-04-04,Dallas Mavericks,Atlanta Hawks,109,95,0.404,0.4,0.367,0.342,0.882,0.667,53,56,20,21,14,21,2023-24,Home
2024-04-04,Miami Heat,Philadelphia 76ers,105,109,0.415,0.467,0.302,0.35,0.875,0.818,51,41,24,28,15,11,2023-24,Away
2024-04-04,New York Knicks,Sacramento Kings,120,109,0.55,0.488,0.429,0.429,0.69,0.583,39,35,34,26,11,16,2023-24,Home
2024-04-04,LA Clippers,Denver Nuggets,102,100,0.378,0.434,0.212,0.314,0.844,0.68,48,51,22,27,6,13,2023-24,Home
2024-04-04,Houston Rockets,Golden State Warriors,110,133,0.419,0.588,0.3,0.486,0.867,0.88,29,43,23,29,12,18,2023-24,Away
2024-04-05,Phoenix Suns,Minnesota Timberwolves,97,87,0.434,0.388,0.346,0.345,0.759,0.786,49,44,29,23,18,18,2023-24,Home
2024-04-05,Houston Rockets,Miami Heat,104,119,0.378,0.494,0.318,0.361,0.88,0.857,45,48,25,27,9,9,2023-24,Away
2024-04-05,Washington Wizards,Portland Trail Blazers,102,108,0.432,0.436,0.152,0.31,0.7,0.708,45,55,24,29,9,12,2023-24,Away
2024-04-05,Memphis Grizzlies,Detroit Pistons,108,90,0.467,0.405,0.323,0.267,0.875,0.75,49,38,24,22,20,17,2023-24,Home
2024-04-05,Boston Celtics,Sacramento Kings,101,100,0.427,0.384,0.273,0.333,0.722,0.538,51,54,25,21,7,7,2023-24,Home
2024-04-05,Dallas Mavericks,Golden State Warriors,108,106,0.476,0.441,0.353,0.343,0.762,0.667,41,44,30,27,17,15,2023-24,Home
2024-04-05,Milwaukee Bucks,Toronto Raptors,111,117,0.436,0.456,0.286,0.389,0.81,0.861,45,47,21,24,13,16,2023-24,Away
2024-04-05,New Orleans Pelicans,San Antonio Spurs,109,111,0.512,0.506,0.31,0.37,1.0,0.769,41,34,28,34,17,16,2023-24,Away
2024-04-05,Charlotte Hornets,Orlando Magic,124,115,0.597,0.447,0.5,0.237,1.0,0.846,36,37,29,24,18,10,2023-24,Home
2024-04-05,Chicago Bulls,New York Knicks,108,100,0.473,0.434,0.304,0.345,0.813,0.75,57,38,27,22,16,17,2023-24,Home
2024-04-05,LA Clippers,Utah Jazz,131,102,0.56,0.385,0.371,0.3,0.889,0.793,51,43,32,20,14,15,2023-24,Home
2024-04-05,Indiana Pacers,Oklahoma City Thunder,126,112,0.523,0.488,0.429,0.267,0.905,0.833,39,39,30,24,13,15,2023-24,Home
2024-04-06,Denver Nuggets,Atlanta Hawks,142,110,0.602,0.425,0.561,0.324,0.813,0.828,47,38,38,30,15,16,2023-24,Home
2024-04-06,Brooklyn Nets,Detroit Pistons,113,103,0.521,0.457,0.407,0.436,0.788,0.5,48,28,20,25,18,7,2023-24,Home
2024-04-06,Memphis Grizzlies,Philadelphia 76ers,96,116,0.414,0.519,0.346,0.41,0.714,0.783,44,41,21,27,18,19,2023-24,Away
2024-04-06,Los Angeles Lakers,Cleveland Cavaliers,116,97,0.563,0.433,0.432,0.314,0.625,0.667,40,40,30,24,17,18,2023-24,Home
2024-04-07,Phoenix Suns,New Orleans Pelicans,105,113,0.448,0.471,0.359,0.41,0.929,0.895,38,42,30,26,15,12,2023-24,Away
2024-04-07,Dallas Mavericks,Houston Rockets,147,136,0.541,0.495,0.385,0.415,0.889,0.771,47,32,21,31,17,10,2023-24,Home
2024-04-07,Charlotte Hornets,Oklahoma City Thunder,118,121,0.542,0.517,0.425,0.5,0.786,0.765,36,36,29,33,18,16,2023-24,Away
2024-04-07,Golden State Warriors,Utah Jazz,118,110,0.533,0.47,0.4,0.429,1.0,0.81,47,29,32,21,13,11,2023-24,Home
2024-04-07,Brooklyn Nets,Sacramento Kings,77,107,0.349,0.426,0.233,0.313,0.769,0.75,46,54,17,31,16,9,2023-24,Away
2024-04-07,San Antonio Spurs,Philadelphia 76ers,126,133,0.449,0.456,0.364,0.308,0.846,0.895,59,46,31,31,25,10,2023-24,Away
2024-04-07,Los Angeles Lakers,Minnesota Timberwolves,117,127,0.464,0.515,0.355,0.385,0.875,0.857,41,46,27,29,15,14,2023-24,Away
2024-04-07,Milwaukee Bucks,New York Knicks,109,122,0.467,0.489,0.353,0.483,0.844,0.818,38,41,27,25,14,5,2023-24,Away
2024-04-07,Indiana Pacers,Miami Heat,117,115,0.512,0.464,0.281,0.296,0.952,0.906,37,39,27,21,6,7,2023-24,Home
2024-04-07,Orlando Magic,Chicago Bulls,113,98,0.467,0.507,0.324,0.3,0.947,0.727,40,37,24,20,10,21,2023-24,Home
2024-04-07,Boston Celtics,Portland Trail Blazers,124,107,0.563,0.392,0.421,0.368,0.769,1.0,40,53,34,26,12,14,2023-24,Home
2024-04-07,LA Clippers,Cleveland Cavaliers,120,118,0.488,0.477,0.4,0.367,1.0,0.852,48,36,26,27,15,11,2023-24,Home
2024-04-07,Toronto Raptors,Washington Wizards,130,122,0.51,0.472,0.355,0.4,0.75,0.733,49,43,33,29,13,15,2023-24,Home
2024-04-09,Chicago Bulls,New York Knicks,117,128,0.534,0.554,0.357,0.472,0.684,0.95,39,31,20,31,9,10,2023-24,Away
2024-04-09,Atlanta Hawks,Miami Heat,111,117,0.398,0.477,0.217,0.4,0.786,0.714,59,46,28,29,15,18,2023-24,Away
2024-04-09,Milwaukee Bucks,Boston Celtics,104,91,0.531,0.398,0.472,0.327,0.5,,49,38,29,27,16,12,2023-24,Home
2024-04-09,Minnesota Timberwolves,Washington Wizards,130,121,0.478,0.494,0.439,0.465,0.813,0.765,44,41,30,26,8,13,2023-24,Home
2024-04-09,Phoenix Suns,LA Clippers,92,105,0.337,0.471,0.229,0.462,0.857,1.0,38,63,17,28,8,18,2023-24,Away
2024-04-09,Utah Jazz,Denver Nuggets,95,111,0.396,0.489,0.323,0.378,1.0,0.455,44,43,19,30,14,9,2023-24,Away
2024-04-09,Toronto Raptors,Indiana Pacers,123,140,0.5,0.545,0.238,0.356,0.727,0.696,40,44,21,33,15,13,2023-24,Away
2024-04-09,Houston Rockets,Orlando Magic,118,106,0.523,0.453,0.429,0.292,0.722,0.913,37,42,29,23,12,14,2023-24,Home
2024-04-09,Charlotte Hornets,Dallas Mavericks,104,130,0.438,0.538,0.313,0.34,0.762,0.65,39,55,24,35,11,14,2023-24,Away
2024-04-09,Memphis Grizzlies,San Antonio Spurs,87,102,0.346,0.483,0.2,0.25,0.818,1.0,49,51,21,30,7,16,2023-24,Away
2024-04-09,Philadelphia 76ers,Detroit Pistons,120,102,0.449,0.405,0.351,0.467,0.826,0.833,51,44,29,20,7,16,2023-24,Home
2024-04-09,Portland Trail Blazers,New Orleans Pelicans,100,110,0.471,0.414,0.342,0.306,0.875,0.931,47,45,28,25,21,9,2023-24,Away
2024-04-09,Oklahoma City Thunder,Sacramento Kings,112,105,0.488,0.344,0.367,0.345,0.742,0.731,42,56,21,23,13,17,2023-24,Home
2024-04-09,Los Angeles Lakers,Golden State Warriors,120,134,0.458,0.588,0.343,0.634,0.833,0.667,40,42,31,37,7,15,2023-24,Away
2024-04-10,Atlanta Hawks,Charlotte Hornets,114,115,0.524,0.506,0.45,0.389,0.625,0.955,38,33,35,25,16,13,2023-24,Away
2024-04-10,Denver Nuggets,Minnesota Timberwolves,116,107,0.554,0.5,0.44,0.433,0.565,0.571,44,35,31,23,13,9,2023-24,Home
2024-04-10,Milwaukee Bucks,Orlando Magic,117,99,0.512,0.462,0.375,0.367,0.8,0.696,43,34,27,19,12,15,2023-24,Home
2024-04-10,LA Clippers,Phoenix Suns,108,124,0.463,0.484,0.333,0.36,0.8,0.933,44,48,23,29,12,13,2023-24,Away
2024-04-10,Oklahoma City Thunder,San Antonio Spurs,127,89,0.465,0.333,0.421,0.225,0.81,0.8,62,47,33,24,12,15,2023-24,Home
2024-04-10,Brooklyn Nets,Toronto Raptors,106,102,0.442,0.372,0.306,0.4,0.792,0.889,56,45,25,19,13,9,2023-24,Home
2024-04-10,Miami Heat,Dallas Mavericks,92,111,0.407,0.494,0.433,0.341,1.0,0.769,46,39,22,27,15,7,2023-24,Away
2024-04-10,Cleveland Cavaliers,Memphis Grizzlies,110,98,0.451,0.393,0.405,0.438,0.724,0.947,47,44,27,21,13,13,2023-24,Home
2024-04-11,Utah Jazz,Houston Rockets,124,121,0.506,0.421,0.359,0.447,0.815,0.909,49,39,27,22,14,10,2023-24,Home
2024-04-11,Portland Trail Blazers,Golden State Warriors,92,100,0.361,0.468,0.235,0.343,0.824,0.8,49,46,22,24,12,16,2023-24,Away
2024-04-11,Detroit Pistons,Chicago Bulls,105,127,0.494,0.531,0.4,0.389,0.652,0.733,38,42,27,28,20,8,2023-24,Away
2024-04-11,Sacramento Kings,New Orleans Pelicans,123,135,0.548,0.57,0.421,0.55,0.75,0.833,32,40,26,35,14,13,2023-24,Away
2024-04-11,Boston Celtics,New York Knicks,109,118,0.465,0.495,0.381,0.389,0.813,0.6,36,52,25,24,12,12,2023-24,Away
2024-04-12,Memphis Grizzlies,Los Angeles Lakers,120,123,0.453,0.519,0.436,0.351,0.81,0.765,42,39,19,25,13,19,2023-24,Away
2024-04-12,Sacramento Kings,Phoenix Suns,107,108,0.44,0.526,0.368,0.375,0.929,0.941,35,41,26,25,7,18,2023-24,Away
2024-04-12,Miami Heat,Toronto Raptors,125,103,0.523,0.481,0.415,0.323,0.783,0.864,37,41,37,23,4,17,2023-24,Home
2024-04-12,Golden State Warriors,New Orleans Pelicans,109,114,0.465,0.467,0.382,0.526,0.762,0.625,53,38,27,24,16,8,2023-24,Away
2024-04-12,Philadelphia 76ers,Orlando Magic,125,113,0.477,0.453,0.486,0.296,0.821,0.76,44,45,22,25,11,11,2023-24,Home
2024-04-12,San Antonio Spurs,Denver Nuggets,121,120,0.529,0.505,0.455,0.361,0.696,0.9,49,33,31,31,18,7,2023-24,Home
2024-04-12,Washington Wizards,Chicago Bulls,127,129,0.523,0.49,0.419,0.4,0.655,0.679,39,56,32,28,12,13,2023-24,Away
2024-04-12,Cleveland Cavaliers,Indiana Pacers,129,120,0.526,0.517,0.406,0.281,0.696,0.864,41,39,28,37,9,13,2023-24,Home
2024-04-12,New York Knicks,Brooklyn Nets,111,107,0.458,0.5,0.467,0.344,0.84,0.737,31,45,21,22,5,12,2023-24,Home
2024-04-12,Oklahoma City Thunder,Milwaukee Bucks,125,107,0.528,0.494,0.342,0.367,0.9,0.923,38,42,29,27,10,17,2023-24,Home
2024-04-12,Portland Trail Blazers,Houston Rockets,107,116,0.389,0.478,0.343,0.282,0.724,0.85,48,48,20,25,7,8,2023-24,Away
2024-04-12,LA Clippers,Utah Jazz,109,110,0.448,0.466,0.256,0.171,0.684,0.88,44,46,23,26,13,16,2023-24,Away
2024-04-12,Boston Celtics,Charlotte Hornets,131,98,0.519,0.421,0.341,0.429,0.692,0.864,53,33,34,20,6,19,2023-24,Home
2024-04-12,Dallas Mavericks,Detroit Pistons,89,107,0.434,0.484,0.276,0.258,0.75,0.778,49,40,20,23,20,6,2023-24,Away
2024-04-12,Minnesota Timberwolves,Atlanta Hawks,109,106,0.481,0.444,0.27,0.3,0.793,0.68,44,40,29,23,14,14,2023-24,Home
2024-04-14,Philadelphia 76ers,Brooklyn Nets,107,86,0.427,0.386,0.318,0.265,0.733,0.765,57,42,30,19,12,12,2023-24,Home
2024-04-14,Orlando Magic,Milwaukee Bucks,113,88,0.494,0.4,0.314,0.259,0.947,0.913,43,34,27,16,11,17,2023-24,Home
2024-04-14,Miami Heat,Toronto Raptors,118,103,0.529,0.422,0.25,0.265,0.895,0.857,46,41,29,23,19,19,2023-24,Home
2024-04-14,Sacramento Kings,Portland Trail Blazers,121,82,0.494,0.316,0.382,0.156,0.815,0.765,51,54,29,18,14,17,2023-24,Home
2024-04-14,Boston Celtics,Washington Wizards,132,122,0.573,0.476,0.5,0.368,0.667,1.0,48,36,29,33,14,11,2023-24,Home
2024-04-14,San Antonio Spurs,Detroit Pistons,123,95,0.538,0.391,0.441,0.242,0.714,0.75,54,40,33,17,13,14,2023-24,Home
2024-04-14,Minnesota Timberwolves,Phoenix Suns,106,125,0.514,0.547,0.346,0.552,0.806,0.833,36,32,22,28,24,12,2023-24,Away
2024-04-14,Golden State Warriors,Utah Jazz,123,116,0.479,0.517,0.326,0.412,0.826,0.625,42,48,35,22,9,19,2023-24,Home
2024-04-14,Cleveland Cavaliers,Charlotte Hornets,110,120,0.473,0.505,0.485,0.475,0.667,0.818,43,47,30,36,14,9,2023-24,Away
2024-04-14,New York Knicks,Chicago Bulls,120,119,0.505,0.485,0.375,0.258,0.762,0.813,53,44,27,25,21,12,2023-24,Home
2024-04-14,New Orleans Pelicans,Los Angeles Lakers,108,124,0.477,0.552,0.405,0.379,0.786,0.944,39,39,26,32,19,14,2023-24,Away
2024-04-14,Memphis Grizzlies,Denver Nuggets,111,126,0.45,0.517,0.242,0.333,0.722,0.846,43,54,22,32,13,17,2023-24,Away
2024-04-14,LA Clippers,Houston Rockets,105,116,0.394,0.485,0.216,0.289,0.882,0.357,51,59,23,31,12,18,2023-24,Away
2024-04-14,Oklahoma City Thunder,Dallas Mavericks,135,86,0.557,0.33,0.412,0.205,0.813,0.824,58,41,38,19,14,14,2023-24,Home
2024-04-14,Indiana Pacers,Atlanta Hawks,157,115,0.65,0.438,0.528,0.333,0.8,0.926,48,32,41,25,14,15,2023-24,Home
2024-10-22,Boston Celtics,New York Knicks,132,109,0.505,0.551,0.475,0.367,0.875,0.75,40,34,33,20,3,11,2024-25,Home
2024-10-22,Los Angeles Lakers,Minnesota Timberwolves,110,103,0.442,0.412,0.167,0.317,0.84,0.741,46,47,22,17,7,15,2024-25,Home
2024-10-23,Houston Rockets,Charlotte Hornets,105,110,0.369,0.447,0.302,0.385,0.8,0.792,43,56,19,20,8,16,2024-25,Away
2024-10-23,Atlanta Hawks,Brooklyn Nets,120,116,0.488,0.44,0.321,0.395,0.717,0.76,45,43,25,21,16,17,2024-25,Home
2024-10-23,LA Clippers,Phoenix Suns,113,116,0.457,0.487,0.276,0.395,0.7,0.735,51,42,27,25,21,22,2024-25,Away
2024-10-23,Toronto Raptors,Cleveland Cavaliers,106,136,0.419,0.586,0.387,0.467,0.759,0.769,38,36,25,29,18,12,2024-25,Away
2024-10-23,Philadelphia 76ers,Milwaukee Bucks,109,124,0.418,0.538,0.258,0.432,0.704,0.71,49,46,18,27,10,14,2024-25,Away
2024-10-23,Utah Jazz,Memphis Grizzlies,124,126,0.471,0.473,0.385,0.378,0.756,0.719,49,41,21,28,14,12,2024-25,Away
2024-10-23,New Orleans Pelicans,Chicago Bulls,123,111,0.464,0.488,0.378,0.294,0.905,0.68,42,47,29,26,11,21,2024-25,Home
2024-10-23,Miami Heat,Orlando Magic,97,116,0.39,0.427,0.324,0.367,0.759,0.727,41,57,24,28,11,11,2024-25,Away
2024-10-23,Detroit Pistons,Indiana Pacers,109,115,0.432,0.506,0.273,0.29,0.857,0.88,38,39,22,32,12,15,2024-25,Away
2024-10-23,Portland Trail Blazers,Golden State Warriors,104,140,0.391,0.516,0.235,0.417,0.8,0.8,42,57,21,38,17,17,2024-25,Away
2024-10-24,Sacramento Kings,Minnesota Timberwolves,115,117,0.463,0.477,0.379,0.4,0.8,0.882,38,42,21,24,9,16,2024-25,Away
2024-10-24,Washington Wizards,Boston Celtics,102,122,0.432,0.467,0.194,0.378,0.722,0.778,40,49,27,21,13,14,2024-25,Away
2024-10-24,Dallas Mavericks,San Antonio Spurs,120,109,0.412,0.453,0.432,0.333,0.739,0.792,50,52,27,30,9,19,2024-25,Home
2024-10-24,Denver Nuggets,Oklahoma City Thunder,87,102,0.357,0.426,0.184,0.222,0.714,0.667,57,49,29,23,15,12,2024-25,Away
2024-10-25,Portland Trail Blazers,New Orleans Pelicans,103,105,0.411,0.419,0.351,0.375,0.8,0.677,48,44,26,25,19,14,2024-25,Away
2024-10-25,New York Knicks,Indiana Pacers,123,98,0.524,0.494,0.444,0.1,0.793,0.65,43,33,19,28,11,15,2024-25,Home
2024-10-25,Los Angeles Lakers,Phoenix Suns,123,116,0.533,0.512,0.519,0.459,0.744,0.882,37,34,33,35,12,16,2024-25,Home
2024-10-25,Atlanta Hawks,Charlotte Hornets,125,120,0.481,0.385,0.368,0.412,0.868,0.806,39,53,25,22,13,17,2024-25,Home
2024-10-25,Houston Rockets,Memphis Grizzlies,128,108,0.439,0.418,0.395,0.357,0.694,0.611,64,43,20,24,17,17,2024-25,Home
2024-10-25,Toronto Raptors,Philadelphia 76ers,115,107,0.461,0.382,0.261,0.31,0.848,0.755,54,28,25,19,26,16,2024-25,Home
2024-10-25,Milwaukee Bucks,Chicago Bulls,122,133,0.495,0.479,0.325,0.447,0.68,0.87,47,46,24,30,14,9,2024-25,Away
2024-10-25,Orlando Magic,Brooklyn Nets,116,101,0.52,0.422,0.5,0.378,0.697,0.81,39,37,28,22,12,17,2024-25,Home
2024-10-25,Cleveland Cavaliers,Detroit Pistons,113,101,0.512,0.469,0.382,0.406,0.696,0.706,39,42,28,25,12,22,2024-25,Home
2024-10-25,Utah Jazz,Golden State Warriors,86,127,0.315,0.481,0.214,0.4,0.731,0.833,45,60,18,35,22,13,2024-25,Away
2024-10-26,Los Angeles Lakers,Sacramento Kings,131,127,0.522,0.511,0.412,0.341,0.875,0.88,45,32,32,32,19,14,2024-25,Home
2024-10-26,Detroit Pistons,Boston Celtics,118,124,0.489,0.422,0.359,0.458,0.818,0.867,44,37,27,19,14,10,2024-25,Away
2024-10-26,Charlotte Hornets,Miami Heat,106,114,0.438,0.465,0.317,0.412,0.714,0.714,46,43,20,33,17,13,2024-25,Away
2024-10-26,Chicago Bulls,Oklahoma City Thunder,95,114,0.348,0.421,0.283,0.2,0.727,0.8,61,54,23,21,26,10,2024-25,Away
2024-10-26,Memphis Grizzlies,Orlando Magic,124,111,0.535,0.425,0.382,0.354,0.792,0.714,42,41,38,21,18,19,2024-25,Home
2024-10-26,Minnesota Timberwolves,Toronto Raptors,112,101,0.47,0.456,0.378,0.345,0.769,0.692,41,46,29,29,13,20,2024-25,Home
2024-10-26,Washington Wizards,Cleveland Cavaliers,116,135,0.385,0.534,0.349,0.462,0.844,0.676,46,48,25,27,15,16,2024-25,Away
2024-10-26,Denver Nuggets,LA Clippers,104,109,0.402,0.488,0.4,0.364,0.833,0.81,37,44,20,30,10,16,2024-25,Away
2024-10-26,San Antonio Spurs,Houston Rockets,109,106,0.494,0.413,0.4,0.317,0.821,0.81,49,34,23,21,17,10,2024-25,Home
2024-10-26,Phoenix Suns,Dallas Mavericks,114,102,0.45,0.398,0.359,0.317,0.757,0.833,47,46,26,22,11,8,2024-25,Home
2024-10-27,Oklahoma City Thunder,Atlanta Hawks,128,104,0.494,0.396,0.4,0.323,0.75,0.759,45,49,26,24,10,19,2024-25,Home
2024-10-27,Golden State Warriors,LA Clippers,104,112,0.432,0.467,0.326,0.313,0.636,0.783,47,48,19,27,21,18,2024-25,Away
2024-10-27,Brooklyn Nets,Milwaukee Bucks,115,102,0.429,0.446,0.356,0.303,0.913,0.839,47,43,23,20,12,18,2024-25,Home
2024-10-27,Indiana Pacers,Philadelphia 76ers,114,118,0.464,0.429,0.406,0.262,0.676,0.742,37,54,28,15,19,19,2024-25,Away
2024-10-27,Portland Trail Blazers,New Orleans Pelicans,125,103,0.462,0.432,0.4,0.276,0.781,0.792,51,39,25,24,16,15,2024-25,Home
2024-10-28,Memphis Grizzlies,Chicago Bulls,123,126,0.459,0.45,0.326,0.472,0.538,0.647,60,50,37,36,10,9,2024-25,Away
2024-10-28,Orlando Magic,Indiana Pacers,119,115,0.47,0.466,0.317,0.448,0.737,0.667,46,44,26,25,15,12,2024-25,Home
2024-10-28,Toronto Raptors,Denver Nuggets,125,127,0.45,0.49,0.286,0.45,0.81,0.8,54,52,30,29,15,16,2024-25,Away
2024-10-28,San Antonio Spurs,Houston Rockets,101,106,0.425,0.412,0.303,0.405,0.81,0.875,49,43,22,20,17,12,2024-25,Away
2024-10-28,Atlanta Hawks,Washington Wizards,119,121,0.481,0.451,0.375,0.477,0.722,0.818,39,43,32,24,16,18,2024-25,Away
2024-10-28,Phoenix Suns,Los Angeles Lakers,109,105,0.46,0.415,0.306,0.438,0.9,0.722,46,46,21,25,10,11,2024-25,Home
2024-10-28,Dallas Mavericks,Utah Jazz,110,102,0.453,0.37,0.282,0.286,0.765,0.828,50,50,27,24,13,13,2024-25,Home
2024-10-28,Sacramento Kings,Portland Trail Blazers,111,98,0.457,0.422,0.4,0.182,0.92,0.8,40,46,25,17,14,17,2024-25,Home
2024-10-28,Boston Celtics,Milwaukee Bucks,119,108,0.494,0.451,0.383,0.258,0.789,0.839,38,43,24,18,12,16,2024-25,Home
2024-10-28,Miami Heat,Detroit Pistons,106,98,0.432,0.385,0.319,0.368,0.75,0.824,44,54,24,14,9,16,2024-25,Home
2024-10-28,New York Knicks,Cleveland Cavaliers,104,110,0.444,0.476,0.321,0.333,0.833,0.833,43,41,22,21,16,13,2024-25,Away
2024-10-29,Minnesota Timberwolves,Dallas Mavericks,114,120,0.506,0.484,0.487,0.41,0.654,0.778,42,40,33,25,20,9,2024-25,Away
2024-10-29,Brooklyn Nets,Denver Nuggets,139,144,0.51,0.517,0.385,0.481,0.778,0.83,41,43,37,31,8,5,2024-25,Away
2024-10-29,Golden State Warriors,New Orleans Pelicans,124,106,0.474,0.541,0.457,0.409,0.846,0.708,34,44,34,23,7,23,2024-25,Home
2024-10-29,Utah Jazz,Sacramento Kings,96,113,0.393,0.522,0.292,0.258,0.857,0.643,42,49,24,26,17,11,2024-25,Away
2024-10-30,Washington Wizards,Atlanta Hawks,133,120,0.528,0.474,0.421,0.308,0.92,0.857,37,41,32,28,14,15,2024-25,Home
2024-10-30,Philadelphia 76ers,Detroit Pistons,95,105,0.418,0.462,0.286,0.417,0.75,0.818,37,49,17,23,9,16,2024-25,Away
2024-10-30,Charlotte Hornets,Toronto Raptors,138,133,0.521,0.571,0.444,0.321,0.8,0.667,38,41,31,37,15,14,2024-25,Home
2024-10-30,Memphis Grizzlies,Brooklyn Nets,106,119,0.469,0.513,0.296,0.366,0.759,0.88,38,34,27,27,22,15,2024-25,Away
2024-10-30,Cleveland Cavaliers,Los Angeles Lakers,134,110,0.577,0.494,0.415,0.214,0.625,0.848,36,37,37,21,12,20,2024-25,Home
2024-10-30,LA Clippers,Portland Trail Blazers,105,106,0.456,0.446,0.361,0.424,0.556,0.833,49,47,26,19,13,12,2024-25,Away
2024-10-30,Golden State Warriors,New Orleans Pelicans,104,89,0.471,0.367,0.342,0.306,0.692,0.6,42,49,32,24,13,14,2024-25,Home
2024-10-30,Chicago Bulls,Orlando Magic,102,99,0.429,0.407,0.382,0.239,0.68,0.9,54,42,23,25,14,12,2024-25,Home
2024-10-30,Oklahoma City Thunder,San Antonio Spurs,105,93,0.461,0.412,0.415,0.333,0.75,0.846,39,52,28,22,10,22,2024-25,Home
2024-10-30,Indiana Pacers,Boston Celtics,135,132,0.481,0.404,0.395,0.333,0.833,0.806,57,51,33,23,18,14,2024-25,Home
2024-10-30,Miami Heat,New York Knicks,107,116,0.457,0.488,0.425,0.45,0.667,0.9,39,42,27,30,10,9,2024-25,Away
2024-10-31,LA Clippers,Phoenix Suns,119,125,0.484,0.512,0.343,0.462,0.81,0.821,48,39,27,29,14,12,2024-25,Away
2024-10-31,Utah Jazz,San Antonio Spurs,88,106,0.39,0.413,0.219,0.279,0.895,0.783,53,42,19,25,26,11,2024-25,Away
2024-10-31,Memphis Grizzlies,Milwaukee Bucks,122,99,0.524,0.427,0.286,0.214,0.903,0.421,56,38,26,20,16,10,2024-25,Home
2024-10-31,Dallas Mavericks,Houston Rockets,102,108,0.459,0.412,0.333,0.235,0.7,0.741,37,50,21,21,10,8,2024-25,Away
2024-11-01,Charlotte Hornets,Boston Celtics,109,124,0.462,0.477,0.396,0.31,0.5,0.829,42,41,20,21,14,10,2024-25,Away
2024-11-01,Minnesota Timberwolves,Denver Nuggets,119,116,0.518,0.446,0.429,0.344,0.833,0.793,38,46,34,30,16,13,2024-25,Home
2024-11-01,Toronto Raptors,Los Angeles Lakers,125,131,0.486,0.477,0.286,0.344,0.846,0.878,44,43,35,29,11,10,2024-25,Away
2024-11-01,Brooklyn Nets,Chicago Bulls,120,112,0.521,0.432,0.306,0.386,0.846,0.792,46,44,34,24,10,16,2024-25,Home
2024-11-01,New Orleans Pelicans,Indiana Pacers,125,118,0.485,0.517,0.387,0.421,0.789,0.769,46,39,28,35,6,14,2024-25,Home
2024-11-01,Portland Trail Blazers,Oklahoma City Thunder,114,137,0.47,0.537,0.429,0.388,0.677,0.842,36,45,27,31,19,13,2024-25,Away
2024-11-01,Detroit Pistons,New York Knicks,98,128,0.506,0.515,0.324,0.474,0.714,0.6,38,45,23,31,22,9,2024-25,Away
2024-11-01,Cleveland Cavaliers,Orlando Magic,120,109,0.506,0.456,0.395,0.333,0.85,0.667,49,39,25,26,12,14,2024-25,Home
2024-11-01,Atlanta Hawks,Sacramento Kings,115,123,0.446,0.483,0.38,0.333,0.778,0.867,40,51,30,28,13,14,2024-25,Away
2024-11-02,Philadelphia 76ers,Memphis Grizzlies,107,124,0.404,0.552,0.413,0.444,0.8,0.762,33,52,22,35,14,16,2024-25,Away
2024-11-02,San Antonio Spurs,Minnesota Timberwolves,113,103,0.518,0.476,0.31,0.297,0.824,0.7,44,32,32,21,11,12,2024-25,Home
2024-11-02,Toronto Raptors,Sacramento Kings,131,128,0.484,0.46,0.459,0.25,0.71,0.813,46,49,31,21,19,18,2024-25,Home
2024-11-02,Denver Nuggets,Utah Jazz,129,103,0.485,0.416,0.5,0.31,0.739,0.839,52,39,33,24,17,22,2024-25,Home
2024-11-02,Charlotte Hornets,Boston Celtics,103,113,0.44,0.439,0.405,0.308,0.667,0.893,34,44,24,23,13,15,2024-25,Away
2024-11-02,Miami Heat,Washington Wizards,118,98,0.422,0.418,0.405,0.2,0.708,0.714,65,44,19,23,13,11,2024-25,Home
2024-11-02,LA Clippers,Oklahoma City Thunder,92,105,0.405,0.429,0.314,0.41,0.654,0.895,50,41,23,25,20,12,2024-25,Away
2024-11-02,Phoenix Suns,Portland Trail Blazers,103,97,0.376,0.333,0.327,0.326,0.727,0.818,63,56,29,17,12,6,2024-25,Home
2024-11-02,Milwaukee Bucks,Cleveland Cavaliers,113,114,0.483,0.484,0.462,0.395,0.6,0.733,45,45,24,31,13,7,2024-25,Away
2024-11-02,Houston Rockets,Golden State Warriors,121,127,0.411,0.513,0.333,0.469,0.75,0.64,49,47,27,26,11,14,2024-25,Away
2024-11-03,New Orleans Pelicans,Atlanta Hawks,111,126,0.433,0.568,0.421,0.417,0.85,0.917,43,41,22,29,18,16,2024-25,Away
2024-11-03,Brooklyn Nets,Detroit Pistons,92,106,0.451,0.481,0.29,0.306,0.613,0.808,27,47,23,25,13,17,2024-25,Away
2024-11-03,Dallas Mavericks,Orlando Magic,108,85,0.494,0.333,0.313,0.195,0.609,0.789,53,43,25,19,18,14,2024-25,Home
2024-11-04,Houston Rockets,New York Knicks,109,97,0.489,0.386,0.242,0.393,0.833,0.857,50,39,21,20,10,10,2024-25,Home
2024-11-04,Denver Nuggets,Toronto Raptors,121,119,0.494,0.456,0.323,0.333,0.763,0.667,44,41,29,38,17,13,2024-25,Home
2024-11-04,Dallas Mavericks,Indiana Pacers,127,134,0.517,0.568,0.417,0.406,0.8,0.65,38,46,29,30,8,9,2024-25,Away
2024-11-04,Detroit Pistons,Los Angeles Lakers,115,103,0.469,0.435,0.235,0.36,0.773,0.741,55,37,22,28,12,13,2024-25,Home
2024-11-04,Minnesota Timberwolves,Charlotte Hornets,114,93,0.494,0.398,0.474,0.238,0.692,0.813,45,38,23,19,15,14,2024-25,Home
2024-11-04,Chicago Bulls,Utah Jazz,126,135,0.474,0.539,0.378,0.444,0.88,0.767,36,49,36,35,9,12,2024-25,Away
2024-11-04,LA Clippers,San Antonio Spurs,113,104,0.456,0.442,0.514,0.268,0.706,0.895,44,45,25,22,10,10,2024-25,Home
2024-11-04,Phoenix Suns,Philadelphia 76ers,118,116,0.512,0.46,0.344,0.392,0.885,0.889,43,38,24,27,14,14,2024-25,Home
2024-11-04,New Orleans Pelicans,Portland Trail Blazers,100,118,0.452,0.548,0.286,0.345,0.875,0.667,34,38,24,21,12,11,2024-25,Away
2024-11-04,Oklahoma City Thunder,Orlando Magic,102,86,0.459,0.354,0.387,0.147,0.75,0.852,42,41,23,20,15,18,2024-25,Home
2024-11-04,Miami Heat,Sacramento Kings,110,111,0.435,0.512,0.417,0.37,0.7,0.867,36,39,24,23,10,12,2024-25,Away
2024-11-04,Washington Wizards,Golden State Warriors,112,125,0.438,0.454,0.233,0.324,0.857,0.735,47,56,29,29,9,6,2024-25,Away
2024-11-04,Atlanta Hawks,Boston Celtics,93,123,0.416,0.485,0.194,0.327,0.813,0.692,43,50,23,27,19,12,2024-25,Away
2024-11-04,Cleveland Cavaliers,Milwaukee Bucks,116,114,0.505,0.488,0.459,0.486,0.538,0.867,39,49,28,21,10,14,2024-25,Home
2024-11-04,Brooklyn Nets,Memphis Grizzlies,106,104,0.476,0.473,0.361,0.267,0.722,0.769,37,44,28,29,13,14,2024-25,Home
2024-11-06,Memphis Grizzlies,Los Angeles Lakers,131,114,0.516,0.441,0.5,0.313,0.783,0.81,50,37,28,23,18,11,2024-25,Home
2024-11-06,Indiana Pacers,Orlando Magic,118,111,0.539,0.512,0.462,0.28,0.923,0.769,36,38,21,26,11,16,2024-25,Home
2024-11-06,New Orleans Pelicans,Cleveland Cavaliers,122,131,0.477,0.542,0.481,0.486,0.893,0.769,33,46,21,33,9,11,2024-25,Away
2024-11-06,Atlanta Hawks,New York Knicks,121,116,0.45,0.488,0.395,0.468,0.727,0.8,48,41,31,29,8,15,2024-25,Home
2024-11-06,LA Clippers,Philadelphia 76ers,110,98,0.569,0.548,0.429,0.28,0.842,0.579,29,32,27,19,17,20,2024-25,Home
2024-11-06,Charlotte Hornets,Detroit Pistons,108,107,0.433,0.489,0.318,0.313,1.0,0.556,47,46,22,34,12,10,2024-25,Home
2024-11-06,Dallas Mavericks,Chicago Bulls,119,99,0.484,0.419,0.316,0.286,0.81,0.652,47,51,33,25,15,22,2024-25,Home
2024-11-06,Denver Nuggets,Oklahoma City Thunder,124,122,0.472,0.44,0.421,0.4,0.727,0.783,55,47,34,29,18,14,2024-25,Home
2024-11-06,Boston Celtics,Golden State Warriors,112,118,0.422,0.462,0.352,0.412,0.81,0.833,47,53,22,22,12,11,2024-25,Away
2024-11-06,Houston Rockets,San Antonio Spurs,127,100,0.563,0.446,0.37,0.389,0.6,0.75,45,41,28,20,11,19,2024-25,Home
2024-11-06,Sacramento Kings,Toronto Raptors,122,107,0.467,0.489,0.286,0.294,0.875,0.733,47,34,26,25,9,11,2024-25,Home
2024-11-06,Phoenix Suns,Miami Heat,115,112,0.5,0.435,0.419,0.382,0.722,0.95,46,43,29,27,16,10,2024-25,Home
2024-11-07,Milwaukee Bucks,Utah Jazz,123,100,0.512,0.429,0.429,0.415,0.733,0.944,41,39,20,24,10,21,2024-25,Home
2024-11-07,San Antonio Spurs,Portland Trail Blazers,118,105,0.537,0.477,0.41,0.281,0.778,0.636,45,41,35,23,15,14,2024-25,Home
2024-11-07,Chicago Bulls,Minnesota Timberwolves,119,135,0.534,0.548,0.417,0.421,0.667,1.0,32,40,30,29,13,13,2024-25,Away
2024-11-08,Memphis Grizzlies,Washington Wizards,128,104,0.474,0.409,0.326,0.257,0.88,0.826,50,41,30,27,17,18,2024-25,Home
2024-11-08,Oklahoma City Thunder,Houston Rockets,126,107,0.511,0.433,0.378,0.367,0.87,0.692,41,48,24,19,10,17,2024-25,Home
2024-11-08,Los Angeles Lakers,Philadelphia 76ers,116,106,0.518,0.406,0.457,0.333,0.857,0.652,45,44,28,28,11,5,2024-25,Home
2024-11-08,Denver Nuggets,Miami Heat,135,122,0.617,0.489,0.514,0.465,0.895,0.769,39,33,37,33,17,11,2024-25,Home
2024-11-08,Cleveland Cavaliers,Golden State Warriors,136,117,0.541,0.48,0.476,0.31,0.857,0.714,43,40,33,32,19,17,2024-25,Home
2024-11-08,Orlando Magic,New Orleans Pelicans,115,88,0.523,0.381,0.25,0.323,0.81,0.824,43,31,28,18,13,15,2024-25,Home
2024-11-08,Sacramento Kings,LA Clippers,98,107,0.474,0.444,0.115,0.467,0.875,0.913,35,48,19,20,13,18,2024-25,Away
2024-11-08,Detroit Pistons,Atlanta Hawks,122,121,0.512,0.454,0.394,0.417,0.677,0.783,45,44,27,30,20,17,2024-25,Home
2024-11-08,Boston Celtics,Brooklyn Nets,108,104,0.433,0.41,0.264,0.263,0.842,0.8,39,51,23,24,13,12,2024-25,Home
2024-11-08,Charlotte Hornets,Indiana Pacers,103,83,0.422,0.398,0.34,0.31,0.833,0.571,56,37,23,24,14,12,2024-25,Home
2024-11-08,Minnesota Timberwolves,Portland Trail Blazers,127,102,0.485,0.429,0.44,0.24,0.786,0.75,49,37,32,13,17,16,2024-25,Home
2024-11-08,Dallas Mavericks,Phoenix Suns,113,114,0.513,0.5,0.333,0.385,0.909,0.722,39,37,18,26,11,8,2024-25,Away
2024-11-08,New York Knicks,Milwaukee Bucks,116,94,0.473,0.434,0.304,0.233,0.842,0.652,48,41,35,20,7,12,2024-25,Home
2024-11-09,Cleveland Cavaliers,Brooklyn Nets,105,100,0.541,0.447,0.357,0.349,0.789,0.944,33,36,24,21,14,17,2024-25,Home
2024-11-09,San Antonio Spurs,Utah Jazz,110,111,0.447,0.463,0.362,0.303,0.895,0.714,37,45,29,23,20,17,2024-25,Away
2024-11-09,LA Clippers,Toronto Raptors,105,103,0.461,0.421,0.385,0.297,0.781,0.571,47,44,18,26,12,10,2024-25,Home
2024-11-09,Atlanta Hawks,Chicago Bulls,113,125,0.461,0.5,0.31,0.333,0.733,0.87,39,47,31,30,13,17,2024-25,Away
2024-11-10,Phoenix Suns,Sacramento Kings,118,127,0.419,0.49,0.316,0.297,0.8,0.842,48,57,30,23,11,14,2024-25,Away
2024-11-10,Denver Nuggets,Dallas Mavericks,122,120,0.506,0.533,0.483,0.303,0.692,0.737,45,42,35,29,10,10,2024-25,Home
2024-11-10,Detroit Pistons,Houston Rockets,99,101,0.429,0.409,0.324,0.206,0.696,0.75,46,53,21,19,18,11,2024-25,Away
2024-11-10,Philadelphia 76ers,Charlotte Hornets,107,105,0.464,0.379,0.273,0.259,0.769,0.864,40,50,24,22,17,19,2024-25,Home
2024-11-10,Portland Trail Blazers,Memphis Grizzlies,89,134,0.34,0.553,0.095,0.372,0.81,0.857,43,51,18,32,23,20,2024-25,Away
2024-11-10,Indiana Pacers,New York Knicks,132,121,0.511,0.554,0.457,0.28,0.84,0.815,32,39,27,23,6,13,2024-25,Home
2024-11-10,Los Angeles Lakers,Toronto Raptors,123,103,0.512,0.451,0.324,0.345,0.821,0.864,33,40,30,26,5,16,2024-25,Home
2024-11-10,Minnesota Timberwolves,Miami Heat,94,95,0.398,0.442,0.289,0.355,0.846,0.727,47,43,22,18,19,22,2024-25,Away
2024-11-10,Orlando Magic,Washington Wizards,121,94,0.451,0.458,0.354,0.303,0.88,0.72,44,37,25,20,11,16,2024-25,Home
2024-11-10,Oklahoma City Thunder,Golden State Warriors,116,127,0.447,0.506,0.333,0.488,0.808,0.696,41,46,25,35,11,14,2024-25,Away
2024-11-10,Milwaukee Bucks,Boston Celtics,107,113,0.481,0.407,0.406,0.38,0.762,0.889,41,42,21,27,12,12,2024-25,Away
2024-11-11,San Antonio Spurs,Sacramento Kings,116,96,0.506,0.429,0.478,0.263,1.0,0.889,44,37,31,18,16,11,2024-25,Home
2024-11-11,New Orleans Pelicans,Brooklyn Nets,105,107,0.447,0.429,0.333,0.452,0.917,0.842,45,46,31,24,10,16,2024-25,Away
2024-11-11,Oklahoma City Thunder,LA Clippers,134,128,0.516,0.55,0.391,0.541,0.957,0.69,29,47,31,31,11,23,2024-25,Home
2024-11-11,Chicago Bulls,Cleveland Cavaliers,113,119,0.494,0.443,0.368,0.333,0.813,0.75,51,43,26,26,20,8,2024-25,Away
2024-11-11,Houston Rockets,Washington Wizards,107,92,0.46,0.409,0.217,0.355,0.88,0.692,58,34,13,21,19,18,2024-25,Home
2024-11-12,Detroit Pistons,Miami Heat,123,121,0.467,0.465,0.361,0.378,0.857,0.769,56,43,32,25,19,10,2024-25,Home
2024-11-12,Golden State Warriors,Dallas Mavericks,120,117,0.479,0.524,0.341,0.324,0.593,0.75,50,40,29,26,12,17,2024-25,Home
2024-11-12,Portland Trail Blazers,Minnesota Timberwolves,122,108,0.512,0.507,0.563,0.371,0.9,0.913,39,32,30,22,19,21,2024-25,Home
2024-11-12,Boston Celtics,Atlanta Hawks,116,117,0.507,0.505,0.4,0.313,0.815,0.538,34,44,28,35,20,16,2024-25,Away
2024-11-12,Milwaukee Bucks,Toronto Raptors,99,85,0.404,0.349,0.286,0.36,0.583,0.8,47,54,25,20,16,21,2024-25,Home
2024-11-12,Philadelphia 76ers,New York Knicks,99,111,0.373,0.494,0.333,0.29,0.958,0.933,40,47,19,31,13,15,2024-25,Away
2024-11-12,Utah Jazz,Phoenix Suns,112,120,0.489,0.5,0.395,0.462,0.778,0.727,39,42,32,21,10,8,2024-25,Away
2024-11-12,Orlando Magic,Charlotte Hornets,114,89,0.462,0.405,0.295,0.342,0.789,0.571,43,48,25,22,11,22,2024-25,Home
2024-11-13,Houston Rockets,LA Clippers,111,103,0.433,0.396,0.375,0.368,0.706,0.813,59,42,28,27,13,9,2024-25,Home
2024-11-13,Orlando Magic,Indiana Pacers,94,90,0.405,0.381,0.342,0.333,0.867,0.889,50,41,26,22,17,16,2024-25,Home
2024-11-13,Philadelphia 76ers,Cleveland Cavaliers,106,114,0.446,0.494,0.326,0.4,0.909,0.824,45,46,24,25,11,11,2024-25,Away
2024-11-13,Milwaukee Bucks,Detroit Pistons,127,120,0.474,0.46,0.429,0.474,0.88,0.769,47,45,26,29,11,14,2024-25,Home
2024-11-13,Los Angeles Lakers,Memphis Grizzlies,128,123,0.506,0.472,0.488,0.364,0.688,0.818,42,41,31,28,18,13,2024-25,Home
2024-11-13,New York Knicks,Chicago Bulls,123,124,0.511,0.537,0.405,0.389,0.667,0.815,40,40,31,31,15,18,2024-25,Away
2024-11-13,Oklahoma City Thunder,New Orleans Pelicans,106,88,0.443,0.395,0.385,0.243,0.813,0.647,31,58,20,21,5,23,2024-25,Home
2024-11-13,Sacramento Kings,Phoenix Suns,127,104,0.641,0.371,0.536,0.302,0.706,0.731,45,40,38,23,17,10,2024-25,Home
2024-11-13,Brooklyn Nets,Boston Celtics,114,139,0.506,0.538,0.442,0.478,0.833,0.708,34,45,26,35,12,7,2024-25,Away
2024-11-13,Portland Trail Blazers,Minnesota Timberwolves,106,98,0.458,0.394,0.36,0.179,0.913,0.773,47,41,17,16,19,13,2024-25,Home
2024-11-13,San Antonio Spurs,Washington Wizards,139,130,0.522,0.516,0.409,0.409,0.781,0.875,39,41,38,27,9,18,2024-25,Home
2024-11-14,Utah Jazz,Dallas Mavericks,115,113,0.506,0.506,0.382,0.308,0.762,0.75,40,30,25,25,18,17,2024-25,Home
2024-11-15,Atlanta Hawks,Washington Wizards,129,117,0.469,0.406,0.324,0.349,0.833,0.762,55,52,28,28,16,15,2024-25,Home
2024-11-15,Oklahoma City Thunder,Phoenix Suns,99,83,0.396,0.293,0.25,0.243,0.944,0.75,53,50,21,17,10,14,2024-25,Home
2024-11-15,Golden State Warriors,Memphis Grizzlies,123,118,0.439,0.408,0.413,0.167,0.72,0.818,56,54,33,22,19,15,2024-25,Home
2024-11-15,Cleveland Cavaliers,Chicago Bulls,144,126,0.548,0.511,0.488,0.476,0.875,0.8,40,36,33,32,13,17,2024-25,Home
2024-11-15,Sacramento Kings,Minnesota Timberwolves,126,130,0.5,0.475,0.324,0.408,0.9,0.875,51,41,21,26,13,11,2024-25,Away
2024-11-15,Orlando Magic,Philadelphia 76ers,98,86,0.436,0.403,0.297,0.323,0.864,0.857,43,34,15,19,17,16,2024-25,Home
2024-11-15,Indiana Pacers,Miami Heat,111,124,0.512,0.517,0.4,0.357,0.818,0.826,39,36,28,27,20,10,2024-25,Away
2024-11-15,Houston Rockets,LA Clippers,125,104,0.484,0.378,0.432,0.25,0.778,0.788,48,51,31,12,12,14,2024-25,Home
2024-11-15,Toronto Raptors,Detroit Pistons,95,99,0.361,0.411,0.258,0.211,0.773,0.65,53,56,21,24,14,13,2024-25,Away
2024-11-15,New York Knicks,Brooklyn Nets,124,122,0.53,0.438,0.342,0.413,0.821,0.893,45,37,25,27,13,9,2024-25,Home
2024-11-15,New Orleans Pelicans,Denver Nuggets,101,94,0.425,0.425,0.314,0.27,0.889,0.909,56,38,21,26,14,7,2024-25,Home
2024-11-15,San Antonio Spurs,Los Angeles Lakers,115,120,0.489,0.5,0.378,0.452,0.75,0.783,40,41,32,27,13,10,2024-25,Away
2024-11-16,Charlotte Hornets,Milwaukee Bucks,115,114,0.441,0.511,0.357,0.417,0.857,0.455,53,40,25,31,10,9,2024-25,Home
2024-11-16,Sacramento Kings,Utah Jazz,121,117,0.506,0.493,0.463,0.462,0.72,0.738,35,33,24,16,14,13,2024-25,Home
2024-11-16,Boston Celtics,Toronto Raptors,126,123,0.444,0.51,0.344,0.391,0.895,0.667,42,46,30,35,9,9,2024-25,Home
2024-11-16,Dallas Mavericks,San Antonio Spurs,110,93,0.468,0.318,0.258,0.275,0.778,0.867,53,45,26,21,14,11,2024-25,Home
2024-11-16,New Orleans Pelicans,Los Angeles Lakers,99,104,0.422,0.438,0.379,0.3,0.783,0.778,50,43,24,24,17,11,2024-25,Away
2024-11-17,Indiana Pacers,Miami Heat,119,110,0.518,0.4,0.448,0.442,0.9,0.95,45,38,30,21,10,10,2024-25,Home
2024-11-17,Washington Wizards,Detroit Pistons,104,124,0.47,0.474,0.444,0.447,0.7,0.789,39,51,21,27,17,8,2024-25,Away
2024-11-17,New York Knicks,Brooklyn Nets,114,104,0.489,0.421,0.325,0.415,0.789,0.767,47,35,33,31,6,9,2024-25,Home
2024-11-17,LA Clippers,Utah Jazz,116,105,0.489,0.494,0.275,0.3,0.765,0.833,41,41,30,24,9,18,2024-25,Home
2024-11-17,Oklahoma City Thunder,Dallas Mavericks,119,121,0.494,0.476,0.333,0.407,0.76,0.833,29,53,29,18,6,16,2024-25,Away
2024-11-17,Cleveland Cavaliers,Charlotte Hornets,128,114,0.571,0.408,0.433,0.385,0.964,0.833,48,40,26,34,20,9,2024-25,Home
2024-11-17,Memphis Grizzlies,Denver Nuggets,105,90,0.451,0.417,0.333,0.323,0.833,0.714,45,39,31,23,12,14,2024-25,Home
2024-11-17,Minnesota Timberwolves,Phoenix Suns,120,117,0.525,0.541,0.436,0.452,0.731,0.733,32,41,27,29,14,19,2024-25,Home
2024-11-17,Chicago Bulls,Houston Rockets,107,143,0.336,0.524,0.25,0.294,0.955,0.719,47,66,26,34,13,10,2024-25,Away
2024-11-17,Portland Trail Blazers,Atlanta Hawks,114,110,0.463,0.459,0.368,0.344,0.632,0.84,40,47,31,30,20,25,2024-25,Home
2024-11-18,Phoenix Suns,Orlando Magic,99,109,0.422,0.513,0.293,0.379,0.68,0.8,45,38,25,28,13,10,2024-25,Away
2024-11-18,LA Clippers,Golden State Warriors,102,99,0.427,0.44,0.471,0.364,0.889,0.474,44,45,29,27,17,19,2024-25,Home
2024-11-18,Miami Heat,Philadelphia 76ers,106,89,0.414,0.417,0.295,0.244,0.913,0.75,53,42,26,25,13,14,2024-25,Home
2024-11-18,Detroit Pistons,Chicago Bulls,112,122,0.429,0.484,0.341,0.5,0.684,0.786,48,46,27,28,9,10,2024-25,Away
2024-11-18,Toronto Raptors,Indiana Pacers,130,119,0.585,0.444,0.483,0.375,0.714,0.8,46,32,27,29,23,10,2024-25,Home
2024-11-18,Milwaukee Bucks,Houston Rockets,101,100,0.458,0.4,0.394,0.281,0.632,0.846,43,53,21,19,15,12,2024-25,Home
2024-11-18,New York Knicks,Washington Wizards,134,106,0.56,0.473,0.5,0.333,0.923,0.563,41,41,37,23,8,10,2024-25,Home
2024-11-18,Sacramento Kings,Atlanta Hawks,108,109,0.435,0.47,0.435,0.421,0.737,0.833,45,37,24,34,17,14,2024-25,Away
2024-11-19,Boston Celtics,Cleveland Cavaliers,120,117,0.512,0.495,0.537,0.345,0.714,0.882,42,41,32,30,13,7,2024-25,Home
2024-11-19,San Antonio Spurs,Oklahoma City Thunder,110,104,0.47,0.41,0.413,0.302,0.684,0.857,46,47,32,24,21,13,2024-25,Home
2024-11-19,Memphis Grizzlies,Denver Nuggets,110,122,0.398,0.48,0.237,0.333,0.613,0.636,55,53,24,29,22,18,2024-25,Away
2024-11-19,Brooklyn Nets,Charlotte Hornets,116,115,0.494,0.463,0.439,0.541,0.737,0.864,36,44,31,25,13,21,2024-25,Home
2024-11-19,Dallas Mavericks,New Orleans Pelicans,132,91,0.521,0.397,0.452,0.344,0.8,0.857,48,37,26,19,11,21,2024-25,Home
2024-11-19,Los Angeles Lakers,Utah Jazz,124,118,0.553,0.5,0.452,0.333,0.722,0.842,34,42,30,28,14,14,2024-25,Home
2024-11-20,Milwaukee Bucks,Chicago Bulls,122,106,0.55,0.466,0.361,0.378,0.677,1.0,45,33,30,25,11,14,2024-25,Home
2024-11-20,LA Clippers,Orlando Magic,104,93,0.494,0.44,0.5,0.229,0.81,0.792,49,24,22,21,22,14,2024-25,Home
2024-11-20,Golden State Warriors,Atlanta Hawks,120,97,0.465,0.333,0.35,0.267,0.667,0.625,54,65,36,27,15,17,2024-25,Home
2024-11-20,Houston Rockets,Indiana Pacers,130,113,0.461,0.53,0.333,0.227,0.727,0.8,47,36,25,19,13,23,2024-25,Home
2024-11-20,Cleveland Cavaliers,New Orleans Pelicans,128,100,0.527,0.424,0.429,0.258,0.857,0.636,52,40,29,23,11,11,2024-25,Home
2024-11-20,Oklahoma City Thunder,Portland Trail Blazers,109,99,0.44,0.405,0.29,0.395,0.87,0.714,46,49,24,18,13,22,2024-25,Home
2024-11-20,Memphis Grizzlies,Philadelphia 76ers,117,111,0.482,0.448,0.442,0.333,1.0,0.917,41,41,29,21,19,14,2024-25,Home
2024-11-20,Phoenix Suns,New York Knicks,122,138,0.489,0.581,0.38,0.487,0.765,0.905,34,41,30,30,14,13,2024-25,Away
2024-11-21,San Antonio Spurs,Utah Jazz,126,118,0.466,0.418,0.281,0.289,0.761,0.885,51,49,32,22,11,14,2024-25,Home
2024-11-21,Toronto Raptors,Minnesota Timberwolves,110,105,0.514,0.413,0.304,0.343,0.744,0.818,43,40,22,16,17,17,2024-25,Home
2024-11-21,Charlotte Hornets,Detroit Pistons,123,121,0.473,0.424,0.455,0.354,0.714,0.8,43,56,23,30,15,19,2024-25,Home
2024-11-21,Los Angeles Lakers,Orlando Magic,118,119,0.506,0.473,0.419,0.375,0.654,0.857,36,48,21,31,10,16,2024-25,Away
2024-11-22,New Orleans Pelicans,Golden State Warriors,108,112,0.446,0.448,0.308,0.324,0.636,0.759,43,52,28,27,9,16,2024-25,Away
2024-11-22,Philadelphia 76ers,Brooklyn Nets,113,98,0.446,0.494,0.372,0.351,0.75,1.0,40,34,25,28,11,19,2024-25,Home
2024-11-22,Denver Nuggets,Dallas Mavericks,120,123,0.478,0.505,0.517,0.37,0.655,0.778,42,44,33,24,13,13,2024-25,Away
2024-11-22,Houston Rockets,Portland Trail Blazers,116,88,0.452,0.33,0.385,0.256,0.68,0.773,51,45,27,17,17,20,2024-25,Home
2024-11-22,LA Clippers,Sacramento Kings,104,88,0.415,0.386,0.238,0.2,1.0,0.708,54,48,27,19,12,15,2024-25,Home
2024-11-22,Chicago Bulls,Atlanta Hawks,136,122,0.57,0.458,0.442,0.294,0.905,0.737,41,42,36,32,19,11,2024-25,Home
2024-11-22,Washington Wizards,Boston Celtics,96,108,0.433,0.424,0.25,0.239,0.688,0.781,48,43,19,22,19,12,2024-25,Away
2024-11-22,Milwaukee Bucks,Indiana Pacers,129,117,0.533,0.473,0.472,0.324,0.8,0.741,44,46,33,30,17,15,2024-25,Home
2024-11-23,Chicago Bulls,Memphis Grizzlies,131,142,0.505,0.573,0.452,0.452,0.737,0.65,35,49,29,38,11,11,2024-25,Away
2024-11-23,Utah Jazz,New York Knicks,121,106,0.506,0.39,0.559,0.333,0.737,0.917,52,40,30,25,18,9,2024-25,Home
2024-11-23,San Antonio Spurs,Golden State Warriors,104,94,0.447,0.379,0.277,0.318,0.789,0.615,48,49,29,29,8,10,2024-25,Home
2024-11-23,Orlando Magic,Detroit Pistons,111,100,0.46,0.467,0.308,0.394,0.864,0.773,44,34,25,16,13,17,2024-25,Home
2024-11-23,Milwaukee Bucks,Charlotte Hornets,125,119,0.483,0.41,0.486,0.404,0.808,0.857,51,48,20,22,14,10,2024-25,Home
2024-11-23,Los Angeles Lakers,Denver Nuggets,102,127,0.443,0.61,0.361,0.5,0.786,0.579,32,48,27,37,15,17,2024-25,Away
2024-11-23,Houston Rockets,Portland Trail Blazers,98,104,0.356,0.378,0.25,0.409,0.788,0.783,43,53,17,16,9,16,2024-25,Away
2024-11-24,Cleveland Cavaliers,Toronto Raptors,122,108,0.495,0.402,0.39,0.308,0.714,0.647,49,55,27,22,13,14,2024-25,Home
2024-11-24,Indiana Pacers,Washington Wizards,115,103,0.477,0.456,0.444,0.314,0.778,0.8,45,41,31,24,11,16,2024-25,Home
2024-11-24,Sacramento Kings,Brooklyn Nets,103,108,0.481,0.48,0.36,0.487,0.645,0.68,44,31,21,24,16,12,2024-25,Away
2024-11-24,Boston Celtics,Minnesota Timberwolves,107,105,0.425,0.42,0.375,0.366,0.8,0.762,40,49,25,19,6,8,2024-25,Home
2024-11-24,Philadelphia 76ers,LA Clippers,99,125,0.395,0.58,0.231,0.4,0.846,0.76,33,44,22,31,13,17,2024-25,Away
2024-11-24,Miami Heat,Dallas Mavericks,123,118,0.43,0.419,0.341,0.25,0.63,0.8,57,59,27,29,9,13,2024-25,Home
2024-11-25,Sacramento Kings,Oklahoma City Thunder,109,130,0.483,0.558,0.25,0.452,0.739,0.8,31,44,24,28,12,15,2024-25,Away
2024-11-25,Memphis Grizzlies,Portland Trail Blazers,123,98,0.494,0.333,0.429,0.174,0.735,0.786,60,44,35,22,18,11,2024-25,Home
2024-11-25,Golden State Warriors,Brooklyn Nets,120,128,0.484,0.494,0.413,0.444,0.647,0.867,43,42,32,23,12,11,2024-25,Away
2024-11-25,Charlotte Hornets,Orlando Magic,84,95,0.413,0.394,0.219,0.261,0.789,0.529,52,39,14,21,26,8,2024-25,Away
2024-11-25,Atlanta Hawks,Dallas Mavericks,119,129,0.475,0.5,0.29,0.457,0.875,0.864,39,51,32,24,14,17,2024-25,Away
2024-11-25,Boston Celtics,LA Clippers,126,94,0.511,0.433,0.431,0.269,0.7,0.692,47,44,33,18,11,13,2024-25,Home
2024-11-25,Denver Nuggets,New York Knicks,118,145,0.446,0.609,0.333,0.528,0.926,0.875,33,43,23,45,11,9,2024-25,Away
2024-11-25,Indiana Pacers,New Orleans Pelicans,114,110,0.473,0.517,0.362,0.273,0.688,0.579,41,44,30,35,13,15,2024-25,Home
2024-11-25,Detroit Pistons,Toronto Raptors,102,100,0.447,0.394,0.324,0.286,0.71,0.8,38,50,27,26,14,9,2024-25,Home
2024-11-26,Miami Heat,Milwaukee Bucks,103,106,0.455,0.468,0.345,0.476,0.767,0.824,38,41,26,23,8,10,2024-25,Away
2024-11-26,Minnesota Timberwolves,Houston Rockets,111,117,0.429,0.455,0.237,0.405,0.9,0.923,52,44,21,31,17,10,2024-25,Away
2024-11-26,Washington Wizards,Chicago Bulls,108,127,0.429,0.5,0.27,0.35,0.645,0.864,43,50,27,29,12,10,2024-25,Away
2024-11-26,Utah Jazz,San Antonio Spurs,115,128,0.512,0.484,0.371,0.375,0.8,0.769,41,39,24,30,21,10,2024-25,Away
2024-11-26,Phoenix Suns,Los Angeles Lakers,127,100,0.515,0.435,0.405,0.235,0.8,0.72,46,42,31,25,9,12,2024-25,Home
2024-11-27,Orlando Magic,Chicago Bulls,133,119,0.511,0.529,0.385,0.381,0.929,0.688,39,37,30,30,11,18,2024-25,Home
2024-11-27,Phoenix Suns,Brooklyn Nets,117,127,0.532,0.506,0.387,0.429,0.821,0.955,37,36,25,32,17,12,2024-25,Away
2024-11-27,Charlotte Hornets,Miami Heat,94,98,0.378,0.452,0.333,0.378,0.375,0.818,43,44,22,21,13,18,2024-25,Away
2024-11-27,New Orleans Pelicans,Toronto Raptors,93,119,0.387,0.495,0.314,0.404,0.625,0.333,47,52,24,38,15,15,2024-25,Away
2024-11-27,Cleveland Cavaliers,Atlanta Hawks,124,135,0.463,0.474,0.313,0.476,0.75,0.92,44,51,31,39,12,13,2024-25,Away
2024-11-27,Dallas Mavericks,New York Knicks,129,114,0.565,0.465,0.515,0.241,0.762,0.9,43,33,27,20,13,8,2024-25,Home
2024-11-27,Indiana Pacers,Portland Trail Blazers,121,114,0.489,0.506,0.406,0.457,0.8,0.588,47,38,27,31,12,14,2024-25,Home
2024-11-27,Philadelphia 76ers,Houston Rockets,115,122,0.448,0.455,0.364,0.323,0.739,0.842,42,51,19,23,14,20,2024-25,Away
2024-11-27,Golden State Warriors,Oklahoma City Thunder,101,105,0.357,0.459,0.32,0.297,0.714,0.615,57,48,25,26,14,14,2024-25,Away
2024-11-27,Washington Wizards,LA Clippers,96,121,0.412,0.506,0.242,0.364,0.818,0.76,40,47,21,27,20,13,2024-25,Away
2024-11-27,Utah Jazz,Denver Nuggets,103,122,0.422,0.548,0.372,0.333,0.611,0.826,47,39,25,30,18,10,2024-25,Away
2024-11-27,Minnesota Timberwolves,Sacramento Kings,104,115,0.446,0.489,0.359,0.324,0.889,0.733,33,47,25,28,15,16,2024-25,Away
2024-11-27,San Antonio Spurs,Los Angeles Lakers,101,119,0.424,0.533,0.35,0.382,0.938,1.0,38,46,26,31,15,13,2024-25,Away
2024-11-27,Memphis Grizzlies,Detroit Pistons,131,111,0.548,0.471,0.37,0.342,0.75,0.72,42,42,31,24,16,18,2024-25,Home
2024-11-29,Portland Trail Blazers,Sacramento Kings,115,106,0.511,0.449,0.297,0.357,0.8,0.75,40,41,27,29,11,20,2024-25,Home
2024-11-29,Memphis Grizzlies,New Orleans Pelicans,120,109,0.49,0.418,0.293,0.31,0.824,0.8,51,46,36,16,15,14,2024-25,Home
2024-11-29,Atlanta Hawks,Cleveland Cavaliers,117,101,0.518,0.409,0.412,0.289,0.833,0.824,53,40,33,21,18,13,2024-25,Home
2024-11-29,Miami Heat,Toronto Raptors,121,111,0.457,0.538,0.389,0.379,0.824,0.824,33,46,32,34,8,18,2024-25,Home
2024-11-29,Chicago Bulls,Boston Celtics,129,138,0.516,0.5,0.392,0.426,0.813,0.739,43,51,28,24,8,9,2024-25,Away
2024-11-29,Minnesota Timberwolves,LA Clippers,93,92,0.413,0.429,0.385,0.323,0.8,0.769,49,39,25,20,21,15,2024-25,Home
2024-11-29,Charlotte Hornets,New York Knicks,98,99,0.404,0.444,0.319,0.375,0.733,0.789,39,44,25,20,13,19,2024-25,Away
2024-11-29,Los Angeles Lakers,Oklahoma City Thunder,93,101,0.452,0.409,0.289,0.325,0.762,0.75,47,47,25,20,17,9,2024-25,Away
2024-11-29,Indiana Pacers,Detroit Pistons,106,130,0.482,0.578,0.364,0.474,0.923,0.8,32,44,23,35,16,18,2024-25,Away
2024-11-29,Brooklyn Nets,Orlando Magic,100,123,0.494,0.53,0.483,0.514,0.714,0.773,35,40,22,29,20,17,2024-25,Away
2024-11-30,Charlotte Hornets,Atlanta Hawks,104,107,0.372,0.487,0.375,0.303,0.842,0.778,45,49,23,27,14,20,2024-25,Away
2024-11-30,Detroit Pistons,Philadelphia 76ers,96,111,0.385,0.494,0.275,0.355,0.833,0.727,42,50,22,19,16,14,2024-25,Away
2024-11-30,Phoenix Suns,Golden State Warriors,113,105,0.481,0.413,0.514,0.35,0.864,0.833,45,43,31,28,12,9,2024-25,Home
2024-11-30,Utah Jazz,Dallas Mavericks,94,106,0.358,0.456,0.231,0.385,0.81,0.6,53,48,20,30,15,15,2024-25,Away
2024-11-30,Milwaukee Bucks,Washington Wizards,124,114,0.512,0.471,0.457,0.281,0.8,0.958,38,41,31,24,11,12,2024-25,Home
2024-12-01,New York Knicks,New Orleans Pelicans,118,85,0.457,0.372,0.444,0.148,0.875,0.647,60,42,30,20,17,14,2024-25,Home
2024-12-01,Cleveland Cavaliers,Boston Celtics,115,111,0.488,0.4,0.472,0.347,0.8,0.947,44,46,22,17,17,8,2024-25,Home
2024-12-01,Houston Rockets,Oklahoma City Thunder,119,116,0.413,0.447,0.351,0.333,0.769,0.76,51,46,20,30,10,7,2024-25,Home
2024-12-01,LA Clippers,Denver Nuggets,126,122,0.478,0.58,0.462,0.417,0.815,0.526,42,39,28,37,14,14,2024-25,Home
2024-12-01,Memphis Grizzlies,Indiana Pacers,136,121,0.527,0.478,0.348,0.333,0.815,0.808,40,41,36,28,10,15,2024-25,Home
2024-12-01,Sacramento Kings,San Antonio Spurs,125,127,0.465,0.512,0.375,0.5,0.792,0.833,51,38,32,32,10,15,2024-25,Away
2024-12-01,Brooklyn Nets,Orlando Magic,92,100,0.38,0.459,0.258,0.25,0.774,0.781,33,52,19,23,16,22,2024-25,Away
2024-12-01,Portland Trail Blazers,Dallas Mavericks,131,137,0.583,0.552,0.581,0.5,0.833,0.793,39,33,29,33,21,13,2024-25,Away
2024-12-01,Utah Jazz,Los Angeles Lakers,104,105,0.506,0.443,0.35,0.212,0.625,0.8,44,42,27,23,15,5,2024-25,Away
2024-12-01,Toronto Raptors,Miami Heat,119,116,0.534,0.443,0.345,0.375,0.75,0.821,47,45,30,25,14,14,2024-25,Home
2024-12-02,Boston Celtics,Miami Heat,108,89,0.438,0.356,0.345,0.229,0.846,0.826,54,44,25,24,14,10,2024-25,Home
2024-12-02,Minnesota Timberwolves,Los Angeles Lakers,109,80,0.506,0.405,0.429,0.194,0.8,0.714,43,39,31,19,15,20,2024-25,Home
2024-12-02,Atlanta Hawks,New Orleans Pelicans,124,112,0.51,0.44,0.263,0.31,0.8,0.647,51,41,30,21,18,16,2024-25,Home
2024-12-02,Chicago Bulls,Brooklyn Nets,128,102,0.522,0.4,0.34,0.333,0.842,0.8,54,41,33,24,16,10,2024-25,Home
2024-12-03,Detroit Pistons,Milwaukee Bucks,107,128,0.46,0.563,0.333,0.561,0.727,0.714,41,36,22,26,18,16,2024-25,Away
2024-12-03,Toronto Raptors,Indiana Pacers,122,111,0.543,0.452,0.394,0.4,0.724,0.821,42,34,28,21,21,20,2024-25,Home
2024-12-03,LA Clippers,Portland Trail Blazers,127,105,0.553,0.513,0.514,0.345,0.824,0.813,35,29,29,25,13,15,2024-25,Home
2024-12-03,Sacramento Kings,Houston Rockets,120,111,0.516,0.441,0.467,0.359,0.6,0.714,34,53,33,14,10,15,2024-25,Home
2024-12-03,Charlotte Hornets,Philadelphia 76ers,104,110,0.442,0.463,0.382,0.4,0.821,0.9,47,31,22,26,15,12,2024-25,Away
2024-12-03,Denver Nuggets,Golden State Warriors,119,115,0.506,0.463,0.458,0.316,0.8,0.714,38,48,32,36,15,14,2024-25,Home
2024-12-03,Phoenix Suns,San Antonio Spurs,104,93,0.487,0.35,0.344,0.182,0.81,0.75,44,53,26,26,12,14,2024-25,Home
2024-12-03,Cleveland Cavaliers,Washington Wizards,118,87,0.483,0.386,0.348,0.154,0.64,0.76,45,52,31,18,11,20,2024-25,Home
2024-12-03,New York Knicks,Orlando Magic,121,106,0.506,0.437,0.429,0.231,1.0,0.84,39,38,30,20,17,15,2024-25,Home
2024-12-03,Dallas Mavericks,Memphis Grizzlies,121,116,0.481,0.464,0.406,0.325,0.682,0.929,49,39,24,27,25,19,2024-25,Home
2024-12-03,Oklahoma City Thunder,Utah Jazz,133,106,0.52,0.543,0.362,0.371,0.909,0.773,34,36,32,21,8,29,2024-25,Home
2024-12-04,Brooklyn Nets,Indiana Pacers,99,90,0.432,0.427,0.333,0.242,0.739,0.818,43,39,24,20,12,16,2024-25,Home
2024-12-04,Milwaukee Bucks,Atlanta Hawks,104,119,0.423,0.441,0.333,0.281,0.657,0.909,40,54,23,29,18,11,2024-25,Away
2024-12-04,Boston Celtics,Detroit Pistons,130,120,0.479,0.512,0.396,0.513,0.76,0.778,43,34,30,27,16,18,2024-25,Home
2024-12-04,Philadelphia 76ers,Orlando Magic,102,106,0.488,0.488,0.367,0.276,0.579,0.762,35,42,23,21,14,13,2024-25,Away
2024-12-04,LA Clippers,Minnesota Timberwolves,80,108,0.349,0.482,0.275,0.364,0.846,0.556,46,50,13,31,21,14,2024-25,Away
2024-12-04,Miami Heat,Los Angeles Lakers,134,93,0.578,0.42,0.511,0.227,0.667,0.737,52,36,42,29,15,13,2024-25,Home
2024-12-05,New Orleans Pelicans,Phoenix Suns,126,124,0.495,0.506,0.389,0.378,0.72,0.808,44,46,23,32,13,17,2024-25,Home
2024-12-05,Washington Wizards,Dallas Mavericks,101,137,0.394,0.539,0.325,0.526,0.667,0.778,39,58,25,27,12,15,2024-25,Away
2024-12-05,Cleveland Cavaliers,Denver Nuggets,126,114,0.5,0.479,0.458,0.25,0.625,0.727,47,49,32,25,15,15,2024-25,Home
2024-12-05,San Antonio Spurs,Chicago Bulls,124,139,0.463,0.578,0.286,0.459,0.718,0.783,41,50,26,36,11,17,2024-25,Away
2024-12-05,Golden State Warriors,Houston Rockets,99,93,0.419,0.376,0.321,0.263,0.667,0.765,54,45,19,20,10,8,2024-25,Home
2024-12-05,Memphis Grizzlies,Sacramento Kings,115,110,0.475,0.398,0.342,0.229,0.813,0.857,49,46,27,19,22,13,2024-25,Home
2024-12-05,New York Knicks,Charlotte Hornets,125,101,0.539,0.449,0.545,0.385,0.781,0.6,43,40,29,27,9,10,2024-25,Home
2024-12-05,Toronto Raptors,Oklahoma City Thunder,92,129,0.356,0.48,0.244,0.362,0.85,0.824,51,55,24,28,20,6,2024-25,Away
2024-12-06,Chicago Bulls,Indiana Pacers,123,132,0.474,0.565,0.42,0.6,0.833,0.833,38,46,33,33,12,12,2024-25,Away
2024-12-06,San Antonio Spurs,Sacramento Kings,113,140,0.429,0.567,0.341,0.471,0.7,0.917,42,44,28,33,14,11,2024-25,Away
2024-12-06,Portland Trail Blazers,Utah Jazz,99,141,0.389,0.552,0.298,0.438,0.647,0.913,34,61,23,34,10,12,2024-25,Away
2024-12-06,Philadelphia 76ers,Orlando Magic,102,94,0.481,0.423,0.269,0.283,0.655,0.882,37,38,23,21,15,19,2024-25,Home
2024-12-06,Golden State Warriors,Minnesota Timberwolves,90,107,0.39,0.455,0.282,0.333,0.882,0.929,41,48,21,32,22,17,2024-25,Away
2024-12-06,Boston Celtics,Milwaukee Bucks,111,105,0.46,0.426,0.321,0.379,0.875,0.824,41,51,27,16,6,9,2024-25,Home
2024-12-06,Atlanta Hawks,Los Angeles Lakers,134,132,0.5,0.515,0.425,0.457,0.773,0.875,48,40,40,33,17,13,2024-25,Home
2024-12-07,New York Knicks,Detroit Pistons,111,120,0.532,0.518,0.324,0.5,0.593,0.842,31,43,27,28,15,18,2024-25,Away
2024-12-07,Charlotte Hornets,Cleveland Cavaliers,102,116,0.43,0.5,0.282,0.368,0.895,0.75,37,47,21,28,10,11,2024-25,Away
2024-12-07,Toronto Raptors,Dallas Mavericks,118,125,0.462,0.469,0.385,0.378,0.944,0.865,39,52,37,21,13,18,2024-25,Away
2024-12-07,Miami Heat,Phoenix Suns,121,111,0.523,0.439,0.406,0.39,0.783,0.92,41,41,30,29,11,14,2024-25,Home
2024-12-07,New Orleans Pelicans,Oklahoma City Thunder,109,119,0.481,0.529,0.297,0.375,0.815,0.81,35,45,25,27,18,18,2024-25,Away
2024-12-07,Boston Celtics,Memphis Grizzlies,121,127,0.4,0.5,0.3,0.455,0.679,0.783,51,52,26,25,13,13,2024-25,Away
2024-12-07,Washington Wizards,Denver Nuggets,122,113,0.484,0.484,0.39,0.2,0.727,0.593,46,48,31,34,17,15,2024-25,Home
2024-12-08,Washington Wizards,Memphis Grizzlies,112,140,0.43,0.521,0.188,0.395,0.909,0.793,52,46,20,34,21,16,2024-25,Away
2024-12-08,Brooklyn Nets,Milwaukee Bucks,113,118,0.506,0.574,0.457,0.484,0.938,0.781,30,31,24,26,9,16,2024-25,Away
2024-12-08,LA Clippers,Houston Rockets,106,117,0.446,0.488,0.324,0.366,0.813,0.846,33,50,21,23,7,15,2024-25,Away
2024-12-08,Los Angeles Lakers,Portland Trail Blazers,107,98,0.458,0.417,0.382,0.25,0.857,0.905,40,49,25,17,11,17,2024-25,Home
2024-12-08,Golden State Warriors,Minnesota Timberwolves,114,106,0.467,0.456,0.39,0.452,0.7,0.75,45,39,28,22,11,14,2024-25,Home
2024-12-08,San Antonio Spurs,New Orleans Pelicans,121,116,0.452,0.434,0.308,0.342,0.806,0.81,55,43,27,26,13,8,2024-25,Home
2024-12-08,Orlando Magic,Phoenix Suns,115,110,0.477,0.47,0.333,0.464,0.633,0.864,44,39,17,24,13,19,2024-25,Home
2024-12-08,Chicago Bulls,Philadelphia 76ers,100,108,0.407,0.467,0.352,0.25,0.917,0.929,35,56,29,25,15,15,2024-25,Away
2024-12-08,Indiana Pacers,Charlotte Hornets,109,113,0.512,0.513,0.333,0.483,0.867,0.731,29,45,23,24,17,24,2024-25,Away
2024-12-08,Sacramento Kings,Utah Jazz,141,97,0.57,0.388,0.5,0.357,0.625,0.952,43,38,39,21,8,20,2024-25,Home
2024-12-08,Miami Heat,Cleveland Cavaliers,122,113,0.477,0.477,0.432,0.424,0.923,0.944,47,36,27,25,11,9,2024-25,Home
2024-12-08,Atlanta Hawks,Denver Nuggets,111,141,0.406,0.629,0.225,0.444,0.741,0.708,45,43,26,43,12,18,2024-25,Away
2024-12-09,Toronto Raptors,New York Knicks,108,113,0.448,0.512,0.371,0.425,0.818,0.632,51,40,23,32,12,10,2024-25,Away
2024-12-10,Oklahoma City Thunder,Dallas Mavericks,118,104,0.455,0.475,0.4,0.417,0.857,0.684,52,44,29,25,13,18,2024-25,Home
2024-12-10,Milwaukee Bucks,Orlando Magic,114,109,0.545,0.441,0.367,0.222,0.76,0.778,37,46,27,19,16,13,2024-25,Home
2024-12-11,New York Knicks,Atlanta Hawks,100,108,0.43,0.413,0.262,0.29,0.6,0.65,49,58,27,27,12,10,2024-25,Away
2024-12-11,Houston Rockets,Golden State Warriors,91,90,0.458,0.44,0.222,0.316,0.9,0.444,36,39,23,22,16,15,2024-25,Home
2024-12-12,Miami Heat,Toronto Raptors,114,104,0.482,0.446,0.406,0.344,0.656,0.733,52,42,21,29,15,11,2024-25,Home
2024-12-12,New Orleans Pelicans,Sacramento Kings,109,111,0.47,0.402,0.378,0.303,0.85,0.931,43,50,22,24,17,11,2024-25,Away
2024-12-12,Boston Celtics,Detroit Pistons,123,99,0.511,0.429,0.417,0.189,0.846,0.8,51,43,34,27,14,8,2024-25,Home
2024-12-13,Minnesota Timberwolves,Los Angeles Lakers,97,87,0.402,0.384,0.281,0.286,0.75,0.647,48,53,18,17,13,21,2024-25,Home
2024-12-13,Memphis Grizzlies,Brooklyn Nets,135,119,0.525,0.457,0.472,0.377,0.667,0.789,49,41,33,30,13,16,2024-25,Home
2024-12-13,Philadelphia 76ers,Indiana Pacers,107,121,0.435,0.516,0.4,0.368,0.719,0.765,47,41,18,35,15,10,2024-25,Away
2024-12-13,Chicago Bulls,Charlotte Hornets,109,95,0.398,0.357,0.275,0.174,0.84,0.81,52,54,27,22,16,16,2024-25,Home
2024-12-13,Cleveland Cavaliers,Washington Wizards,115,105,0.396,0.477,0.3,0.35,0.7,0.818,50,44,27,24,11,17,2024-25,Home
2024-12-13,Denver Nuggets,LA Clippers,120,98,0.545,0.446,0.345,0.341,0.813,0.556,46,31,23,24,21,19,2024-25,Home
2024-12-13,Utah Jazz,Phoenix Suns,126,134,0.558,0.528,0.564,0.489,0.818,0.9,34,37,30,36,15,7,2024-25,Away
2024-12-13,Portland Trail Blazers,San Antonio Spurs,116,118,0.512,0.518,0.39,0.467,0.941,0.762,36,41,25,32,13,14,2024-25,Away
2024-12-14,Milwaukee Bucks,Atlanta Hawks,110,102,0.453,0.427,0.311,0.417,0.667,0.647,47,44,28,23,12,13,2024-25,Home
2024-12-14,Houston Rockets,Oklahoma City Thunder,96,111,0.365,0.45,0.239,0.367,0.6,0.875,49,43,17,19,16,12,2024-25,Away
2024-12-15,Golden State Warriors,Dallas Mavericks,133,143,0.476,0.598,0.5,0.512,0.727,0.72,37,47,39,36,10,15,2024-25,Away
2024-12-15,Orlando Magic,New York Knicks,91,100,0.419,0.465,0.3,0.417,0.769,0.8,39,45,24,20,15,17,2024-25,Away
2024-12-15,Indiana Pacers,New Orleans Pelicans,119,104,0.506,0.392,0.421,0.303,0.875,0.783,43,49,33,18,17,18,2024-25,Home
2024-12-15,Los Angeles Lakers,Memphis Grizzlies,116,110,0.476,0.392,0.294,0.321,0.718,0.833,44,50,23,25,21,20,2024-25,Home
2024-12-15,San Antonio Spurs,Minnesota Timberwolves,92,106,0.407,0.4,0.244,0.343,0.778,0.875,50,51,34,26,18,12,2024-25,Away
2024-12-15,Washington Wizards,Boston Celtics,98,112,0.404,0.43,0.325,0.391,0.625,0.583,51,56,22,26,16,18,2024-25,Away
2024-12-15,Phoenix Suns,Portland Trail Blazers,116,109,0.483,0.447,0.385,0.306,0.789,0.769,46,48,23,30,11,13,2024-25,Home
2024-12-16,Toronto Raptors,Chicago Bulls,121,122,0.489,0.462,0.346,0.35,0.733,0.786,44,41,28,33,18,12,2024-25,Away
2024-12-16,Detroit Pistons,Miami Heat,125,124,0.489,0.455,0.5,0.279,0.739,0.917,52,44,32,30,21,13,2024-25,Home
2024-12-16,LA Clippers,Utah Jazz,144,107,0.598,0.45,0.538,0.333,0.781,0.733,41,35,28,22,14,22,2024-25,Home
2024-12-16,Charlotte Hornets,Philadelphia 76ers,108,121,0.506,0.513,0.316,0.421,0.571,0.767,38,42,30,21,20,20,2024-25,Away
2024-12-16,Sacramento Kings,Denver Nuggets,129,130,0.48,0.5,0.343,0.357,0.95,0.75,42,55,28,38,11,15,2024-25,Away
2024-12-16,Brooklyn Nets,Cleveland Cavaliers,101,130,0.42,0.531,0.412,0.404,0.792,0.862,35,42,25,33,20,17,2024-25,Away
2024-12-19,Houston Rockets,New Orleans Pelicans,133,113,0.575,0.446,0.436,0.464,0.842,0.72,42,37,34,25,11,12,2024-25,Home
2024-12-19,Orlando Magic,Oklahoma City Thunder,99,105,0.449,0.482,0.314,0.323,0.72,0.938,40,32,25,23,18,13,2024-25,Away
2024-12-19,Detroit Pistons,Utah Jazz,119,126,0.438,0.47,0.277,0.5,0.778,0.903,39,62,26,23,10,27,2024-25,Away
2024-12-19,Sacramento Kings,Los Angeles Lakers,100,113,0.451,0.404,0.379,0.364,0.682,0.833,43,53,27,22,15,10,2024-25,Away
2024-12-19,Memphis Grizzlies,Golden State Warriors,144,93,0.541,0.356,0.563,0.333,0.733,0.708,60,36,38,20,16,17,2024-25,Home
2024-12-19,Phoenix Suns,Indiana Pacers,111,120,0.488,0.438,0.3,0.39,0.786,0.839,44,47,28,30,16,9,2024-25,Away
2024-12-19,Dallas Mavericks,LA Clippers,95,118,0.395,0.518,0.233,0.424,0.714,0.941,40,47,21,30,13,13,2024-25,Away
2024-12-19,Boston Celtics,Chicago Bulls,108,117,0.392,0.447,0.25,0.365,0.857,0.875,45,56,21,23,4,10,2024-25,Away
2024-12-19,San Antonio Spurs,Atlanta Hawks,133,126,0.485,0.474,0.452,0.421,0.696,0.857,42,53,32,32,17,22,2024-25,Home
2024-12-19,Washington Wizards,Charlotte Hornets,123,114,0.494,0.406,0.405,0.186,0.774,0.741,52,52,33,30,18,8,2024-25,Home
2024-12-19,Minnesota Timberwolves,New York Knicks,107,133,0.461,0.515,0.405,0.444,0.615,0.813,37,57,29,39,13,15,2024-25,Away
2024-12-19,Portland Trail Blazers,Denver Nuggets,126,124,0.464,0.54,0.348,0.441,0.833,0.714,45,40,29,35,10,11,2024-25,Home
2024-12-19,Toronto Raptors,Brooklyn Nets,94,101,0.395,0.402,0.341,0.231,0.786,0.839,34,53,26,18,12,15,2024-25,Away
2024-12-20,Philadelphia 76ers,Charlotte Hornets,108,98,0.494,0.462,0.364,0.323,0.778,0.762,39,44,30,22,14,17,2024-25,Home
2024-12-20,Cleveland Cavaliers,Milwaukee Bucks,124,101,0.505,0.471,0.426,0.37,0.857,0.611,48,45,30,23,15,20,2024-25,Home
2024-12-20,Miami Heat,Oklahoma City Thunder,97,104,0.434,0.453,0.3,0.412,0.65,0.706,41,48,20,24,18,14,2024-25,Away
2024-12-21,Phoenix Suns,Detroit Pistons,125,133,0.577,0.551,0.483,0.487,0.913,0.727,35,35,30,31,19,13,2024-25,Away
2024-12-21,Cleveland Cavaliers,Philadelphia 76ers,126,99,0.533,0.4,0.512,0.324,0.533,0.741,49,41,31,13,13,13,2024-25,Home
2024-12-21,Milwaukee Bucks,Washington Wizards,112,101,0.449,0.444,0.417,0.429,0.8,0.688,44,47,35,20,11,19,2024-25,Home
2024-12-21,Brooklyn Nets,Utah Jazz,94,105,0.404,0.477,0.175,0.341,0.917,0.529,50,45,24,25,17,18,2024-25,Away
2024-12-21,Minnesota Timberwolves,Golden State Warriors,103,113,0.419,0.46,0.368,0.381,0.68,0.739,45,45,27,30,15,10,2024-25,Away
2024-12-21,Dallas Mavericks,LA Clippers,113,97,0.455,0.42,0.4,0.27,0.864,0.864,43,40,25,18,11,17,2024-25,Home
2024-12-21,Sacramento Kings,Los Angeles Lakers,99,103,0.433,0.482,0.27,0.257,0.786,0.667,46,48,25,23,13,13,2024-25,Away
2024-12-21,Orlando Magic,Miami Heat,121,114,0.494,0.48,0.297,0.281,0.889,0.786,41,38,24,16,13,14,2024-25,Home
2024-12-21,Atlanta Hawks,Memphis Grizzlies,112,128,0.488,0.515,0.368,0.439,0.833,0.769,41,40,29,35,25,18,2024-25,Away
2024-12-21,San Antonio Spurs,Portland Trail Blazers,114,94,0.473,0.396,0.278,0.279,0.889,0.667,49,44,33,21,12,13,2024-25,Home
2024-12-21,New Orleans Pelicans,New York Knicks,93,104,0.41,0.437,0.353,0.405,0.684,0.867,45,42,23,24,19,16,2024-25,Away
2024-12-21,Chicago Bulls,Boston Celtics,98,123,0.378,0.48,0.341,0.333,0.909,0.857,43,59,28,27,12,12,2024-25,Away
2024-12-22,New Orleans Pelicans,Denver Nuggets,129,132,0.463,0.505,0.3,0.303,0.739,0.75,43,54,37,34,13,22,2024-25,Away
2024-12-22,Toronto Raptors,Houston Rockets,110,114,0.457,0.449,0.395,0.25,0.692,0.818,42,53,33,18,21,21,2024-25,Away
2024-12-22,Sacramento Kings,Indiana Pacers,95,122,0.365,0.581,0.316,0.436,0.765,0.625,47,50,21,36,10,10,2024-25,Away
2024-12-23,Memphis Grizzlies,LA Clippers,110,114,0.384,0.438,0.381,0.333,0.692,0.808,56,53,26,22,20,17,2024-25,Away
2024-12-23,Golden State Warriors,Indiana Pacers,105,111,0.433,0.489,0.316,0.314,0.714,0.909,44,43,29,26,11,11,2024-25,Away
2024-12-23,Los Angeles Lakers,Detroit Pistons,114,117,0.541,0.511,0.467,0.367,0.8,1.0,38,37,28,24,18,12,2024-25,Away
2024-12-23,Dallas Mavericks,Portland Trail Blazers,132,108,0.533,0.462,0.333,0.276,0.706,0.737,41,48,27,23,10,18,2024-25,Home
2024-12-23,Cleveland Cavaliers,Utah Jazz,124,113,0.473,0.413,0.435,0.432,0.783,0.692,40,51,33,27,9,16,2024-25,Home
2024-12-23,Oklahoma City Thunder,Washington Wizards,123,105,0.443,0.396,0.263,0.372,0.864,0.85,59,51,25,25,12,19,2024-25,Home
2024-12-23,Chicago Bulls,Milwaukee Bucks,91,112,0.4,0.46,0.208,0.419,0.75,0.824,46,49,27,24,15,13,2024-25,Away
2024-12-23,New York Knicks,Toronto Raptors,139,125,0.593,0.545,0.459,0.393,0.69,0.811,35,30,34,28,14,15,2024-25,Home
2024-12-23,Miami Heat,Brooklyn Nets,110,95,0.493,0.393,0.415,0.382,0.875,0.8,44,42,27,23,15,14,2024-25,Home
2024-12-23,Philadelphia 76ers,San Antonio Spurs,111,106,0.419,0.457,0.364,0.333,0.739,0.944,47,42,22,24,9,18,2024-25,Home
2024-12-23,Charlotte Hornets,Houston Rockets,101,114,0.416,0.434,0.278,0.31,0.708,0.789,44,60,25,23,11,11,2024-25,Away
2024-12-23,Orlando Magic,Boston Celtics,108,104,0.446,0.44,0.394,0.242,1.0,0.815,42,41,26,13,20,18,2024-25,Home
2024-12-23,Denver Nuggets,Phoenix Suns,117,90,0.511,0.398,0.39,0.394,0.818,0.733,46,39,35,23,12,13,2024-25,Home
2024-12-23,Atlanta Hawks,Minnesota Timberwolves,117,104,0.534,0.429,0.5,0.326,0.808,0.923,38,43,27,31,21,21,2024-25,Home
2024-12-25,Boston Celtics,Philadelphia 76ers,114,118,0.453,0.466,0.408,0.425,0.615,1.0,51,39,24,28,13,6,2024-25,Away
2024-12-25,New York Knicks,San Antonio Spurs,117,114,0.45,0.506,0.333,0.421,0.875,0.824,47,45,26,33,5,15,2024-25,Home
2024-12-25,Dallas Mavericks,Minnesota Timberwolves,99,105,0.414,0.465,0.372,0.438,1.0,0.846,43,46,15,23,12,10,2024-25,Away
2024-12-25,Golden State Warriors,Los Angeles Lakers,113,115,0.461,0.451,0.4,0.357,0.765,1.0,44,41,26,30,12,9,2024-25,Away
2024-12-25,Phoenix Suns,Denver Nuggets,110,100,0.466,0.462,0.306,0.276,0.85,0.714,42,46,31,20,7,16,2024-25,Home
2024-12-26,Portland Trail Blazers,Utah Jazz,122,120,0.506,0.477,0.395,0.5,0.773,0.68,43,46,26,26,11,13,2024-25,Home
2024-12-26,Memphis Grizzlies,Toronto Raptors,155,126,0.532,0.454,0.4,0.326,0.724,0.778,63,40,36,39,17,15,2024-25,Home
2024-12-26,Indiana Pacers,Oklahoma City Thunder,114,120,0.472,0.463,0.389,0.351,0.727,0.792,51,45,28,20,11,3,2024-25,Away
2024-12-26,Sacramento Kings,Detroit Pistons,113,114,0.476,0.418,0.359,0.386,0.808,0.84,44,44,20,25,14,10,2024-25,Away
2024-12-26,Atlanta Hawks,Chicago Bulls,141,133,0.517,0.541,0.378,0.512,0.941,0.833,44,36,32,36,12,14,2024-25,Home
2024-12-26,Orlando Magic,Miami Heat,88,89,0.442,0.408,0.172,0.5,0.833,0.857,42,35,14,21,21,20,2024-25,Away
2024-12-26,New Orleans Pelicans,Houston Rockets,111,128,0.434,0.474,0.324,0.383,0.722,0.783,44,54,29,19,13,15,2024-25,Away
2024-12-26,Washington Wizards,Charlotte Hornets,113,110,0.429,0.436,0.318,0.405,0.75,0.786,43,50,25,31,11,18,2024-25,Home
2024-12-26,Milwaukee Bucks,Brooklyn Nets,105,111,0.494,0.476,0.395,0.421,0.667,0.773,39,38,23,25,22,21,2024-25,Away
2024-12-27,New Orleans Pelicans,Memphis Grizzlies,124,132,0.448,0.472,0.289,0.415,0.931,0.886,45,42,30,30,17,16,2024-25,Away
2024-12-27,Denver Nuggets,Cleveland Cavaliers,135,149,0.564,0.563,0.484,0.479,0.778,0.818,38,38,39,40,13,10,2024-25,Away
2024-12-27,Phoenix Suns,Dallas Mavericks,89,98,0.386,0.438,0.371,0.353,0.667,0.941,42,41,23,24,13,15,2024-25,Away
2024-12-27,Houston Rockets,Minnesota Timberwolves,112,113,0.489,0.506,0.333,0.488,0.632,0.5,47,40,19,25,13,14,2024-25,Away
2024-12-27,LA Clippers,Golden State Warriors,102,92,0.533,0.368,0.313,0.184,0.8,0.75,39,47,19,24,21,14,2024-25,Home
2024-12-27,Brooklyn Nets,San Antonio Spurs,87,96,0.389,0.41,0.293,0.429,0.625,0.741,45,43,22,26,16,13,2024-25,Away
2024-12-27,Orlando Magic,New York Knicks,85,108,0.368,0.533,0.303,0.267,0.917,0.706,33,44,20,18,17,18,2024-25,Away
2024-12-27,Boston Celtics,Indiana Pacers,142,105,0.511,0.418,0.411,0.282,0.862,0.72,52,39,31,27,10,12,2024-25,Home
2024-12-28,Denver Nuggets,Detroit Pistons,134,121,0.561,0.484,0.481,0.308,0.806,0.739,40,41,29,29,13,12,2024-25,Home
2024-12-28,Chicago Bulls,Milwaukee Bucks,116,111,0.474,0.402,0.389,0.333,0.706,1.0,52,43,33,27,11,7,2024-25,Home
2024-12-28,Washington Wizards,New York Knicks,132,136,0.515,0.526,0.447,0.25,0.867,0.923,44,43,32,26,15,15,2024-25,Away
2024-12-28,Golden State Warriors,Phoenix Suns,109,105,0.418,0.424,0.267,0.257,0.789,0.818,49,46,26,21,11,13,2024-25,Home
2024-12-28,Utah Jazz,Philadelphia 76ers,111,114,0.483,0.434,0.333,0.361,0.867,0.784,48,32,27,22,21,8,2024-25,Away
2024-12-28,Portland Trail Blazers,Dallas Mavericks,126,122,0.5,0.483,0.423,0.395,0.793,0.808,50,40,27,20,14,13,2024-25,Home
2024-12-28,Los Angeles Lakers,Sacramento Kings,132,122,0.597,0.51,0.538,0.275,0.788,0.733,33,39,33,38,11,9,2024-25,Home
2024-12-28,Atlanta Hawks,Miami Heat,120,110,0.512,0.444,0.405,0.317,0.773,0.944,47,42,34,23,11,8,2024-25,Home
2024-12-28,Charlotte Hornets,Oklahoma City Thunder,94,106,0.363,0.477,0.324,0.263,0.893,0.857,44,49,17,29,18,15,2024-25,Away
2024-12-29,Boston Celtics,Indiana Pacers,114,123,0.462,0.529,0.296,0.391,0.632,0.815,41,50,26,27,8,9,2024-25,Away
2024-12-29,Toronto Raptors,Atlanta Hawks,107,136,0.447,0.484,0.292,0.4,0.889,0.743,52,40,26,30,31,14,2024-25,Away
2024-12-29,Orlando Magic,Brooklyn Nets,102,101,0.446,0.438,0.333,0.433,0.64,0.857,42,38,30,22,13,14,2024-25,Home
2024-12-29,Oklahoma City Thunder,Memphis Grizzlies,130,106,0.505,0.381,0.318,0.275,1.0,0.857,45,51,35,30,10,21,2024-25,Home
2024-12-29,Minnesota Timberwolves,San Antonio Spurs,112,110,0.43,0.437,0.25,0.282,0.789,0.821,56,41,23,25,10,9,2024-25,Home
2024-12-29,Houston Rockets,Miami Heat,100,104,0.392,0.44,0.325,0.303,0.846,0.714,52,52,24,21,12,14,2024-25,Away
2024-12-30,New Orleans Pelicans,LA Clippers,113,116,0.512,0.477,0.486,0.351,0.786,0.778,35,40,30,24,16,16,2024-25,Away
2024-12-30,Sacramento Kings,Dallas Mavericks,110,100,0.42,0.421,0.313,0.387,0.842,0.828,58,36,25,17,15,17,2024-25,Home
2024-12-30,Portland Trail Blazers,Philadelphia 76ers,103,125,0.481,0.573,0.222,0.458,0.7,0.903,33,32,23,20,24,19,2024-25,Away
2024-12-30,Utah Jazz,Denver Nuggets,121,132,0.512,0.505,0.342,0.3,0.909,0.895,37,51,28,38,16,7,2024-25,Away
2024-12-30,Washington Wizards,New York Knicks,106,126,0.424,0.459,0.279,0.341,0.727,0.84,46,54,25,34,13,7,2024-25,Away
2024-12-30,Golden State Warriors,Cleveland Cavaliers,95,113,0.333,0.458,0.237,0.383,0.769,0.7,55,54,20,25,14,16,2024-25,Away
2024-12-30,Charlotte Hornets,Chicago Bulls,108,115,0.416,0.375,0.233,0.3,0.7,0.704,56,63,23,31,14,13,2024-25,Away
2024-12-31,Boston Celtics,Toronto Raptors,125,71,0.54,0.314,0.512,0.25,0.6,0.636,49,44,29,18,13,21,2024-25,Home
2024-12-31,Los Angeles Lakers,Cleveland Cavaliers,110,122,0.442,0.484,0.257,0.391,0.895,0.824,43,48,26,32,8,11,2024-25,Away
2024-12-31,Indiana Pacers,Milwaukee Bucks,112,120,0.444,0.464,0.351,0.364,0.633,0.75,50,51,26,27,16,12,2024-25,Away
2024-12-31,San Antonio Spurs,LA Clippers,122,86,0.49,0.345,0.225,0.268,0.895,0.833,58,41,37,17,9,13,2024-25,Home
2024-12-31,Phoenix Suns,Memphis Grizzlies,112,117,0.457,0.426,0.3,0.341,0.76,0.667,43,51,28,27,17,17,2024-25,Away
2024-12-31,Oklahoma City Thunder,Minnesota Timberwolves,113,105,0.472,0.494,0.333,0.395,0.739,1.0,37,43,25,21,9,23,2024-25,Home
2025-01-01,Sacramento Kings,Philadelphia 76ers,113,107,0.488,0.476,0.29,0.375,0.917,0.857,45,34,24,24,17,18,2024-25,Home
2025-01-01,Toronto Raptors,Brooklyn Nets,130,113,0.591,0.483,0.5,0.297,0.769,0.9,39,32,36,28,10,11,2024-25,Home
2025-01-01,Detroit Pistons,Orlando Magic,105,96,0.519,0.407,0.414,0.229,0.647,0.7,49,33,25,18,23,12,2024-25,Home
2025-01-01,Denver Nuggets,Atlanta Hawks,139,120,0.564,0.45,0.4,0.348,1.0,0.667,43,44,44,34,12,13,2024-25,Home
2025-01-01,Washington Wizards,Chicago Bulls,125,107,0.495,0.446,0.472,0.298,0.833,0.786,42,44,36,28,15,20,2024-25,Home
2025-01-01,New York Knicks,Utah Jazz,119,103,0.553,0.406,0.391,0.302,0.696,0.8,47,45,31,23,13,16,2024-25,Home
2025-01-01,Houston Rockets,Dallas Mavericks,110,99,0.472,0.533,0.32,0.393,0.783,0.5,35,38,16,19,12,20,2024-25,Home
2025-01-01,Miami Heat,New Orleans Pelicans,119,108,0.53,0.5,0.412,0.265,0.81,0.864,38,31,34,25,10,10,2024-25,Home
2025-01-02,Milwaukee Bucks,Brooklyn Nets,110,113,0.444,0.432,0.297,0.308,0.679,0.893,46,51,21,26,14,14,2024-25,Away
2025-01-02,Golden State Warriors,Philadelphia 76ers,139,105,0.609,0.42,0.564,0.29,0.733,0.824,43,33,41,17,11,11,2024-25,Home
2025-01-02,Minnesota Timberwolves,Boston Celtics,115,118,0.5,0.5,0.538,0.386,0.909,0.667,41,31,24,30,15,3,2024-25,Away
2025-01-02,Miami Heat,Indiana Pacers,115,128,0.573,0.531,0.423,0.425,0.857,0.563,39,39,34,35,14,6,2024-25,Away
2025-01-02,Los Angeles Lakers,Portland Trail Blazers,114,106,0.457,0.5,0.349,0.346,0.929,0.81,43,42,30,24,12,18,2024-25,Home
2025-01-02,Oklahoma City Thunder,LA Clippers,116,98,0.5,0.469,0.368,0.344,0.8,0.647,35,45,29,25,9,19,2024-25,Home
2025-01-03,Toronto Raptors,Orlando Magic,97,106,0.475,0.468,0.345,0.432,0.846,0.765,37,42,28,32,11,11,2024-25,Away
2025-01-03,Dallas Mavericks,Cleveland Cavaliers,122,134,0.43,0.531,0.273,0.375,0.8,0.75,53,46,29,38,12,7,2024-25,Away
2025-01-03,New Orleans Pelicans,Washington Wizards,132,120,0.5,0.536,0.439,0.321,0.818,0.778,37,48,36,28,7,21,2024-25,Home
2025-01-03,Houston Rockets,Boston Celtics,86,109,0.364,0.506,0.278,0.487,1.0,0.667,37,41,9,20,11,14,2024-25,Away
2025-01-03,Detroit Pistons,Charlotte Hornets,98,94,0.419,0.413,0.324,0.3,0.615,0.633,51,45,21,25,13,17,2024-25,Home
2025-01-03,Sacramento Kings,Memphis Grizzlies,138,133,0.495,0.483,0.447,0.459,0.826,0.833,37,51,32,31,9,17,2024-25,Home
2025-01-03,Los Angeles Lakers,Atlanta Hawks,119,102,0.489,0.41,0.433,0.176,0.8,0.778,56,39,28,22,18,8,2024-25,Home
2025-01-03,Denver Nuggets,San Antonio Spurs,110,113,0.433,0.465,0.385,0.361,0.688,0.615,46,56,33,31,8,13,2024-25,Away
2025-01-03,Oklahoma City Thunder,New York Knicks,117,107,0.512,0.478,0.519,0.281,0.81,0.706,41,42,27,22,13,12,2024-25,Home
2025-01-04,Brooklyn Nets,Philadelphia 76ers,94,123,0.415,0.512,0.341,0.375,0.632,0.8,39,50,22,31,22,17,2024-25,Away
2025-01-04,Chicago Bulls,New York Knicks,139,126,0.543,0.495,0.541,0.267,0.944,0.786,43,49,36,27,12,13,2024-25,Home
2025-01-04,Miami Heat,Utah Jazz,100,136,0.438,0.52,0.257,0.413,0.7,0.813,32,57,25,31,15,14,2024-25,Away
2025-01-04,Detroit Pistons,Minnesota Timberwolves,119,105,0.484,0.425,0.342,0.4,0.8,0.808,47,33,26,20,12,17,2024-25,Home
2025-01-04,LA Clippers,Atlanta Hawks,131,105,0.552,0.432,0.361,0.348,0.706,0.765,48,43,36,30,17,22,2024-25,Home
2025-01-04,Indiana Pacers,Phoenix Suns,126,108,0.479,0.487,0.375,0.4,0.905,0.952,47,36,35,30,6,11,2024-25,Home
2025-01-04,Milwaukee Bucks,Portland Trail Blazers,102,105,0.432,0.482,0.317,0.361,0.778,0.769,43,55,25,21,11,17,2024-25,Away
2025-01-04,Golden State Warriors,Memphis Grizzlies,121,113,0.524,0.523,0.535,0.333,0.625,0.75,29,43,32,29,18,22,2024-25,Home
2025-01-04,San Antonio Spurs,Denver Nuggets,111,122,0.394,0.435,0.271,0.303,0.889,0.783,58,58,28,32,12,7,2024-25,Away
2025-01-05,Golden State Warriors,Sacramento Kings,99,129,0.457,0.517,0.343,0.442,0.722,0.909,35,43,22,31,22,15,2024-25,Away
2025-01-05,Houston Rockets,Los Angeles Lakers,119,115,0.475,0.487,0.35,0.444,0.579,0.821,49,39,19,26,6,10,2024-25,Home
2025-01-05,Oklahoma City Thunder,Boston Celtics,105,92,0.448,0.365,0.421,0.196,0.846,0.875,46,48,22,17,15,16,2024-25,Home
2025-01-05,Orlando Magic,Utah Jazz,92,105,0.357,0.481,0.298,0.344,0.615,0.889,43,50,25,21,11,22,2024-25,Away
2025-01-05,Washington Wizards,New Orleans Pelicans,98,110,0.427,0.411,0.268,0.367,0.786,0.9,46,49,25,26,15,11,2024-25,Away
2025-01-05,Cleveland Cavaliers,Charlotte Hornets,115,105,0.478,0.418,0.349,0.357,0.75,0.737,41,48,29,19,12,15,2024-25,Home
2025-01-06,Detroit Pistons,Portland Trail Blazers,118,115,0.447,0.533,0.349,0.457,0.864,0.6,45,38,23,32,14,16,2024-25,Home
2025-01-06,Minnesota Timberwolves,LA Clippers,108,106,0.446,0.416,0.41,0.343,0.588,0.8,55,49,24,23,14,13,2024-25,Home
2025-01-06,Sacramento Kings,Miami Heat,123,118,0.417,0.422,0.342,0.262,0.769,0.778,60,53,30,25,15,13,2024-25,Home
2025-01-06,Toronto Raptors,Milwaukee Bucks,104,128,0.451,0.573,0.257,0.5,0.619,0.8,35,46,27,37,15,21,2024-25,Away
2025-01-06,New York Knicks,Orlando Magic,94,103,0.444,0.5,0.182,0.355,0.818,0.778,38,39,16,23,12,9,2024-25,Away
2025-01-06,Chicago Bulls,San Antonio Spurs,114,110,0.431,0.463,0.333,0.326,0.867,0.583,47,49,25,31,13,17,2024-25,Home
2025-01-06,Philadelphia 76ers,Phoenix Suns,99,109,0.391,0.506,0.375,0.452,0.615,0.684,46,44,20,32,10,12,2024-25,Away
2025-01-06,Brooklyn Nets,Indiana Pacers,99,113,0.418,0.506,0.303,0.387,0.636,0.913,51,35,23,22,14,10,2024-25,Away
2025-01-06,Memphis Grizzlies,Dallas Mavericks,119,104,0.455,0.408,0.343,0.361,0.771,0.733,55,50,24,25,13,15,2024-25,Home
2025-01-07,Utah Jazz,Atlanta Hawks,121,124,0.417,0.48,0.396,0.409,0.88,0.8,47,44,25,35,15,10,2024-25,Away
2025-01-07,Washington Wizards,Houston Rockets,112,135,0.461,0.515,0.375,0.395,0.75,0.87,43,49,21,31,18,10,2024-25,Away
2025-01-07,New Orleans Pelicans,Minnesota Timberwolves,97,104,0.372,0.427,0.293,0.341,0.625,0.684,46,53,23,26,14,16,2024-25,Away
2025-01-07,Denver Nuggets,Boston Celtics,106,118,0.46,0.5,0.389,0.343,0.8,0.9,39,41,22,30,16,11,2024-25,Away
2025-01-07,Golden State Warriors,Miami Heat,98,114,0.408,0.473,0.28,0.4,0.8,0.706,52,48,28,32,10,9,2024-25,Away
2025-01-07,Dallas Mavericks,Los Angeles Lakers,118,97,0.523,0.453,0.474,0.314,0.714,0.75,44,33,29,20,10,10,2024-25,Home
2025-01-07,Charlotte Hornets,Phoenix Suns,115,104,0.388,0.424,0.277,0.242,0.897,0.947,59,42,23,27,11,11,2024-25,Home
2025-01-08,Cleveland Cavaliers,Oklahoma City Thunder,129,122,0.522,0.533,0.417,0.355,0.741,0.882,40,38,36,35,15,13,2024-25,Home
2025-01-08,Indiana Pacers,Chicago Bulls,129,113,0.52,0.512,0.345,0.343,0.625,0.684,46,39,37,23,8,18,2024-25,Home
2025-01-08,Brooklyn Nets,Detroit Pistons,98,113,0.384,0.523,0.333,0.405,0.905,0.667,38,42,24,30,15,13,2024-25,Away
2025-01-08,Denver Nuggets,LA Clippers,126,103,0.551,0.375,0.486,0.289,0.647,0.8,45,40,29,14,11,11,2024-25,Home
2025-01-08,Philadelphia 76ers,Washington Wizards,109,103,0.455,0.447,0.341,0.433,0.737,0.667,36,51,21,26,7,17,2024-25,Home
2025-01-08,New Orleans Pelicans,Portland Trail Blazers,100,119,0.444,0.545,0.324,0.361,0.727,0.769,41,44,19,24,17,13,2024-25,Away
2025-01-08,Milwaukee Bucks,San Antonio Spurs,121,105,0.478,0.368,0.452,0.346,0.7,0.85,57,46,26,24,10,9,2024-25,Home
2025-01-08,New York Knicks,Toronto Raptors,112,98,0.477,0.494,0.364,0.385,0.8,0.8,43,33,24,25,12,16,2024-25,Home
2025-01-09,Memphis Grizzlies,Houston Rockets,115,119,0.5,0.427,0.313,0.382,0.7,0.585,43,44,20,21,19,12,2024-25,Away
2025-01-09,Utah Jazz,Miami Heat,92,97,0.398,0.396,0.306,0.28,0.882,0.733,49,49,20,26,16,14,2024-25,Away
2025-01-09,Detroit Pistons,Golden State Warriors,104,107,0.453,0.461,0.359,0.326,0.75,0.625,40,49,25,32,14,15,2024-25,Away
2025-01-09,Orlando Magic,Minnesota Timberwolves,89,104,0.379,0.4,0.25,0.353,0.684,0.774,47,50,21,21,14,8,2024-25,Away
2025-01-09,Dallas Mavericks,Portland Trail Blazers,117,111,0.455,0.419,0.333,0.444,0.9,0.85,53,43,26,24,14,12,2024-25,Home
2025-01-09,Cleveland Cavaliers,Toronto Raptors,132,126,0.528,0.596,0.4,0.452,0.8,0.462,42,37,31,34,11,12,2024-25,Home
2025-01-09,Phoenix Suns,Atlanta Hawks,123,115,0.576,0.488,0.394,0.469,0.8,0.941,42,32,33,32,16,11,2024-25,Home
2025-01-10,Chicago Bulls,Washington Wizards,138,105,0.558,0.398,0.469,0.391,0.643,0.692,55,45,39,26,13,15,2024-25,Home
2025-01-10,Boston Celtics,Sacramento Kings,97,114,0.405,0.431,0.268,0.383,0.818,0.889,43,56,22,26,15,9,2024-25,Away
2025-01-10,Indiana Pacers,Golden State Warriors,108,96,0.524,0.418,0.333,0.263,0.684,0.769,48,42,27,25,15,13,2024-25,Home
2025-01-10,Denver Nuggets,Brooklyn Nets,124,105,0.517,0.422,0.375,0.311,0.758,0.789,49,39,34,26,14,17,2024-25,Home
2025-01-10,Philadelphia 76ers,New Orleans Pelicans,115,123,0.462,0.484,0.368,0.45,0.895,0.654,42,44,23,31,9,12,2024-25,Away
2025-01-10,Orlando Magic,Milwaukee Bucks,106,109,0.43,0.518,0.35,0.36,0.692,0.609,44,43,20,18,10,11,2024-25,Away
2025-01-10,New York Knicks,Oklahoma City Thunder,101,126,0.385,0.539,0.129,0.519,1.0,0.889,43,46,18,20,10,15,2024-25,Away
2025-01-11,Detroit Pistons,Toronto Raptors,123,114,0.524,0.435,0.576,0.421,0.762,0.667,46,45,35,27,15,12,2024-25,Home
2025-01-11,Minnesota Timberwolves,Memphis Grizzlies,125,127,0.566,0.444,0.405,0.39,0.737,0.789,41,46,37,25,18,13,2024-25,Away
2025-01-11,Portland Trail Blazers,Miami Heat,98,119,0.379,0.478,0.289,0.432,0.684,0.75,51,43,24,31,16,10,2024-25,Away
2025-01-11,Phoenix Suns,Utah Jazz,114,106,0.512,0.438,0.351,0.214,0.684,0.722,38,50,26,26,11,13,2024-25,Home
2025-01-12,Orlando Magic,Philadelphia 76ers,104,99,0.488,0.458,0.233,0.414,0.679,0.955,41,29,23,17,16,16,2024-25,Home
2025-01-12,Phoenix Suns,Charlotte Hornets,120,113,0.483,0.446,0.415,0.375,0.864,0.8,39,52,31,30,12,16,2024-25,Home
2025-01-12,New York Knicks,Milwaukee Bucks,140,106,0.58,0.457,0.439,0.294,0.833,0.588,49,39,29,22,11,14,2024-25,Home
2025-01-12,Cleveland Cavaliers,Indiana Pacers,93,108,0.398,0.467,0.268,0.314,0.889,0.611,44,50,24,30,13,10,2024-25,Away
2025-01-12,Boston Celtics,New Orleans Pelicans,120,119,0.436,0.465,0.295,0.459,0.826,0.846,55,42,23,24,11,9,2024-25,Home
2025-01-12,Washington Wizards,Oklahoma City Thunder,95,136,0.337,0.474,0.196,0.371,0.909,0.943,39,56,20,26,16,13,2024-25,Away
2025-01-12,Chicago Bulls,Sacramento Kings,119,124,0.462,0.495,0.486,0.333,0.75,0.81,45,53,26,33,7,8,2024-25,Away
2025-01-12,Utah Jazz,Brooklyn Nets,112,111,0.444,0.424,0.386,0.25,0.75,0.657,41,54,25,26,9,8,2024-25,Home
2025-01-12,Dallas Mavericks,Denver Nuggets,101,112,0.412,0.489,0.353,0.219,0.76,0.65,37,55,27,23,12,13,2024-25,Away
2025-01-13,Washington Wizards,Minnesota Timberwolves,106,120,0.44,0.494,0.425,0.378,0.6,0.774,34,53,27,20,11,18,2024-25,Away
2025-01-13,Los Angeles Lakers,San Antonio Spurs,102,126,0.448,0.533,0.318,0.371,0.625,0.85,40,41,24,30,19,10,2024-25,Away
2025-01-13,Houston Rockets,Memphis Grizzlies,120,118,0.506,0.536,0.516,0.438,0.71,0.667,40,31,28,15,22,17,2024-25,Home
2025-01-13,New York Knicks,Detroit Pistons,119,124,0.5,0.5,0.405,0.441,0.828,0.944,42,39,26,20,17,11,2024-25,Away
2025-01-13,Toronto Raptors,Golden State Warriors,104,101,0.477,0.398,0.414,0.348,0.667,0.682,44,46,28,23,14,14,2024-25,Home
2025-01-13,LA Clippers,Miami Heat,109,98,0.484,0.388,0.361,0.327,0.6,0.833,48,49,28,22,11,15,2024-25,Home
2025-01-14,Dallas Mavericks,Denver Nuggets,99,118,0.422,0.518,0.281,0.448,0.636,0.864,30,51,27,28,12,18,2024-25,Away
2025-01-14,Atlanta Hawks,Phoenix Suns,122,117,0.439,0.512,0.415,0.371,0.731,0.667,54,37,22,28,12,13,2024-25,Home
2025-01-14,Portland Trail Blazers,Brooklyn Nets,114,132,0.453,0.544,0.447,0.463,0.792,0.833,38,44,20,36,17,11,2024-25,Away
2025-01-14,Indiana Pacers,Cleveland Cavaliers,117,127,0.484,0.483,0.429,0.341,0.773,0.839,37,49,30,25,11,14,2024-25,Away
2025-01-14,Philadelphia 76ers,Oklahoma City Thunder,102,118,0.44,0.556,0.295,0.333,0.75,0.889,35,38,23,32,21,17,2024-25,Away
2025-01-14,Milwaukee Bucks,Sacramento Kings,130,115,0.495,0.442,0.378,0.405,0.833,0.778,52,45,32,25,7,9,2024-25,Home
2025-01-14,Chicago Bulls,New Orleans Pelicans,113,119,0.441,0.438,0.326,0.28,0.75,0.808,57,46,31,32,15,10,2024-25,Away
2025-01-15,New Orleans Pelicans,Dallas Mavericks,119,116,0.443,0.478,0.333,0.343,0.833,0.72,49,45,24,27,10,15,2024-25,Home
2025-01-15,Los Angeles Lakers,Miami Heat,117,108,0.522,0.534,0.382,0.444,0.714,0.933,34,37,33,25,6,19,2024-25,Home
2025-01-15,Philadelphia 76ers,New York Knicks,119,125,0.5,0.535,0.371,0.432,1.0,0.708,35,45,27,28,12,13,2024-25,Away
2025-01-15,San Antonio Spurs,Memphis Grizzlies,115,129,0.449,0.495,0.372,0.421,0.704,0.647,44,52,22,28,11,8,2024-25,Away
2025-01-15,LA Clippers,Brooklyn Nets,126,67,0.544,0.301,0.375,0.179,0.933,0.545,46,39,26,15,14,20,2024-25,Home
2025-01-15,Utah Jazz,Charlotte Hornets,112,117,0.462,0.529,0.372,0.308,0.588,0.714,36,45,30,27,10,18,2024-25,Away
2025-01-15,Milwaukee Bucks,Orlando Magic,122,93,0.625,0.347,0.583,0.261,0.714,0.714,49,32,24,24,21,13,2024-25,Home
2025-01-15,Chicago Bulls,Atlanta Hawks,94,110,0.443,0.41,0.222,0.302,1.0,0.682,53,51,23,28,20,9,2024-25,Away
2025-01-15,Minnesota Timberwolves,Golden State Warriors,115,116,0.442,0.488,0.459,0.5,0.759,0.857,41,45,21,26,9,12,2024-25,Away
2025-01-15,Toronto Raptors,Boston Celtics,110,97,0.506,0.396,0.324,0.348,0.6,0.5,56,45,35,24,10,9,2024-25,Home
2025-01-15,Denver Nuggets,Houston Rockets,108,128,0.533,0.521,0.483,0.447,0.667,0.765,36,40,22,28,18,8,2024-25,Away
2025-01-16,Washington Wizards,Phoenix Suns,123,130,0.5,0.518,0.317,0.485,0.667,0.839,45,47,28,33,13,16,2024-25,Away
2025-01-16,Oklahoma City Thunder,Cleveland Cavaliers,134,114,0.505,0.467,0.34,0.31,0.909,0.81,39,49,25,32,6,21,2024-25,Home
2025-01-16,Sacramento Kings,Houston Rockets,132,127,0.5,0.527,0.424,0.364,0.909,0.708,44,46,32,24,12,14,2024-25,Home
2025-01-16,Portland Trail Blazers,LA Clippers,89,118,0.374,0.564,0.265,0.435,0.923,0.741,37,50,24,23,16,15,2024-25,Away
2025-01-16,Detroit Pistons,Indiana Pacers,100,111,0.396,0.461,0.25,0.433,0.864,0.727,55,40,22,28,19,9,2024-25,Away
2025-01-17,New York Knicks,Minnesota Timberwolves,99,116,0.389,0.532,0.412,0.55,0.882,0.714,41,46,19,23,9,15,2024-25,Away
2025-01-17,Boston Celtics,Orlando Magic,121,94,0.525,0.415,0.459,0.156,0.909,0.677,41,37,25,15,10,8,2024-25,Home
2025-01-17,San Antonio Spurs,Memphis Grizzlies,112,140,0.476,0.567,0.361,0.432,0.826,0.733,40,41,29,39,17,7,2024-25,Away
2025-01-17,Chicago Bulls,Charlotte Hornets,123,125,0.505,0.5,0.35,0.382,0.929,0.8,45,44,34,26,13,12,2024-25,Away
2025-01-17,Miami Heat,Denver Nuggets,113,133,0.495,0.543,0.273,0.485,1.0,0.895,41,41,30,35,8,5,2024-25,Away
2025-01-17,Milwaukee Bucks,Toronto Raptors,130,112,0.519,0.473,0.419,0.235,0.805,0.75,44,43,25,31,13,12,2024-25,Home
2025-01-17,Dallas Mavericks,Oklahoma City Thunder,106,98,0.493,0.385,0.39,0.435,0.727,0.667,43,46,25,24,17,15,2024-25,Home
2025-01-17,New Orleans Pelicans,Utah Jazz,136,123,0.47,0.5,0.44,0.342,0.645,0.8,56,40,34,30,13,15,2024-25,Home
2025-01-17,Los Angeles Lakers,Brooklyn Nets,102,101,0.463,0.451,0.353,0.447,0.778,0.769,34,45,24,28,10,17,2024-25,Home
2025-01-18,Indiana Pacers,Philadelphia 76ers,115,102,0.53,0.427,0.324,0.294,0.696,0.727,50,32,30,21,17,9,2024-25,Home
2025-01-18,Minnesota Timberwolves,Cleveland Cavaliers,117,124,0.478,0.457,0.395,0.354,0.842,0.92,42,47,27,27,7,7,2024-25,Away
2025-01-18,Boston Celtics,Atlanta Hawks,115,119,0.385,0.473,0.288,0.243,0.87,0.786,53,55,23,27,14,17,2024-25,Away
2025-01-18,Golden State Warriors,Washington Wizards,122,114,0.469,0.442,0.341,0.489,0.75,0.696,55,44,24,24,9,13,2024-25,Home
2025-01-18,Portland Trail Blazers,Houston Rockets,103,125,0.453,0.444,0.333,0.452,0.722,0.682,40,61,28,25,19,12,2024-25,Away
2025-01-18,Detroit Pistons,Phoenix Suns,121,125,0.468,0.5,0.273,0.28,0.667,0.8,43,50,22,25,9,9,2024-25,Away
2025-01-19,Milwaukee Bucks,Philadelphia 76ers,123,109,0.494,0.453,0.378,0.356,0.767,0.682,48,38,31,26,6,7,2024-25,Home
2025-01-19,Portland Trail Blazers,Chicago Bulls,113,102,0.472,0.444,0.29,0.276,0.8,0.846,50,36,21,21,17,14,2024-25,Home
2025-01-19,Miami Heat,San Antonio Spurs,128,107,0.526,0.451,0.545,0.375,1.0,0.625,49,44,35,28,11,14,2024-25,Home
2025-01-19,Sacramento Kings,Washington Wizards,123,100,0.484,0.36,0.308,0.238,0.792,0.813,51,46,28,19,11,16,2024-25,Home
2025-01-19,Oklahoma City Thunder,Brooklyn Nets,127,101,0.552,0.425,0.442,0.279,0.923,0.789,43,41,37,25,11,13,2024-25,Home
2025-01-19,Orlando Magic,Denver Nuggets,100,113,0.373,0.519,0.293,0.28,0.75,0.839,39,57,30,24,7,20,2024-25,Away
2025-01-19,LA Clippers,Los Angeles Lakers,116,102,0.528,0.5,0.367,0.333,0.786,0.895,38,33,27,26,12,15,2024-25,Home
2025-01-20,Golden State Warriors,Boston Celtics,85,125,0.348,0.533,0.264,0.417,0.636,0.875,38,50,28,33,12,9,2024-25,Away
2025-01-20,Memphis Grizzlies,Minnesota Timberwolves,108,106,0.43,0.387,0.212,0.326,0.794,0.741,47,52,19,25,13,16,2024-25,Home
2025-01-20,Houston Rockets,Detroit Pistons,96,107,0.394,0.477,0.282,0.37,0.688,0.867,39,52,19,21,16,22,2024-25,Away
2025-01-20,New Orleans Pelicans,Utah Jazz,123,119,0.446,0.396,0.366,0.239,0.897,0.8,45,63,28,25,13,13,2024-25,Home
2025-01-20,New York Knicks,Atlanta Hawks,119,110,0.522,0.471,0.346,0.433,0.762,0.773,39,41,31,23,15,23,2024-25,Home
2025-01-20,Cleveland Cavaliers,Phoenix Suns,118,92,0.432,0.468,0.413,0.385,0.739,0.769,50,34,27,22,8,17,2024-25,Home
2025-01-20,Charlotte Hornets,Dallas Mavericks,110,105,0.408,0.432,0.436,0.188,0.722,0.885,49,51,28,19,13,14,2024-25,Home
2025-01-20,LA Clippers,Chicago Bulls,99,112,0.394,0.404,0.214,0.326,0.941,0.808,40,54,24,25,9,10,2024-25,Away
2025-01-21,Toronto Raptors,Orlando Magic,109,93,0.534,0.412,0.542,0.29,0.643,0.737,42,48,29,16,12,14,2024-25,Home
2025-01-21,Miami Heat,Portland Trail Blazers,107,116,0.441,0.494,0.333,0.349,0.917,0.652,45,47,26,25,8,6,2024-25,Away
2025-01-21,Los Angeles Lakers,Washington Wizards,111,88,0.478,0.358,0.324,0.256,0.778,0.692,50,46,30,25,10,11,2024-25,Home
2025-01-21,Brooklyn Nets,New York Knicks,95,99,0.372,0.46,0.3,0.286,0.76,0.786,47,42,21,29,16,10,2024-25,Away
2025-01-21,Denver Nuggets,Philadelphia 76ers,144,109,0.612,0.458,0.516,0.395,0.96,0.75,51,25,39,34,13,10,2024-25,Home
2025-01-22,Dallas Mavericks,Minnesota Timberwolves,114,115,0.5,0.457,0.276,0.379,0.842,0.882,38,39,24,26,13,11,2024-25,Away
2025-01-22,Houston Rockets,Cleveland Cavaliers,109,108,0.44,0.423,0.441,0.317,0.7,0.684,53,45,25,25,22,13,2024-25,Home
2025-01-22,Memphis Grizzlies,Charlotte Hornets,132,120,0.5,0.477,0.447,0.355,0.929,0.844,40,33,36,27,16,16,2024-25,Home
2025-01-22,LA Clippers,Boston Celtics,113,117,0.522,0.456,0.321,0.38,0.769,0.8,40,32,24,24,22,19,2024-25,Away
2025-01-22,Oklahoma City Thunder,Utah Jazz,123,114,0.463,0.467,0.308,0.378,0.92,0.667,39,52,20,25,10,27,2024-25,Home
2025-01-22,Brooklyn Nets,Phoenix Suns,84,108,0.374,0.477,0.194,0.341,0.643,0.769,52,48,16,28,16,11,2024-25,Away
2025-01-22,Atlanta Hawks,Detroit Pistons,104,114,0.379,0.5,0.158,0.353,0.769,0.947,47,51,25,27,13,20,2024-25,Away
2025-01-22,Sacramento Kings,Golden State Warriors,123,117,0.506,0.467,0.367,0.458,0.938,0.692,38,44,24,31,8,19,2024-25,Home
2025-01-23,Los Angeles Lakers,Boston Celtics,117,96,0.472,0.385,0.429,0.341,0.9,0.667,53,42,27,23,6,7,2024-25,Home
2025-01-23,Indiana Pacers,San Antonio Spurs,110,140,0.454,0.604,0.302,0.5,0.75,1.0,31,57,31,43,11,19,2024-25,Away
2025-01-23,Milwaukee Bucks,Miami Heat,125,96,0.469,0.37,0.45,0.235,0.75,0.762,55,50,32,26,6,10,2024-25,Home
2025-01-23,Golden State Warriors,Chicago Bulls,131,106,0.451,0.391,0.439,0.4,1.0,0.815,52,42,37,22,10,11,2024-25,Home
2025-01-23,LA Clippers,Washington Wizards,110,93,0.455,0.34,0.342,0.239,0.944,0.857,55,49,29,24,18,15,2024-25,Home
2025-01-23,Orlando Magic,Portland Trail Blazers,79,101,0.342,0.488,0.24,0.321,0.677,0.632,44,42,17,23,19,13,2024-25,Away
2025-01-23,Oklahoma City Thunder,Dallas Mavericks,115,121,0.477,0.527,0.405,0.452,0.727,0.806,33,43,26,25,12,20,2024-25,Away
2025-01-23,Atlanta Hawks,Toronto Raptors,119,122,0.483,0.58,0.351,0.429,0.733,0.792,36,39,30,32,14,19,2024-25,Away
2025-01-23,Denver Nuggets,Sacramento Kings,132,123,0.485,0.439,0.351,0.366,0.677,0.737,56,53,30,31,10,13,2024-25,Home
2025-01-24,Memphis Grizzlies,New Orleans Pelicans,139,126,0.554,0.542,0.452,0.412,1.0,0.688,43,35,38,30,12,12,2024-25,Home
2025-01-24,Charlotte Hornets,Portland Trail Blazers,97,102,0.376,0.405,0.29,0.289,0.857,0.692,46,47,20,17,16,16,2024-25,Away
2025-01-24,Philadelphia 76ers,Cleveland Cavaliers,132,129,0.506,0.5,0.538,0.481,0.852,0.737,43,37,23,30,18,16,2024-25,Home
2025-01-25,Orlando Magic,Detroit Pistons,121,113,0.482,0.465,0.455,0.4,0.684,0.821,40,41,22,22,14,16,2024-25,Home
2025-01-25,New York Knicks,Sacramento Kings,143,120,0.495,0.484,0.472,0.389,0.957,0.875,53,38,40,33,11,12,2024-25,Home
2025-01-25,Atlanta Hawks,Toronto Raptors,94,117,0.393,0.467,0.297,0.367,0.68,0.88,43,51,28,31,22,21,2024-25,Away
2025-01-25,Chicago Bulls,Philadelphia 76ers,97,109,0.424,0.457,0.316,0.289,0.65,0.706,54,40,24,23,19,8,2024-25,Away
2025-01-25,Brooklyn Nets,Miami Heat,97,106,0.375,0.443,0.35,0.464,0.885,0.958,35,51,23,22,14,22,2024-25,Away
2025-01-25,Indiana Pacers,San Antonio Spurs,136,98,0.52,0.412,0.436,0.344,0.929,0.68,50,44,32,22,10,22,2024-25,Home
2025-01-25,Minnesota Timberwolves,Denver Nuggets,133,104,0.558,0.489,0.467,0.344,0.867,0.538,45,36,38,32,16,19,2024-25,Home
2025-01-25,Cleveland Cavaliers,Houston Rockets,131,135,0.516,0.549,0.436,0.464,0.769,0.711,40,45,28,26,11,11,2024-25,Away
2025-01-25,Memphis Grizzlies,Utah Jazz,125,103,0.512,0.424,0.368,0.255,0.735,0.813,45,40,28,27,16,17,2024-25,Home
2025-01-25,Charlotte Hornets,New Orleans Pelicans,123,92,0.5,0.381,0.42,0.258,0.72,0.769,48,39,28,21,14,13,2024-25,Home
2025-01-25,Golden State Warriors,Los Angeles Lakers,108,118,0.461,0.547,0.348,0.345,0.625,0.824,38,42,30,29,11,12,2024-25,Away
2025-01-25,LA Clippers,Milwaukee Bucks,127,117,0.454,0.468,0.324,0.371,1.0,0.882,47,42,19,24,6,13,2024-25,Home
2025-01-25,Phoenix Suns,Washington Wizards,119,109,0.444,0.467,0.325,0.439,0.929,0.778,53,37,23,28,10,8,2024-25,Home
2025-01-25,Dallas Mavericks,Boston Celtics,107,122,0.443,0.427,0.364,0.385,0.75,0.737,49,51,18,33,12,5,2024-25,Away
2025-01-26,Portland Trail Blazers,Oklahoma City Thunder,108,118,0.407,0.472,0.45,0.333,0.857,0.828,44,43,21,24,15,7,2024-25,Away
2025-01-27,New York Knicks,Memphis Grizzlies,143,106,0.519,0.451,0.386,0.375,0.778,0.882,46,47,32,21,10,26,2024-25,Home
2025-01-27,Cleveland Cavaliers,Detroit Pistons,110,91,0.44,0.385,0.273,0.278,0.783,0.636,53,45,28,24,9,10,2024-25,Home
2025-01-27,Minnesota Timberwolves,Atlanta Hawks,100,92,0.395,0.395,0.3,0.279,0.69,0.667,51,51,18,24,16,21,2024-25,Home
2025-01-27,Phoenix Suns,LA Clippers,111,109,0.471,0.494,0.468,0.313,0.818,0.85,39,42,23,22,17,15,2024-25,Home
2025-01-27,Miami Heat,Orlando Magic,125,119,0.522,0.459,0.366,0.359,0.667,0.6,43,47,34,32,16,14,2024-25,Home
2025-01-27,Chicago Bulls,Denver Nuggets,129,121,0.5,0.52,0.453,0.222,0.875,1.0,47,42,35,36,17,14,2024-25,Home
2025-01-27,Boston Celtics,Houston Rockets,112,114,0.488,0.446,0.385,0.415,0.95,0.714,41,39,21,29,14,7,2024-25,Away
2025-01-27,Utah Jazz,Milwaukee Bucks,110,125,0.41,0.605,0.333,0.353,0.769,0.529,46,46,28,33,10,12,2024-25,Away
2025-01-27,Brooklyn Nets,Sacramento Kings,96,110,0.366,0.549,0.278,0.321,0.867,0.647,39,44,19,31,14,17,2024-25,Away
2025-01-27,Dallas Mavericks,Washington Wizards,130,108,0.533,0.416,0.444,0.297,0.706,0.765,51,45,39,23,11,11,2024-25,Home
2025-01-27,Toronto Raptors,New Orleans Pelicans,113,104,0.43,0.438,0.273,0.214,0.783,0.667,54,46,31,21,13,12,2024-25,Home
2025-01-27,Charlotte Hornets,Los Angeles Lakers,107,112,0.448,0.512,0.389,0.214,0.833,0.75,34,48,26,22,14,16,2024-25,Away
2025-01-28,Atlanta Hawks,Houston Rockets,96,100,0.404,0.468,0.234,0.233,0.813,0.95,40,44,19,19,16,21,2024-25,Away
2025-01-28,Golden State Warriors,Utah Jazz,114,103,0.391,0.513,0.347,0.308,0.806,0.708,47,39,29,30,9,15,2024-25,Home
2025-01-28,Philadelphia 76ers,Los Angeles Lakers,118,104,0.473,0.514,0.324,0.303,0.84,0.87,43,39,20,25,9,22,2024-25,Home
2025-01-28,Portland Trail Blazers,Milwaukee Bucks,125,112,0.511,0.506,0.429,0.314,0.821,0.722,52,36,26,26,13,11,2024-25,Home
2025-01-29,Philadelphia 76ers,Sacramento Kings,117,104,0.524,0.444,0.414,0.244,0.864,0.824,35,46,30,34,9,12,2024-25,Home
2025-01-29,New York Knicks,Denver Nuggets,122,112,0.516,0.488,0.412,0.357,0.667,0.87,35,47,33,21,5,14,2024-25,Home
2025-01-29,Golden State Warriors,Oklahoma City Thunder,116,109,0.494,0.404,0.342,0.231,0.821,0.8,42,50,30,21,15,11,2024-25,Home
2025-01-29,Boston Celtics,Chicago Bulls,122,100,0.471,0.402,0.409,0.306,0.815,0.917,45,47,32,28,8,14,2024-25,Home
2025-01-29,San Antonio Spurs,LA Clippers,116,128,0.483,0.527,0.333,0.5,0.72,0.87,30,57,27,26,9,15,2024-25,Away
2025-01-29,Washington Wizards,Toronto Raptors,82,106,0.389,0.477,0.167,0.355,0.724,0.733,43,36,17,31,25,14,2024-25,Away
2025-01-29,New Orleans Pelicans,Dallas Mavericks,136,137,0.531,0.542,0.484,0.465,0.864,0.765,36,51,31,30,8,18,2024-25,Away
2025-01-29,Indiana Pacers,Detroit Pistons,133,119,0.568,0.494,0.5,0.353,0.71,0.731,36,41,28,26,13,12,2024-25,Home
2025-01-29,Miami Heat,Cleveland Cavaliers,106,126,0.47,0.54,0.349,0.31,0.867,0.833,35,47,27,29,12,7,2024-25,Away
2025-01-29,Charlotte Hornets,Brooklyn Nets,83,104,0.337,0.488,0.286,0.313,0.68,0.8,52,40,18,27,17,8,2024-25,Away
2025-01-29,Phoenix Suns,Minnesota Timberwolves,113,121,0.506,0.56,0.375,0.448,0.75,0.889,36,34,30,26,15,14,2024-25,Away
2025-01-30,Utah Jazz,Minnesota Timberwolves,113,138,0.506,0.598,0.412,0.553,0.84,0.792,23,39,21,38,15,12,2024-25,Away
2025-01-30,Washington Wizards,Los Angeles Lakers,96,134,0.319,0.544,0.227,0.469,0.824,0.955,38,48,18,31,13,11,2024-25,Away
2025-01-30,Cleveland Cavaliers,Atlanta Hawks,137,115,0.582,0.456,0.333,0.333,0.9,0.741,49,36,34,28,11,11,2024-25,Home
2025-01-30,Memphis Grizzlies,Houston Rockets,120,119,0.516,0.433,0.321,0.406,0.75,0.786,37,45,23,22,11,12,2024-25,Home
2025-01-30,Portland Trail Blazers,Orlando Magic,119,90,0.526,0.42,0.48,0.192,0.806,0.85,38,33,23,14,12,13,2024-25,Home
2025-01-31,Toronto Raptors,Chicago Bulls,106,122,0.424,0.506,0.333,0.45,0.667,0.824,44,52,27,34,7,10,2024-25,Away
2025-01-31,New Orleans Pelicans,Boston Celtics,116,118,0.489,0.5,0.405,0.39,0.684,0.692,48,35,16,32,18,13,2024-25,Away
2025-01-31,Detroit Pistons,Dallas Mavericks,117,102,0.443,0.425,0.257,0.333,0.875,0.81,47,46,18,20,6,16,2024-25,Home
2025-01-31,Philadelphia 76ers,Denver Nuggets,134,137,0.556,0.659,0.525,0.522,0.813,0.944,27,35,29,39,11,19,2024-25,Away
2025-01-31,Golden State Warriors,Phoenix Suns,105,130,0.375,0.562,0.364,0.487,0.68,0.688,49,48,26,41,12,14,2024-25,Away
2025-01-31,Charlotte Hornets,LA Clippers,104,112,0.438,0.543,0.233,0.393,0.867,0.65,42,45,18,26,9,16,2024-25,Away
2025-01-31,San Antonio Spurs,Milwaukee Bucks,144,118,0.49,0.43,0.48,0.324,0.8,0.769,53,47,37,24,4,10,2024-25,Home
2025-02-01,Oklahoma City Thunder,Sacramento Kings,144,110,0.533,0.4,0.413,0.25,0.688,0.731,70,37,37,25,11,7,2024-25,Home
2025-02-01,Portland Trail Blazers,Phoenix Suns,127,108,0.517,0.452,0.29,0.303,0.839,0.846,43,37,24,21,9,18,2024-25,Home
2025-02-01,Indiana Pacers,Atlanta Hawks,132,127,0.544,0.5,0.364,0.378,0.88,0.719,41,44,35,31,11,12,2024-25,Home
2025-02-01,San Antonio Spurs,Miami Heat,103,105,0.418,0.461,0.333,0.31,0.714,0.588,48,52,27,30,10,13,2024-25,Away
2025-02-01,Houston Rockets,Brooklyn Nets,98,110,0.4,0.494,0.308,0.37,0.667,0.667,44,46,18,24,10,10,2024-25,Away
2025-02-01,Charlotte Hornets,Denver Nuggets,104,107,0.432,0.466,0.346,0.189,0.765,0.9,51,43,31,29,12,11,2024-25,Away
2025-02-01,Minnesota Timberwolves,Washington Wizards,103,105,0.409,0.458,0.3,0.455,0.833,0.824,47,44,29,26,14,16,2024-25,Away
2025-02-01,Utah Jazz,Orlando Magic,113,99,0.464,0.33,0.4,0.22,0.875,0.857,51,43,26,19,16,8,2024-25,Home
2025-02-01,New York Knicks,Los Angeles Lakers,112,128,0.463,0.58,0.357,0.475,0.737,0.833,44,37,33,26,14,15,2024-25,Away
2025-02-02,Philadelphia 76ers,Boston Celtics,110,118,0.451,0.5,0.469,0.429,0.75,0.813,46,38,20,34,10,9,2024-25,Away
2025-02-02,Toronto Raptors,LA Clippers,115,108,0.518,0.466,0.52,0.321,0.875,0.81,43,41,31,21,12,10,2024-25,Home
2025-02-02,Milwaukee Bucks,Memphis Grizzlies,119,132,0.484,0.486,0.444,0.359,0.579,0.636,36,61,32,37,13,11,2024-25,Away
2025-02-02,Cleveland Cavaliers,Dallas Mavericks,144,101,0.57,0.388,0.578,0.209,0.75,0.8,51,45,39,22,8,9,2024-25,Home
2025-02-02,Detroit Pistons,Chicago Bulls,127,119,0.545,0.461,0.333,0.365,0.692,0.9,42,44,38,28,11,19,2024-25,Home
2025-02-03,Charlotte Hornets,Washington Wizards,114,124,0.438,0.444,0.379,0.333,0.893,0.826,46,54,26,29,10,10,2024-25,Away
2025-02-03,New York Knicks,Houston Rockets,124,118,0.505,0.462,0.231,0.286,0.8,0.933,40,50,24,27,11,15,2024-25,Home
2025-02-03,Denver Nuggets,New Orleans Pelicans,125,113,0.5,0.432,0.364,0.474,0.808,0.864,46,41,28,27,5,10,2024-25,Home
2025-02-03,Oklahoma City Thunder,Milwaukee Bucks,125,96,0.515,0.376,0.39,0.333,0.875,0.619,55,37,28,24,17,14,2024-25,Home
2025-02-03,Minnesota Timberwolves,Sacramento Kings,114,116,0.457,0.489,0.3,0.417,1.0,0.8,36,47,28,23,8,10,2024-25,Away
2025-02-03,Golden State Warriors,Orlando Magic,104,99,0.436,0.434,0.308,0.25,0.706,0.5,44,52,25,23,13,11,2024-25,Home
2025-02-03,Portland Trail Blazers,Phoenix Suns,121,119,0.449,0.471,0.4,0.357,0.833,0.857,48,43,30,28,12,14,2024-25,Home
2025-02-03,Utah Jazz,Indiana Pacers,111,112,0.429,0.473,0.351,0.238,0.667,0.8,60,37,31,32,18,9,2024-25,Away
2025-02-03,Memphis Grizzlies,San Antonio Spurs,128,109,0.485,0.451,0.389,0.333,0.9,0.75,47,48,33,31,15,23,2024-25,Home
2025-02-03,Detroit Pistons,Atlanta Hawks,130,132,0.518,0.519,0.333,0.432,0.921,0.821,41,37,31,27,14,12,2024-25,Away
2025-02-04,LA Clippers,Los Angeles Lakers,97,122,0.382,0.556,0.293,0.486,0.895,0.609,36,50,30,33,9,14,2024-25,Away
2025-02-04,Portland Trail Blazers,Indiana Pacers,112,89,0.446,0.42,0.378,0.208,0.941,0.762,51,39,23,25,18,19,2024-25,Home
2025-02-04,Toronto Raptors,New York Knicks,115,121,0.524,0.5,0.379,0.32,0.947,0.826,34,43,27,26,14,11,2024-25,Away
2025-02-04,Chicago Bulls,Miami Heat,133,124,0.527,0.478,0.463,0.386,0.818,0.808,43,44,35,29,10,13,2024-25,Home
2025-02-04,Philadelphia 76ers,Dallas Mavericks,118,116,0.547,0.471,0.333,0.333,0.684,0.806,34,44,37,24,12,12,2024-25,Home
2025-02-04,Cleveland Cavaliers,Boston Celtics,105,112,0.396,0.408,0.282,0.354,0.846,0.833,51,53,18,26,13,12,2024-25,Away
2025-02-04,Brooklyn Nets,Houston Rockets,99,97,0.463,0.41,0.37,0.344,0.765,0.667,39,45,26,23,13,16,2024-25,Home
2025-02-05,Utah Jazz,Golden State Warriors,131,128,0.522,0.46,0.351,0.354,0.815,0.704,48,41,30,33,12,9,2024-25,Home
2025-02-05,Atlanta Hawks,San Antonio Spurs,125,126,0.527,0.505,0.381,0.324,0.722,0.75,45,41,33,36,20,10,2024-25,Away
2025-02-05,Charlotte Hornets,Milwaukee Bucks,102,112,0.432,0.506,0.324,0.429,0.75,0.923,41,44,21,26,8,9,2024-25,Away
2025-02-05,Brooklyn Nets,Washington Wizards,102,119,0.434,0.543,0.342,0.465,0.739,0.786,37,40,26,40,10,14,2024-25,Away
2025-02-05,Denver Nuggets,New Orleans Pelicans,144,119,0.57,0.462,0.372,0.345,0.933,0.885,51,38,40,26,7,11,2024-25,Home
2025-02-05,Detroit Pistons,Cleveland Cavaliers,115,118,0.398,0.482,0.324,0.421,0.893,0.833,45,46,22,28,11,23,2024-25,Away
2025-02-05,Minnesota Timberwolves,Chicago Bulls,127,108,0.429,0.482,0.426,0.333,0.821,0.727,59,34,27,25,11,9,2024-25,Home
2025-02-05,Sacramento Kings,Orlando Magic,111,130,0.5,0.568,0.37,0.516,0.75,0.933,37,35,23,30,17,8,2024-25,Away
2025-02-05,Toronto Raptors,Memphis Grizzlies,107,138,0.398,0.528,0.286,0.421,0.895,0.737,34,61,28,22,9,16,2024-25,Away
2025-02-05,Philadelphia 76ers,Miami Heat,101,108,0.385,0.47,0.3,0.412,0.75,0.8,39,54,22,25,4,22,2024-25,Away
2025-02-05,Oklahoma City Thunder,Phoenix Suns,140,109,0.51,0.471,0.286,0.389,0.889,0.879,46,35,24,24,5,18,2024-25,Home
2025-02-06,Boston Celtics,Dallas Mavericks,120,127,0.517,0.557,0.432,0.455,0.8,0.778,40,35,30,32,14,8,2024-25,Away
2025-02-06,Minnesota Timberwolves,Houston Rockets,127,114,0.479,0.488,0.41,0.387,0.875,0.714,47,39,23,26,13,10,2024-25,Home
2025-02-06,LA Clippers,Indiana Pacers,112,119,0.466,0.453,0.425,0.333,0.722,0.833,48,46,25,31,19,7,2024-25,Away
2025-02-06,Portland Trail Blazers,Sacramento Kings,108,102,0.433,0.42,0.4,0.333,0.778,0.818,47,47,25,21,13,10,2024-25,Home
2025-02-06,Denver Nuggets,Orlando Magic,112,90,0.53,0.369,0.4,0.161,0.571,0.767,52,40,33,21,18,13,2024-25,Home
2025-02-06,Los Angeles Lakers,Golden State Warriors,120,112,0.5,0.406,0.371,0.302,0.806,0.7,47,40,26,29,13,12,2024-25,Home
2025-02-07,Washington Wizards,Cleveland Cavaliers,124,134,0.489,0.511,0.364,0.421,0.64,0.917,40,46,25,32,13,14,2024-25,Away
2025-02-07,Detroit Pistons,Philadelphia 76ers,125,112,0.454,0.494,0.386,0.419,0.769,0.85,56,38,32,26,14,13,2024-25,Home
2025-02-07,Charlotte Hornets,San Antonio Spurs,117,116,0.465,0.457,0.447,0.308,1.0,0.833,53,38,33,25,11,8,2024-25,Home
2025-02-07,Brooklyn Nets,Miami Heat,102,86,0.419,0.356,0.27,0.3,0.778,0.833,57,39,17,23,14,14,2024-25,Home
2025-02-07,Oklahoma City Thunder,Toronto Raptors,121,109,0.512,0.429,0.29,0.463,0.839,0.632,44,42,26,31,12,12,2024-25,Home
2025-02-07,Phoenix Suns,Utah Jazz,135,127,0.452,0.41,0.393,0.271,0.905,0.9,49,63,31,29,7,10,2024-25,Home
2025-02-07,Atlanta Hawks,Milwaukee Bucks,115,110,0.489,0.427,0.361,0.38,0.667,0.9,52,43,29,28,11,10,2024-25,Home
2025-02-08,New York Knicks,Boston Celtics,104,131,0.422,0.541,0.375,0.487,0.862,0.833,30,48,16,21,9,10,2024-25,Away
2025-02-08,Chicago Bulls,Golden State Warriors,111,132,0.443,0.5,0.436,0.396,0.774,0.852,31,44,24,34,17,14,2024-25,Away
2025-02-08,Orlando Magic,San Antonio Spurs,112,111,0.511,0.532,0.333,0.433,0.6,0.8,45,34,19,27,14,14,2024-25,Home
2025-02-08,LA Clippers,Utah Jazz,130,110,0.58,0.47,0.423,0.395,0.81,0.833,37,38,36,26,14,19,2024-25,Home
2025-02-08,Sacramento Kings,New Orleans Pelicans,123,118,0.473,0.478,0.268,0.389,0.788,0.72,51,39,24,27,18,16,2024-25,Home
2025-02-08,Memphis Grizzlies,Oklahoma City Thunder,112,125,0.444,0.429,0.429,0.429,0.718,0.81,40,55,21,29,13,8,2024-25,Away
2025-02-08,Minnesota Timberwolves,Portland Trail Blazers,114,98,0.524,0.402,0.357,0.2,0.643,0.773,43,45,23,18,14,17,2024-25,Home
2025-02-08,Dallas Mavericks,Houston Rockets,116,105,0.47,0.4,0.522,0.286,0.765,0.773,43,48,22,21,5,8,2024-25,Home
2025-02-08,Phoenix Suns,Denver Nuggets,105,122,0.388,0.489,0.34,0.457,0.8,0.941,43,56,25,28,6,9,2024-25,Away
2025-02-08,Washington Wizards,Atlanta Hawks,111,125,0.441,0.485,0.25,0.409,0.952,0.765,53,41,26,36,17,11,2024-25,Away
2025-02-08,Los Angeles Lakers,Indiana Pacers,124,117,0.523,0.425,0.333,0.316,0.913,0.969,46,38,29,27,14,10,2024-25,Home
2025-02-09,Houston Rockets,Toronto Raptors,94,87,0.36,0.367,0.263,0.19,0.786,0.765,58,48,17,19,15,10,2024-25,Home
2025-02-09,Detroit Pistons,Charlotte Hornets,112,102,0.489,0.436,0.297,0.469,0.813,0.826,46,37,31,25,11,14,2024-25,Home
2025-02-09,Milwaukee Bucks,Philadelphia 76ers,135,127,0.438,0.528,0.436,0.4,0.95,0.789,53,42,29,28,12,14,2024-25,Home
2025-02-10,Los Angeles Lakers,Utah Jazz,132,113,0.543,0.464,0.357,0.3,0.944,0.852,44,39,28,29,11,19,2024-25,Home
2025-02-10,Dallas Mavericks,Sacramento Kings,128,129,0.516,0.552,0.405,0.346,0.625,0.737,33,50,31,28,11,20,2024-25,Away
2025-02-10,Orlando Magic,Atlanta Hawks,106,112,0.474,0.494,0.4,0.375,0.833,0.857,36,39,22,29,17,16,2024-25,Away
2025-02-10,Milwaukee Bucks,Golden State Warriors,111,125,0.5,0.441,0.303,0.289,0.735,0.789,37,48,18,27,20,9,2024-25,Away
2025-02-10,Miami Heat,Boston Celtics,85,103,0.337,0.459,0.244,0.321,0.923,1.0,51,52,21,24,4,6,2024-25,Away
2025-02-10,Oklahoma City Thunder,New Orleans Pelicans,137,101,0.516,0.439,0.491,0.37,0.75,0.679,45,42,29,19,10,22,2024-25,Home
2025-02-10,Denver Nuggets,Portland Trail Blazers,146,117,0.659,0.455,0.32,0.405,0.9,0.846,38,33,44,25,8,16,2024-25,Home
2025-02-10,Washington Wizards,San Antonio Spurs,121,131,0.484,0.511,0.298,0.447,0.895,0.828,42,43,26,28,14,11,2024-25,Away
2025-02-10,Cleveland Cavaliers,Minnesota Timberwolves,128,107,0.511,0.4,0.395,0.308,0.75,0.767,49,41,27,17,16,16,2024-25,Home
2025-02-10,Brooklyn Nets,Charlotte Hornets,97,89,0.398,0.41,0.238,0.194,0.929,0.679,47,40,24,18,16,17,2024-25,Home
2025-02-11,Indiana Pacers,New York Knicks,115,128,0.483,0.538,0.29,0.37,0.769,0.87,36,48,32,37,10,14,2024-25,Away
2025-02-11,Chicago Bulls,Detroit Pistons,92,132,0.35,0.531,0.213,0.439,0.632,0.923,44,55,22,30,14,14,2024-25,Away
2025-02-11,Phoenix Suns,Memphis Grizzlies,112,119,0.446,0.43,0.273,0.308,0.818,0.778,42,60,35,22,11,13,2024-25,Away
2025-02-11,Philadelphia 76ers,Toronto Raptors,103,106,0.407,0.463,0.237,0.333,0.833,0.826,46,49,22,23,14,17,2024-25,Away
2025-02-12,Orlando Magic,Charlotte Hornets,102,86,0.411,0.395,0.326,0.308,0.737,0.933,52,43,22,21,8,12,2024-25,Home
2025-02-12,Oklahoma City Thunder,Miami Heat,115,101,0.489,0.456,0.385,0.324,0.7,0.72,41,45,22,24,13,16,2024-25,Home
2025-02-12,Toronto Raptors,Cleveland Cavaliers,108,131,0.462,0.485,0.345,0.34,0.667,0.85,39,53,26,34,15,13,2024-25,Away
2025-02-12,Washington Wizards,Indiana Pacers,130,134,0.485,0.467,0.511,0.457,0.813,0.9,46,42,29,38,16,7,2024-25,Away
2025-02-12,LA Clippers,Memphis Grizzlies,128,114,0.505,0.494,0.371,0.5,0.955,0.533,46,40,29,24,15,21,2024-25,Home
2025-02-12,Houston Rockets,Phoenix Suns,119,111,0.474,0.517,0.31,0.385,0.583,0.818,47,43,32,25,11,17,2024-25,Home
2025-02-12,New York Knicks,Atlanta Hawks,149,148,0.574,0.5,0.423,0.368,0.811,0.686,39,47,28,43,17,12,2024-25,Home
2025-02-12,Brooklyn Nets,Philadelphia 76ers,100,96,0.471,0.432,0.267,0.242,0.8,0.818,50,38,23,25,16,14,2024-25,Home
2025-02-12,New Orleans Pelicans,Sacramento Kings,111,119,0.468,0.471,0.25,0.356,0.833,0.724,40,48,28,28,8,11,2024-25,Away
2025-02-12,Minnesota Timberwolves,Milwaukee Bucks,101,103,0.379,0.443,0.227,0.4,0.867,0.813,59,48,27,24,13,12,2024-25,Away
2025-02-12,Denver Nuggets,Portland Trail Blazers,132,121,0.51,0.457,0.395,0.368,0.792,0.724,49,45,26,27,12,11,2024-25,Home
2025-02-12,Chicago Bulls,Detroit Pistons,110,128,0.43,0.511,0.22,0.4,0.9,0.8,37,47,23,30,16,16,2024-25,Away
2025-02-12,Boston Celtics,San Antonio Spurs,116,103,0.462,0.438,0.327,0.231,0.667,0.833,56,38,25,30,15,8,2024-25,Home
2025-02-12,Utah Jazz,Los Angeles Lakers,131,119,0.523,0.446,0.366,0.4,0.788,0.567,48,45,30,31,12,14,2024-25,Home
2025-02-12,Dallas Mavericks,Golden State Warriors,111,107,0.483,0.427,0.417,0.286,0.8,0.833,39,50,20,29,14,15,2024-25,Home
2025-02-13,New Orleans Pelicans,Sacramento Kings,140,133,0.5,0.438,0.42,0.362,0.794,0.857,45,58,32,38,10,14,2024-25,Home
2025-02-13,Minnesota Timberwolves,Oklahoma City Thunder,116,101,0.424,0.42,0.261,0.241,0.909,0.833,54,49,28,25,8,9,2024-25,Home
2025-02-13,Houston Rockets,Golden State Warriors,98,105,0.409,0.393,0.333,0.268,0.556,0.889,52,42,24,26,20,10,2024-25,Away
2025-02-13,Dallas Mavericks,Miami Heat,118,113,0.511,0.473,0.361,0.278,0.813,0.654,40,42,28,23,13,13,2024-25,Home
2025-02-13,Utah Jazz,LA Clippers,116,120,0.487,0.415,0.4,0.368,0.846,0.778,47,43,23,22,26,10,2024-25,Away
2025-02-19,Los Angeles Lakers,Charlotte Hornets,97,100,0.411,0.363,0.294,0.34,0.667,0.941,50,47,29,20,18,17,2024-25,Away
2025-02-20,Atlanta Hawks,Orlando Magic,108,114,0.39,0.482,0.314,0.24,0.679,0.684,51,53,20,15,9,7,2024-25,Away
2025-02-20,Brooklyn Nets,Cleveland Cavaliers,97,110,0.4,0.426,0.263,0.282,0.579,0.704,45,52,25,19,15,16,2024-25,Away
2025-02-20,San Antonio Spurs,Phoenix Suns,120,109,0.473,0.469,0.366,0.364,0.773,0.85,44,39,30,28,9,18,2024-25,Home
2025-02-20,New York Knicks,Chicago Bulls,113,111,0.43,0.398,0.304,0.396,0.7,0.833,54,53,28,24,11,15,2024-25,Home
2025-02-20,Philadelphia 76ers,Boston Celtics,104,124,0.43,0.483,0.205,0.444,0.941,0.933,44,49,23,33,10,10,2024-25,Away
2025-02-20,Denver Nuggets,Charlotte Hornets,129,115,0.5,0.434,0.442,0.405,0.75,0.824,55,45,29,28,13,10,2024-25,Home
2025-02-20,Portland Trail Blazers,Los Angeles Lakers,102,110,0.442,0.476,0.324,0.281,0.667,0.92,33,48,27,20,17,22,2024-25,Away
2025-02-20,Indiana Pacers,Memphis Grizzlies,127,113,0.505,0.414,0.378,0.308,0.818,0.864,46,46,29,28,10,13,2024-25,Home
2025-02-20,Milwaukee Bucks,LA Clippers,116,110,0.475,0.466,0.395,0.4,0.852,0.842,41,43,22,28,17,11,2024-25,Home
2025-02-21,Orlando Magic,Memphis Grizzlies,104,105,0.409,0.413,0.29,0.212,0.697,0.759,50,53,23,22,12,14,2024-25,Away
2025-02-21,Houston Rockets,Minnesota Timberwolves,121,115,0.5,0.446,0.5,0.289,0.75,0.846,48,35,18,22,20,9,2024-25,Home
2025-02-21,San Antonio Spurs,Detroit Pistons,110,125,0.512,0.5,0.345,0.343,0.636,0.864,32,53,27,31,15,16,2024-25,Away
2025-02-21,Utah Jazz,Oklahoma City Thunder,107,130,0.456,0.474,0.366,0.442,0.556,0.95,43,51,27,38,19,12,2024-25,Away
2025-02-21,Cleveland Cavaliers,New York Knicks,142,105,0.609,0.472,0.514,0.357,0.733,0.611,47,32,38,25,15,16,2024-25,Home
2025-02-21,Dallas Mavericks,New Orleans Pelicans,111,103,0.43,0.413,0.364,0.296,0.778,0.76,47,53,28,25,13,14,2024-25,Home
2025-02-21,Washington Wizards,Milwaukee Bucks,101,104,0.402,0.476,0.308,0.281,0.704,0.654,42,44,25,24,14,16,2024-25,Away
2025-02-21,Toronto Raptors,Miami Heat,111,120,0.418,0.511,0.395,0.361,0.783,0.833,46,44,25,20,13,12,2024-25,Away
2025-02-21,Sacramento Kings,Golden State Warriors,108,132,0.506,0.538,0.344,0.465,0.944,1.0,39,35,26,40,21,12,2024-25,Away
2025-02-22,Utah Jazz,Houston Rockets,124,115,0.5,0.44,0.325,0.395,0.481,0.556,58,41,28,33,8,7,2024-25,Home
2025-02-22,Chicago Bulls,Phoenix Suns,117,121,0.418,0.483,0.34,0.333,1.0,0.893,45,49,29,29,9,11,2024-25,Away
2025-02-22,Philadelphia 76ers,Brooklyn Nets,103,105,0.424,0.506,0.256,0.25,0.875,0.842,43,39,21,27,13,16,2024-25,Away
2025-02-22,Portland Trail Blazers,Charlotte Hornets,141,88,0.586,0.347,0.465,0.156,0.704,0.714,57,37,37,19,18,15,2024-25,Home
2025-02-22,Denver Nuggets,Los Angeles Lakers,100,123,0.4,0.5,0.39,0.39,0.762,0.84,45,39,28,27,20,8,2024-25,Away
2025-02-23,Atlanta Hawks,Detroit Pistons,143,148,0.5,0.591,0.467,0.5,0.722,0.72,40,37,30,39,13,17,2024-25,Away
2025-02-23,Milwaukee Bucks,Miami Heat,120,113,0.512,0.466,0.359,0.29,0.818,0.846,40,46,25,25,9,9,2024-25,Home
2025-02-23,New Orleans Pelicans,San Antonio Spurs,114,96,0.447,0.33,0.333,0.294,0.731,0.68,69,46,27,29,16,10,2024-25,Home
2025-02-23,Boston Celtics,New York Knicks,118,105,0.495,0.435,0.386,0.389,1.0,1.0,49,40,27,21,10,11,2024-25,Home
2025-02-23,Toronto Raptors,Phoenix Suns,127,109,0.489,0.506,0.571,0.25,0.7,0.727,49,37,30,22,14,11,2024-25,Home
2025-02-23,Cleveland Cavaliers,Memphis Grizzlies,129,123,0.465,0.457,0.277,0.385,0.686,0.774,57,37,25,28,14,13,2024-25,Home
2025-02-23,Golden State Warriors,Dallas Mavericks,126,102,0.48,0.463,0.3,0.406,0.87,0.684,54,41,30,24,10,18,2024-25,Home
2025-02-23,Orlando Magic,Washington Wizards,110,90,0.444,0.41,0.344,0.263,0.864,0.727,47,36,25,22,13,20,2024-25,Home
2025-02-23,Indiana Pacers,LA Clippers,129,111,0.548,0.447,0.333,0.25,0.926,0.758,46,32,31,23,12,10,2024-25,Home
2025-02-23,Minnesota Timberwolves,Oklahoma City Thunder,123,130,0.438,0.558,0.4,0.543,0.964,0.75,44,37,23,32,13,13,2024-25,Away
2025-02-24,Detroit Pistons,LA Clippers,106,97,0.456,0.402,0.31,0.268,0.694,0.632,46,48,22,24,15,17,2024-25,Home
2025-02-24,Sacramento Kings,Charlotte Hornets,130,88,0.54,0.353,0.526,0.25,0.889,0.75,49,37,30,24,18,19,2024-25,Home
2025-02-24,Atlanta Hawks,Miami Heat,98,86,0.455,0.321,0.257,0.175,0.75,0.926,50,45,29,15,16,17,2024-25,Home
2025-02-24,Indiana Pacers,Denver Nuggets,116,125,0.471,0.564,0.326,0.381,0.815,0.786,32,46,29,39,17,19,2024-25,Away
2025-02-24,Washington Wizards,Brooklyn Nets,107,99,0.5,0.393,0.419,0.389,0.96,0.792,37,39,26,25,24,15,2024-25,Home
2025-02-24,Philadelphia 76ers,Chicago Bulls,110,142,0.389,0.506,0.25,0.45,0.897,0.944,47,44,19,32,16,13,2024-25,Away
2025-02-24,Oklahoma City Thunder,Minnesota Timberwolves,128,131,0.425,0.454,0.306,0.281,0.793,0.872,53,54,27,29,11,13,2024-25,Away
2025-02-24,Utah Jazz,Portland Trail Blazers,112,114,0.398,0.418,0.409,0.318,0.842,0.75,45,51,24,26,15,13,2024-25,Away
2025-02-25,Houston Rockets,Milwaukee Bucks,100,97,0.407,0.4,0.343,0.324,0.778,0.739,53,37,18,19,15,13,2024-25,Home
2025-02-25,Los Angeles Lakers,Dallas Mavericks,107,99,0.448,0.357,0.275,0.386,0.75,0.923,57,45,24,23,14,12,2024-25,Home
2025-02-25,New Orleans Pelicans,San Antonio Spurs,109,103,0.436,0.409,0.226,0.295,0.8,0.778,54,45,25,29,19,20,2024-25,Home
2025-02-25,Orlando Magic,Cleveland Cavaliers,82,122,0.367,0.563,0.179,0.594,0.786,0.813,35,47,21,25,10,11,2024-25,Away
2025-02-25,Memphis Grizzlies,Phoenix Suns,151,148,0.525,0.535,0.417,0.568,0.9,0.808,38,46,36,39,12,16,2024-25,Home
2025-02-25,Golden State Warriors,Charlotte Hornets,128,92,0.49,0.371,0.357,0.275,0.833,0.833,51,50,40,18,11,24,2024-25,Home
2025-02-25,Toronto Raptors,Boston Celtics,101,111,0.506,0.473,0.152,0.294,0.75,1.0,40,39,27,24,16,14,2024-25,Away
2025-02-26,Houston Rockets,San Antonio Spurs,118,106,0.471,0.42,0.289,0.179,0.786,0.714,60,41,22,28,14,8,2024-25,Home
2025-02-26,Brooklyn Nets,Oklahoma City Thunder,121,129,0.409,0.533,0.377,0.3,0.88,0.828,46,45,31,27,14,11,2024-25,Away
2025-02-26,Chicago Bulls,LA Clippers,117,122,0.489,0.518,0.452,0.514,0.545,0.882,41,44,35,33,16,15,2024-25,Away
2025-02-26,Washington Wizards,Portland Trail Blazers,121,129,0.518,0.446,0.333,0.324,0.697,0.771,41,46,25,27,19,15,2024-25,Away
2025-02-26,Detroit Pistons,Boston Celtics,117,97,0.528,0.413,0.394,0.429,0.588,0.667,51,32,29,21,12,17,2024-25,Home
2025-02-26,Utah Jazz,Sacramento Kings,101,118,0.452,0.529,0.364,0.417,0.529,0.917,34,47,32,28,9,12,2024-25,Away
2025-02-26,Miami Heat,Atlanta Hawks,131,109,0.592,0.506,0.548,0.375,0.818,0.789,35,33,39,29,14,15,2024-25,Home
2025-02-26,New York Knicks,Philadelphia 76ers,110,105,0.519,0.443,0.368,0.324,0.793,0.8,43,35,22,21,16,13,2024-25,Home
2025-02-26,Indiana Pacers,Toronto Raptors,111,91,0.531,0.425,0.405,0.222,0.625,0.688,41,40,28,23,19,18,2024-25,Home
2025-02-27,Los Angeles Lakers,Minnesota Timberwolves,111,102,0.415,0.417,0.268,0.293,0.696,0.769,52,41,21,25,12,10,2024-25,Home
2025-02-27,Dallas Mavericks,Charlotte Hornets,103,96,0.412,0.408,0.306,0.259,0.75,0.692,48,56,23,25,7,15,2024-25,Home
2025-02-27,Milwaukee Bucks,Denver Nuggets,121,112,0.467,0.448,0.412,0.265,0.821,0.818,48,55,25,28,11,13,2024-25,Home
2025-02-27,Phoenix Suns,New Orleans Pelicans,116,124,0.468,0.481,0.377,0.362,0.8,0.583,52,50,29,25,10,6,2024-25,Away
2025-02-27,Orlando Magic,Golden State Warriors,115,121,0.506,0.456,0.393,0.422,0.778,0.882,46,38,23,26,18,12,2024-25,Away
2025-02-28,Boston Celtics,Cleveland Cavaliers,116,123,0.483,0.479,0.436,0.436,0.765,0.842,40,44,20,23,11,7,2024-25,Away
2025-02-28,Atlanta Hawks,Oklahoma City Thunder,119,135,0.489,0.505,0.417,0.46,0.783,0.833,46,43,27,37,19,11,2024-25,Away
2025-02-28,Los Angeles Lakers,LA Clippers,106,102,0.488,0.448,0.333,0.243,0.773,0.714,39,44,19,25,15,17,2024-25,Home
2025-02-28,Phoenix Suns,New Orleans Pelicans,125,108,0.595,0.506,0.525,0.393,0.769,0.6,35,35,35,28,15,14,2024-25,Home
2025-02-28,Detroit Pistons,Denver Nuggets,119,134,0.455,0.56,0.324,0.548,0.739,0.742,42,50,32,28,10,19,2024-25,Away
2025-02-28,Utah Jazz,Minnesota Timberwolves,117,116,0.511,0.436,0.4,0.385,0.643,0.571,60,40,35,35,20,7,2024-25,Home
2025-02-28,Brooklyn Nets,Portland Trail Blazers,102,121,0.414,0.577,0.241,0.417,0.852,0.593,45,36,20,31,21,20,2024-25,Away
2025-02-28,Memphis Grizzlies,New York Knicks,113,114,0.468,0.463,0.129,0.342,0.955,0.813,58,35,26,29,18,8,2024-25,Away
2025-02-28,Chicago Bulls,Toronto Raptors,125,115,0.446,0.417,0.265,0.351,0.88,0.8,45,51,32,30,11,14,2024-25,Home
2025-02-28,Miami Heat,Indiana Pacers,125,120,0.571,0.534,0.531,0.538,0.923,0.625,39,30,34,35,14,10,2024-25,Home
2025-03-01,Memphis Grizzlies,San Antonio Spurs,128,130,0.526,0.521,0.289,0.389,0.85,0.727,41,42,31,33,12,11,2024-25,Away
2025-03-01,Houston Rockets,Sacramento Kings,103,113,0.43,0.506,0.371,0.321,0.696,0.762,43,46,18,21,15,13,2024-25,Away
2025-03-01,Charlotte Hornets,Washington Wizards,100,113,0.441,0.455,0.333,0.34,0.667,0.941,44,48,28,33,17,15,2024-25,Away
2025-03-01,Detroit Pistons,Brooklyn Nets,115,94,0.542,0.305,0.429,0.154,0.862,0.857,47,38,31,19,23,12,2024-25,Home
2025-03-01,Dallas Mavericks,Milwaukee Bucks,117,132,0.473,0.506,0.275,0.333,0.8,0.886,33,52,25,33,11,13,2024-25,Away
2025-03-01,Philadelphia 76ers,Golden State Warriors,126,119,0.529,0.46,0.576,0.286,0.607,0.789,40,49,27,33,14,15,2024-25,Home
2025-03-02,Los Angeles Lakers,LA Clippers,108,102,0.494,0.432,0.429,0.308,0.7,0.824,41,40,21,24,16,12,2024-25,Home
2025-03-02,Indiana Pacers,Chicago Bulls,127,112,0.552,0.5,0.432,0.303,0.667,0.778,36,42,34,24,10,12,2024-25,Home
2025-03-02,Miami Heat,New York Knicks,112,116,0.536,0.484,0.314,0.318,0.688,0.667,34,46,29,27,12,10,2024-25,Away
2025-03-02,San Antonio Spurs,Oklahoma City Thunder,132,146,0.56,0.545,0.419,0.432,0.75,0.85,35,45,36,34,12,7,2024-25,Away
2025-03-02,Utah Jazz,New Orleans Pelicans,121,128,0.479,0.52,0.364,0.341,0.765,0.538,41,48,35,35,11,11,2024-25,Away
2025-03-02,Cleveland Cavaliers,Portland Trail Blazers,133,129,0.433,0.438,0.413,0.35,0.857,0.886,47,46,27,25,13,19,2024-25,Home
2025-03-02,Boston Celtics,Denver Nuggets,110,103,0.474,0.477,0.412,0.343,0.815,0.692,45,38,26,27,14,11,2024-25,Home
2025-03-02,Orlando Magic,Toronto Raptors,102,104,0.448,0.463,0.333,0.318,0.833,0.767,35,40,17,22,14,14,2024-25,Away
2025-03-02,Phoenix Suns,Minnesota Timberwolves,98,116,0.438,0.424,0.31,0.404,0.789,0.81,57,35,24,28,20,8,2024-25,Away
2025-03-03,Dallas Mavericks,Sacramento Kings,98,122,0.455,0.522,0.269,0.471,0.875,1.0,37,37,28,34,13,7,2024-25,Away
2025-03-03,Oklahoma City Thunder,Houston Rockets,137,128,0.495,0.485,0.459,0.457,0.889,0.824,49,49,31,20,13,16,2024-25,Home
2025-03-03,Philadelphia 76ers,Portland Trail Blazers,102,119,0.432,0.485,0.314,0.314,0.692,0.632,43,61,27,26,8,10,2024-25,Away
2025-03-03,Memphis Grizzlies,Atlanta Hawks,130,132,0.505,0.573,0.394,0.464,0.92,0.529,43,32,36,35,19,12,2024-25,Away
2025-03-03,Utah Jazz,Detroit Pistons,106,134,0.427,0.554,0.303,0.268,0.813,0.75,41,39,19,32,27,13,2024-25,Away
2025-03-03,Charlotte Hornets,Golden State Warriors,101,119,0.395,0.421,0.275,0.36,0.667,0.875,47,54,20,33,17,8,2024-25,Away
2025-03-03,Miami Heat,Washington Wizards,106,90,0.476,0.369,0.351,0.286,0.833,0.818,48,43,31,22,11,13,2024-25,Home
2025-03-04,San Antonio Spurs,Brooklyn Nets,127,113,0.547,0.453,0.462,0.34,0.5,0.857,46,40,37,29,13,13,2024-25,Home
2025-03-04,Atlanta Hawks,Milwaukee Bucks,121,127,0.455,0.51,0.39,0.297,0.765,0.783,47,51,33,27,11,14,2024-25,Away
2025-03-04,Indiana Pacers,Houston Rockets,115,102,0.512,0.408,0.405,0.3,1.0,0.5,35,58,34,22,11,14,2024-25,Home
2025-03-04,Los Angeles Lakers,New Orleans Pelicans,136,115,0.533,0.495,0.365,0.265,0.778,0.667,51,35,32,29,14,9,2024-25,Home
2025-03-04,Chicago Bulls,Cleveland Cavaliers,117,139,0.443,0.469,0.25,0.354,0.706,0.909,50,53,32,27,7,8,2024-25,Away
2025-03-04,New York Knicks,Golden State Warriors,102,114,0.446,0.489,0.242,0.351,0.8,0.789,42,44,26,30,13,11,2024-25,Away
2025-03-04,Phoenix Suns,LA Clippers,119,117,0.513,0.518,0.412,0.267,0.852,0.852,37,37,31,29,11,6,2024-25,Home
2025-03-04,Orlando Magic,Toronto Raptors,113,114,0.482,0.475,0.417,0.4,0.783,0.743,35,48,28,28,14,20,2024-25,Away
2025-03-04,Minnesota Timberwolves,Philadelphia 76ers,126,112,0.568,0.488,0.45,0.281,0.941,0.704,37,36,29,22,17,13,2024-25,Home
2025-03-05,Boston Celtics,Portland Trail Blazers,128,118,0.464,0.5,0.426,0.4,0.882,0.706,52,39,24,19,9,8,2024-25,Home
2025-03-05,Charlotte Hornets,Minnesota Timberwolves,110,125,0.442,0.489,0.286,0.429,0.778,0.727,57,43,26,27,13,5,2024-25,Away
2025-03-05,Milwaukee Bucks,Dallas Mavericks,137,107,0.584,0.459,0.457,0.333,0.895,0.4,55,30,29,30,17,10,2024-25,Home
2025-03-05,Denver Nuggets,Sacramento Kings,116,110,0.46,0.458,0.343,0.407,0.8,0.786,46,45,28,22,13,12,2024-25,Home
2025-03-05,Washington Wizards,Utah Jazz,125,122,0.442,0.465,0.362,0.35,0.828,0.7,45,58,32,21,9,14,2024-25,Home
2025-03-05,LA Clippers,Detroit Pistons,123,115,0.55,0.523,0.542,0.314,0.846,0.737,33,34,18,27,9,12,2024-25,Home
2025-03-05,Cleveland Cavaliers,Miami Heat,112,107,0.471,0.434,0.35,0.361,0.727,0.88,47,42,26,29,13,13,2024-25,Home
2025-03-05,Memphis Grizzlies,Oklahoma City Thunder,103,120,0.407,0.506,0.265,0.417,0.909,0.895,49,39,21,27,15,11,2024-25,Away
2025-03-06,Atlanta Hawks,Indiana Pacers,124,118,0.532,0.484,0.333,0.359,0.778,0.941,43,42,32,27,8,11,2024-25,Home
2025-03-06,Los Angeles Lakers,New York Knicks,113,109,0.427,0.394,0.333,0.233,0.821,0.781,49,46,25,20,16,13,2024-25,Home
2025-03-06,Boston Celtics,Philadelphia 76ers,123,105,0.505,0.421,0.396,0.385,0.923,0.833,46,45,32,29,10,15,2024-25,Home
2025-03-06,Orlando Magic,Chicago Bulls,123,125,0.46,0.5,0.273,0.375,0.85,0.8,33,48,26,25,12,18,2024-25,Away
2025-03-06,New Orleans Pelicans,Houston Rockets,97,109,0.373,0.568,0.333,0.31,0.788,0.444,41,41,17,33,15,19,2024-25,Away
2025-03-06,Brooklyn Nets,Golden State Warriors,119,121,0.506,0.488,0.455,0.375,0.889,0.906,32,45,30,31,11,16,2024-25,Away
2025-03-07,Oklahoma City Thunder,Portland Trail Blazers,107,89,0.464,0.347,0.368,0.186,0.882,0.833,43,53,25,15,11,17,2024-25,Home
2025-03-07,Miami Heat,Minnesota Timberwolves,104,106,0.461,0.494,0.412,0.4,0.727,0.571,41,43,29,28,9,13,2024-25,Away
2025-03-07,Toronto Raptors,Utah Jazz,118,109,0.385,0.464,0.304,0.258,0.857,0.59,48,56,27,21,8,24,2024-25,Home
2025-03-07,LA Clippers,New York Knicks,105,95,0.42,0.385,0.395,0.265,0.842,0.889,47,53,23,25,12,15,2024-25,Home
2025-03-07,Sacramento Kings,San Antonio Spurs,127,109,0.51,0.46,0.447,0.381,0.632,0.565,51,36,31,27,8,7,2024-25,Home
2025-03-07,Charlotte Hornets,Cleveland Cavaliers,117,118,0.478,0.421,0.351,0.324,0.762,0.843,43,45,29,16,12,13,2024-25,Away
2025-03-07,Dallas Mavericks,Memphis Grizzlies,111,122,0.385,0.472,0.366,0.381,0.917,0.875,45,59,24,28,12,11,2024-25,Away
2025-03-07,Denver Nuggets,Phoenix Suns,149,141,0.588,0.56,0.525,0.421,0.778,0.793,38,39,45,36,9,11,2024-25,Home
2025-03-08,Boston Celtics,Los Angeles Lakers,111,101,0.476,0.448,0.342,0.35,0.72,0.643,43,45,24,18,9,12,2024-25,Home
2025-03-08,Milwaukee Bucks,Orlando Magic,109,111,0.547,0.512,0.478,0.375,0.696,0.789,38,34,17,19,12,10,2024-25,Away
2025-03-08,Houston Rockets,New Orleans Pelicans,146,117,0.556,0.485,0.425,0.353,0.905,0.563,48,44,32,29,10,13,2024-25,Home
2025-03-08,Golden State Warriors,Detroit Pistons,115,110,0.417,0.459,0.293,0.217,0.805,0.75,46,44,26,17,17,20,2024-25,Home
2025-03-08,Atlanta Hawks,Indiana Pacers,120,118,0.464,0.436,0.294,0.303,0.952,0.867,48,41,23,29,16,15,2024-25,Home
2025-03-08,Charlotte Hornets,Brooklyn Nets,105,102,0.408,0.463,0.324,0.28,0.875,0.8,50,37,25,20,10,11,2024-25,Home
2025-03-08,Toronto Raptors,Washington Wizards,117,118,0.421,0.44,0.385,0.342,0.9,0.739,49,50,24,29,15,15,2024-25,Away
2025-03-08,Miami Heat,Chicago Bulls,109,114,0.423,0.455,0.302,0.262,0.737,0.885,44,51,25,27,9,10,2024-25,Away
2025-03-09,Portland Trail Blazers,Detroit Pistons,112,119,0.387,0.494,0.3,0.321,0.781,0.75,41,54,17,22,12,13,2024-25,Away
2025-03-09,Milwaukee Bucks,Cleveland Cavaliers,100,112,0.429,0.443,0.29,0.404,0.722,0.789,50,44,17,25,18,15,2024-25,Away
2025-03-09,Philadelphia 76ers,Utah Jazz,126,122,0.448,0.419,0.34,0.391,0.96,0.839,50,44,27,25,17,17,2024-25,Home
2025-03-09,LA Clippers,Sacramento Kings,111,110,0.531,0.46,0.323,0.265,0.6,0.84,38,48,23,27,9,8,2024-25,Home
2025-03-09,Minnesota Timberwolves,San Antonio Spurs,141,124,0.558,0.553,0.5,0.367,0.933,0.792,42,36,38,26,12,12,2024-25,Home
2025-03-09,Dallas Mavericks,Phoenix Suns,116,125,0.489,0.583,0.405,0.357,0.813,0.944,32,46,29,33,6,11,2024-25,Away
2025-03-09,New Orleans Pelicans,Memphis Grizzlies,104,107,0.412,0.414,0.382,0.265,0.778,0.632,39,57,24,24,14,12,2024-25,Away
2025-03-09,Oklahoma City Thunder,Denver Nuggets,127,103,0.489,0.412,0.342,0.3,0.88,0.55,56,48,25,22,5,7,2024-25,Home
2025-03-10,Memphis Grizzlies,Phoenix Suns,120,118,0.465,0.456,0.37,0.526,0.852,0.727,39,46,26,31,13,16,2024-25,Home
2025-03-10,Oklahoma City Thunder,Denver Nuggets,127,140,0.47,0.605,0.404,0.563,0.875,0.9,37,43,29,32,10,12,2024-25,Away
2025-03-10,Chicago Bulls,Indiana Pacers,121,103,0.5,0.396,0.364,0.25,0.786,0.684,56,39,30,30,18,9,2024-25,Home
2025-03-10,San Antonio Spurs,Dallas Mavericks,129,133,0.521,0.534,0.415,0.316,0.583,0.9,38,40,29,25,9,10,2024-25,Away
2025-03-10,Houston Rockets,Orlando Magic,97,84,0.393,0.326,0.372,0.25,0.611,0.833,63,42,20,15,19,8,2024-25,Home
2025-03-10,Miami Heat,Charlotte Hornets,102,105,0.459,0.419,0.323,0.25,0.7,0.957,46,36,24,26,16,10,2024-25,Away
2025-03-10,Brooklyn Nets,Los Angeles Lakers,111,108,0.411,0.435,0.4,0.475,0.633,0.789,47,43,22,31,7,15,2024-25,Home
2025-03-10,Toronto Raptors,Washington Wizards,119,104,0.394,0.362,0.327,0.291,0.586,0.8,73,54,26,25,8,8,2024-25,Home
2025-03-10,Golden State Warriors,Portland Trail Blazers,130,120,0.529,0.484,0.512,0.429,0.905,0.824,40,43,35,31,17,19,2024-25,Home
2025-03-10,Boston Celtics,Utah Jazz,114,108,0.43,0.453,0.34,0.342,0.889,0.75,47,48,28,29,9,12,2024-25,Home
2025-03-10,Sacramento Kings,New York Knicks,104,133,0.419,0.536,0.294,0.55,0.846,0.808,37,40,18,34,16,15,2024-25,Away
2025-03-10,Atlanta Hawks,Philadelphia 76ers,132,123,0.541,0.505,0.405,0.381,0.786,0.75,48,31,34,29,15,10,2024-25,Home
2025-03-11,New Orleans Pelicans,LA Clippers,127,120,0.553,0.5,0.548,0.333,0.889,0.778,46,34,34,34,19,11,2024-25,Home
2025-03-11,Detroit Pistons,Washington Wizards,123,103,0.462,0.402,0.421,0.333,0.733,0.8,61,47,29,20,12,13,2024-25,Home
2025-03-11,Cleveland Cavaliers,Brooklyn Nets,109,104,0.438,0.464,0.238,0.364,0.84,0.714,48,38,23,31,14,12,2024-25,Home
2025-03-11,Indiana Pacers,Milwaukee Bucks,115,114,0.506,0.512,0.333,0.389,0.778,0.737,38,44,30,32,9,15,2024-25,Home
2025-03-12,Portland Trail Blazers,New York Knicks,113,114,0.444,0.468,0.405,0.387,0.64,0.7,52,38,20,27,23,15,2024-25,Away
2025-03-12,Houston Rockets,Phoenix Suns,111,104,0.455,0.534,0.316,0.357,0.76,0.8,38,37,25,22,9,16,2024-25,Home
2025-03-12,San Antonio Spurs,Dallas Mavericks,126,116,0.532,0.556,0.314,0.406,0.938,0.765,47,31,32,30,16,17,2024-25,Home
2025-03-12,Boston Celtics,Oklahoma City Thunder,112,118,0.436,0.488,0.317,0.351,0.833,0.714,41,44,25,19,13,12,2024-25,Away
2025-03-12,Toronto Raptors,Philadelphia 76ers,118,105,0.44,0.427,0.4,0.2,0.778,0.727,59,40,33,19,20,9,2024-25,Home
2025-03-12,Miami Heat,LA Clippers,104,119,0.476,0.592,0.378,0.481,0.714,0.667,29,45,27,24,10,16,2024-25,Away
2025-03-12,Atlanta Hawks,Charlotte Hornets,123,110,0.42,0.455,0.389,0.4,0.897,0.889,43,47,26,29,13,21,2024-25,Home
2025-03-12,Denver Nuggets,Minnesota Timberwolves,95,115,0.404,0.478,0.233,0.425,0.727,0.75,42,48,20,31,10,15,2024-25,Away
2025-03-12,Memphis Grizzlies,Utah Jazz,122,115,0.457,0.467,0.455,0.353,0.762,0.679,39,60,30,24,9,23,2024-25,Home
2025-03-13,Chicago Bulls,Brooklyn Nets,116,110,0.456,0.448,0.297,0.324,0.885,0.722,47,50,24,32,8,9,2024-25,Home
2025-03-13,Detroit Pistons,Washington Wizards,125,129,0.459,0.478,0.333,0.444,0.86,0.852,41,47,23,30,12,15,2024-25,Away
2025-03-13,Milwaukee Bucks,Los Angeles Lakers,126,106,0.477,0.437,0.425,0.375,0.818,0.833,48,38,30,18,11,13,2024-25,Home
2025-03-13,Golden State Warriors,Sacramento Kings,130,104,0.577,0.468,0.564,0.378,0.75,0.727,43,30,35,25,14,14,2024-25,Home
2025-03-13,New Orleans Pelicans,Orlando Magic,93,113,0.443,0.518,0.28,0.394,0.762,0.778,40,39,23,25,13,8,2024-25,Away
2025-03-14,Denver Nuggets,Los Angeles Lakers,131,126,0.518,0.467,0.419,0.375,0.789,0.813,39,47,30,32,12,8,2024-25,Home
2025-03-14,Minnesota Timberwolves,Orlando Magic,118,111,0.525,0.449,0.424,0.429,0.714,0.864,45,31,26,18,15,11,2024-25,Home
2025-03-14,Houston Rockets,Dallas Mavericks,133,96,0.514,0.415,0.484,0.364,0.833,0.833,67,34,27,14,10,7,2024-25,Home
2025-03-14,Phoenix Suns,Sacramento Kings,122,106,0.519,0.494,0.558,0.25,0.842,0.9,34,40,33,25,11,19,2024-25,Home
2025-03-14,Utah Jazz,Toronto Raptors,118,126,0.438,0.484,0.421,0.375,0.774,0.743,35,51,23,28,16,15,2024-25,Away
2025-03-14,Atlanta Hawks,LA Clippers,98,121,0.42,0.547,0.273,0.444,0.882,0.75,44,40,25,27,18,13,2024-25,Away
2025-03-14,San Antonio Spurs,Charlotte Hornets,134,145,0.505,0.6,0.457,0.565,0.773,0.895,36,34,27,42,13,18,2024-25,Away
2025-03-14,Memphis Grizzlies,Cleveland Cavaliers,124,133,0.495,0.5,0.306,0.373,0.81,0.788,45,43,25,32,14,15,2024-25,Away
2025-03-14,Miami Heat,Boston Celtics,91,103,0.453,0.434,0.382,0.38,0.588,0.923,38,41,18,18,17,14,2024-25,Away
2025-03-14,Philadelphia 76ers,Indiana Pacers,100,112,0.451,0.494,0.289,0.286,0.682,0.778,43,45,13,31,14,10,2024-25,Away
2025-03-15,Memphis Grizzlies,Miami Heat,125,91,0.554,0.398,0.387,0.243,0.917,0.8,51,37,31,24,10,14,2024-25,Home
2025-03-15,Golden State Warriors,New York Knicks,97,94,0.398,0.43,0.317,0.375,0.818,0.846,45,49,25,20,9,13,2024-25,Home
2025-03-15,Brooklyn Nets,Boston Celtics,113,115,0.467,0.524,0.435,0.342,0.692,0.737,45,38,34,29,9,7,2024-25,Away
2025-03-15,San Antonio Spurs,New Orleans Pelicans,119,115,0.464,0.5,0.41,0.343,0.758,1.0,37,52,26,34,10,15,2024-25,Home
2025-03-15,Detroit Pistons,Oklahoma City Thunder,107,113,0.477,0.483,0.424,0.294,0.692,0.773,39,44,29,17,17,17,2024-25,Away
2025-03-15,Houston Rockets,Chicago Bulls,117,114,0.449,0.462,0.318,0.368,0.577,0.875,54,36,24,24,11,10,2024-25,Home
2025-03-15,Milwaukee Bucks,Indiana Pacers,126,119,0.544,0.479,0.405,0.395,0.962,0.769,45,32,28,29,15,11,2024-25,Home
2025-03-15,Denver Nuggets,Washington Wizards,123,126,0.505,0.484,0.353,0.422,0.882,0.882,42,44,40,34,17,17,2024-25,Away
2025-03-16,Portland Trail Blazers,Toronto Raptors,105,102,0.409,0.404,0.36,0.323,0.833,0.8,51,47,21,29,20,18,2024-25,Home
2025-03-16,Minnesota Timberwolves,Utah Jazz,128,102,0.495,0.433,0.326,0.316,0.692,0.8,49,44,30,23,9,22,2024-25,Home
2025-03-16,Milwaukee Bucks,Oklahoma City Thunder,105,121,0.398,0.517,0.382,0.345,0.788,0.76,34,50,21,30,9,9,2024-25,Away
2025-03-16,LA Clippers,Charlotte Hornets,123,88,0.484,0.394,0.5,0.182,0.87,0.889,58,44,30,27,10,11,2024-25,Home
2025-03-16,Cleveland Cavaliers,Orlando Magic,103,108,0.417,0.42,0.25,0.419,0.65,0.794,48,47,21,21,13,15,2024-25,Away
2025-03-16,Los Angeles Lakers,Phoenix Suns,107,96,0.432,0.393,0.359,0.22,0.719,0.81,40,51,22,25,8,14,2024-25,Home
2025-03-16,Dallas Mavericks,Philadelphia 76ers,125,130,0.529,0.522,0.294,0.389,0.767,0.833,45,39,26,21,15,11,2024-25,Away
2025-03-16,Brooklyn Nets,Atlanta Hawks,122,114,0.478,0.467,0.486,0.297,0.826,0.792,40,38,33,27,15,14,2024-25,Home
2025-03-17,Sacramento Kings,Memphis Grizzlies,132,122,0.523,0.489,0.488,0.433,0.667,1.0,38,48,35,24,12,17,2024-25,Home
2025-03-17,Portland Trail Blazers,Washington Wizards,112,97,0.424,0.413,0.326,0.3,0.684,0.75,50,49,25,27,8,16,2024-25,Home
2025-03-17,New Orleans Pelicans,Detroit Pistons,81,127,0.326,0.548,0.156,0.371,0.667,0.759,39,50,18,33,16,13,2024-25,Away
2025-03-17,Los Angeles Lakers,San Antonio Spurs,125,109,0.489,0.466,0.396,0.395,0.75,0.857,42,44,34,30,9,17,2024-25,Home
2025-03-17,Minnesota Timberwolves,Indiana Pacers,130,132,0.454,0.495,0.31,0.459,0.806,0.826,44,48,25,28,14,20,2024-25,Away
2025-03-17,Phoenix Suns,Toronto Raptors,129,89,0.511,0.356,0.513,0.286,1.0,0.739,54,40,34,20,10,11,2024-25,Home
2025-03-17,Utah Jazz,Chicago Bulls,97,111,0.407,0.433,0.214,0.311,0.818,0.813,48,49,20,29,17,9,2024-25,Away
2025-03-17,Houston Rockets,Philadelphia 76ers,144,137,0.477,0.505,0.415,0.49,0.833,0.68,58,35,35,21,15,16,2024-25,Home
2025-03-17,New York Knicks,Miami Heat,116,95,0.495,0.476,0.471,0.261,1.0,0.917,41,39,30,23,13,20,2024-25,Home
2025-03-17,Golden State Warriors,Denver Nuggets,105,114,0.488,0.467,0.242,0.359,0.556,0.778,38,53,24,32,20,20,2024-25,Away
2025-03-18,Boston Celtics,Brooklyn Nets,104,96,0.443,0.409,0.333,0.289,0.818,0.647,48,39,24,21,13,8,2024-25,Home
2025-03-18,Charlotte Hornets,Atlanta Hawks,102,134,0.452,0.538,0.333,0.489,0.762,0.8,39,46,25,27,17,10,2024-25,Away
2025-03-18,LA Clippers,Cleveland Cavaliers,132,119,0.548,0.489,0.457,0.341,0.857,0.654,49,29,28,29,12,8,2024-25,Home
2025-03-18,Golden State Warriors,Milwaukee Bucks,104,93,0.416,0.392,0.386,0.316,0.885,0.704,52,34,25,19,18,9,2024-25,Home
2025-03-19,Sacramento Kings,Cleveland Cavaliers,123,119,0.505,0.548,0.457,0.382,0.938,0.778,41,37,28,24,11,12,2024-25,Home
2025-03-19,Orlando Magic,Houston Rockets,108,116,0.446,0.469,0.257,0.314,0.85,0.906,41,46,23,18,12,15,2024-25,Away
2025-03-19,Oklahoma City Thunder,Philadelphia 76ers,133,100,0.522,0.368,0.462,0.316,0.75,0.75,55,41,36,24,12,12,2024-25,Home
2025-03-19,Los Angeles Lakers,Denver Nuggets,120,108,0.506,0.471,0.421,0.333,0.714,0.619,38,45,25,25,13,18,2024-25,Home
2025-03-19,San Antonio Spurs,New York Knicks,120,105,0.5,0.424,0.457,0.297,0.7,0.762,52,44,28,28,13,10,2024-25,Home
2025-03-19,Phoenix Suns,Chicago Bulls,127,121,0.49,0.544,0.375,0.395,0.9,0.667,46,40,34,29,11,13,2024-25,Home
2025-03-19,Portland Trail Blazers,Memphis Grizzlies,115,99,0.417,0.402,0.391,0.267,0.81,0.81,65,40,25,23,17,10,2024-25,Home
2025-03-19,Miami Heat,Detroit Pistons,113,116,0.489,0.505,0.313,0.391,0.833,0.833,37,47,24,25,13,12,2024-25,Away
2025-03-19,Utah Jazz,Washington Wizards,128,112,0.562,0.462,0.405,0.267,0.611,0.778,42,37,30,30,16,13,2024-25,Home
2025-03-19,Minnesota Timberwolves,New Orleans Pelicans,115,119,0.455,0.528,0.41,0.448,0.806,0.545,40,46,21,28,14,13,2024-25,Away
2025-03-19,Indiana Pacers,Dallas Mavericks,135,131,0.549,0.545,0.457,0.407,0.784,0.75,38,41,29,23,11,12,2024-25,Home
2025-03-20,Los Angeles Lakers,Milwaukee Bucks,89,118,0.415,0.476,0.344,0.314,0.625,0.794,50,41,26,24,19,9,2024-25,Away
2025-03-20,Charlotte Hornets,New York Knicks,115,98,0.489,0.4,0.469,0.256,0.824,0.8,52,38,25,26,11,7,2024-25,Home
2025-03-20,Sacramento Kings,Chicago Bulls,116,128,0.477,0.523,0.385,0.429,0.826,0.885,36,40,27,32,11,12,2024-25,Away
2025-03-20,Indiana Pacers,Brooklyn Nets,105,99,0.432,0.356,0.258,0.28,0.871,0.722,57,47,18,20,22,16,2024-25,Home
2025-03-20,Golden State Warriors,Toronto Raptors,117,114,0.422,0.564,0.404,0.423,0.786,0.789,38,44,30,32,14,23,2024-25,Home
2025-03-21,Oklahoma City Thunder,Charlotte Hornets,141,106,0.574,0.463,0.538,0.463,0.706,1.0,43,29,29,29,7,16,2024-25,Home
2025-03-21,Washington Wizards,Orlando Magic,105,120,0.425,0.479,0.436,0.405,0.737,0.846,41,55,23,25,14,12,2024-25,Away
2025-03-21,Portland Trail Blazers,Denver Nuggets,128,109,0.54,0.5,0.4,0.346,0.8,0.857,38,31,30,24,17,20,2024-25,Home
2025-03-21,Miami Heat,Houston Rockets,98,102,0.521,0.464,0.417,0.5,0.857,0.476,34,46,25,14,20,15,2024-25,Away
2025-03-21,Dallas Mavericks,Detroit Pistons,123,117,0.525,0.469,0.353,0.355,0.75,0.737,44,41,25,24,20,14,2024-25,Home
2025-03-21,LA Clippers,Memphis Grizzlies,128,108,0.577,0.421,0.5,0.388,0.808,0.692,43,40,29,28,13,10,2024-25,Home
2025-03-21,Minnesota Timberwolves,New Orleans Pelicans,134,93,0.539,0.5,0.432,0.355,0.95,0.636,36,33,40,20,13,25,2024-25,Home
2025-03-21,San Antonio Spurs,Philadelphia 76ers,128,120,0.528,0.568,0.487,0.378,0.833,0.7,34,32,36,30,14,16,2024-25,Home
2025-03-21,Utah Jazz,Boston Celtics,99,121,0.452,0.464,0.4,0.333,0.75,0.875,38,48,24,27,17,10,2024-25,Away
2025-03-21,Phoenix Suns,Cleveland Cavaliers,123,112,0.522,0.447,0.452,0.378,1.0,0.786,46,44,33,24,13,11,2024-25,Home
2025-03-22,Los Angeles Lakers,Chicago Bulls,115,146,0.482,0.583,0.415,0.463,0.727,0.75,35,42,23,41,21,10,2024-25,Away
2025-03-22,Indiana Pacers,Brooklyn Nets,108,103,0.476,0.433,0.314,0.349,0.81,0.588,44,48,32,20,13,14,2024-25,Home
2025-03-22,Sacramento Kings,Milwaukee Bucks,108,114,0.451,0.524,0.237,0.419,0.773,0.65,44,42,21,22,8,9,2024-25,Away
2025-03-22,New York Knicks,Washington Wizards,122,103,0.484,0.443,0.371,0.306,0.778,0.737,49,41,29,21,14,20,2024-25,Home
2025-03-22,Atlanta Hawks,Golden State Warriors,124,115,0.57,0.464,0.417,0.421,0.611,0.808,46,38,37,28,14,9,2024-25,Home
2025-03-23,LA Clippers,Oklahoma City Thunder,101,103,0.427,0.402,0.308,0.343,0.821,0.85,48,42,20,28,14,9,2024-25,Away
2025-03-23,Toronto Raptors,San Antonio Spurs,89,123,0.38,0.477,0.256,0.326,0.692,0.844,46,46,27,27,21,14,2024-25,Away
2025-03-23,Detroit Pistons,New Orleans Pelicans,136,130,0.547,0.576,0.481,0.5,0.725,0.75,32,37,26,35,6,17,2024-25,Home
2025-03-23,Atlanta Hawks,Philadelphia 76ers,132,119,0.552,0.44,0.459,0.324,0.864,0.757,39,37,35,24,16,13,2024-25,Home
2025-03-23,Utah Jazz,Cleveland Cavaliers,91,120,0.36,0.458,0.32,0.229,0.611,0.677,52,51,25,28,18,6,2024-25,Away
2025-03-23,Houston Rockets,Denver Nuggets,111,116,0.438,0.506,0.324,0.476,0.647,0.692,45,43,25,28,6,9,2024-25,Away
2025-03-23,Portland Trail Blazers,Boston Celtics,116,129,0.489,0.545,0.404,0.46,0.688,0.714,38,38,24,31,12,9,2024-25,Away
2025-03-23,Miami Heat,Charlotte Hornets,122,105,0.573,0.471,0.414,0.333,0.8,0.923,32,40,27,24,10,19,2024-25,Home
2025-03-24,Indiana Pacers,Minnesota Timberwolves,119,103,0.489,0.484,0.371,0.257,1.0,0.6,46,45,30,26,11,17,2024-25,Home
2025-03-24,Washington Wizards,Toronto Raptors,104,112,0.402,0.406,0.297,0.278,0.676,0.741,48,60,24,28,17,12,2024-25,Away
2025-03-24,Denver Nuggets,Chicago Bulls,119,129,0.474,0.495,0.306,0.436,0.667,0.846,52,43,34,31,12,10,2024-25,Away
2025-03-24,New Orleans Pelicans,Philadelphia 76ers,112,99,0.494,0.391,0.429,0.333,0.846,0.895,51,37,36,19,16,11,2024-25,Home
2025-03-24,Phoenix Suns,Milwaukee Bucks,108,106,0.476,0.446,0.389,0.308,0.889,0.69,52,36,25,24,16,7,2024-25,Home
2025-03-24,Brooklyn Nets,Dallas Mavericks,101,120,0.513,0.563,0.333,0.323,0.714,0.75,37,41,30,34,18,10,2024-25,Away
2025-03-24,Orlando Magic,Los Angeles Lakers,118,106,0.494,0.463,0.375,0.313,0.826,0.786,43,39,25,19,8,10,2024-25,Home
2025-03-24,Sacramento Kings,Boston Celtics,95,113,0.453,0.456,0.333,0.38,0.818,0.6,45,45,23,28,14,10,2024-25,Away
2025-03-25,Sacramento Kings,Oklahoma City Thunder,105,121,0.407,0.524,0.489,0.594,0.667,0.8,36,52,32,30,11,15,2024-25,Away
2025-03-25,Utah Jazz,Memphis Grizzlies,103,140,0.436,0.531,0.405,0.444,0.818,0.889,28,52,24,38,13,8,2024-25,Away
2025-03-25,Houston Rockets,Atlanta Hawks,121,114,0.452,0.417,0.282,0.306,0.897,0.867,51,42,17,32,13,14,2024-25,Home
2025-03-25,New York Knicks,Dallas Mavericks,128,113,0.596,0.538,0.385,0.316,0.667,0.84,36,33,40,19,14,16,2024-25,Home
2025-03-25,Detroit Pistons,San Antonio Spurs,122,96,0.564,0.363,0.484,0.318,0.76,0.8,44,41,33,21,10,10,2024-25,Home
2025-03-25,Portland Trail Blazers,Cleveland Cavaliers,111,122,0.4,0.545,0.327,0.444,0.636,0.824,45,41,28,28,9,11,2024-25,Away
2025-03-25,Charlotte Hornets,Orlando Magic,104,111,0.42,0.456,0.412,0.31,0.762,0.842,38,50,26,22,11,8,2024-25,Away
2025-03-25,Miami Heat,Golden State Warriors,112,86,0.558,0.398,0.68,0.237,0.75,0.688,42,38,26,20,15,12,2024-25,Home
2025-03-26,New York Knicks,LA Clippers,113,126,0.5,0.511,0.382,0.533,0.727,0.833,38,45,35,27,9,5,2024-25,Away
2025-03-26,Phoenix Suns,Boston Celtics,102,132,0.414,0.506,0.317,0.423,0.81,0.909,38,48,22,33,13,10,2024-25,Away
2025-03-26,Indiana Pacers,Los Angeles Lakers,119,120,0.506,0.519,0.417,0.447,0.842,0.875,36,43,31,26,9,14,2024-25,Away
2025-03-26,Philadelphia 76ers,Washington Wizards,114,119,0.429,0.505,0.304,0.409,0.8,0.417,47,49,22,30,4,10,2024-25,Away
2025-03-26,Denver Nuggets,Milwaukee Bucks,127,117,0.544,0.517,0.432,0.432,0.591,0.692,46,39,36,30,9,11,2024-25,Home
2025-03-26,Brooklyn Nets,Toronto Raptors,86,116,0.356,0.422,0.195,0.303,0.842,0.87,43,63,16,34,19,11,2024-25,Away
2025-03-27,Washington Wizards,Indiana Pacers,109,162,0.447,0.641,0.367,0.574,0.846,0.895,31,50,19,48,15,12,2024-25,Away
2025-03-27,Oklahoma City Thunder,Memphis Grizzlies,125,104,0.489,0.418,0.419,0.381,0.857,0.957,45,36,28,28,12,18,2024-25,Home
2025-03-27,Chicago Bulls,Los Angeles Lakers,119,117,0.467,0.495,0.432,0.293,0.636,0.833,48,40,33,30,15,11,2024-25,Home
2025-03-27,Sacramento Kings,Portland Trail Blazers,128,107,0.649,0.398,0.37,0.32,0.815,0.808,46,32,24,23,20,10,2024-25,Home
2025-03-27,Miami Heat,Atlanta Hawks,122,112,0.537,0.518,0.545,0.439,0.8,0.727,37,36,26,27,13,15,2024-25,Home
2025-03-27,Orlando Magic,Dallas Mavericks,92,101,0.425,0.474,0.167,0.5,0.792,0.727,44,40,14,21,16,14,2024-25,Away
2025-03-27,Utah Jazz,Houston Rockets,110,121,0.544,0.461,0.478,0.324,0.765,0.789,33,51,29,26,16,9,2024-25,Away
2025-03-27,Cleveland Cavaliers,San Antonio Spurs,124,116,0.465,0.406,0.354,0.326,0.833,0.762,56,50,33,27,13,10,2024-25,Home
2025-03-28,Milwaukee Bucks,New York Knicks,107,116,0.547,0.484,0.394,0.364,0.632,0.875,32,44,24,28,16,8,2024-25,Away
2025-03-28,New Orleans Pelicans,Golden State Warriors,95,111,0.407,0.413,0.304,0.236,0.786,0.759,46,50,24,29,15,10,2024-25,Away
2025-03-28,Brooklyn Nets,LA Clippers,100,132,0.371,0.55,0.298,0.514,0.769,0.893,43,48,27,29,14,12,2024-25,Away
2025-03-28,Detroit Pistons,Cleveland Cavaliers,133,122,0.478,0.464,0.441,0.375,0.857,0.763,43,41,25,16,13,14,2024-25,Home
2025-03-28,Denver Nuggets,Utah Jazz,129,93,0.578,0.355,0.379,0.175,0.786,0.833,45,42,38,21,18,17,2024-25,Home
2025-03-28,Toronto Raptors,Charlotte Hornets,108,97,0.442,0.406,0.318,0.29,0.667,0.667,45,56,28,29,6,17,2024-25,Home
2025-03-28,Minnesota Timberwolves,Phoenix Suns,124,109,0.528,0.519,0.487,0.486,0.846,0.692,43,34,31,28,11,16,2024-25,Home
2025-03-29,Philadelphia 76ers,Miami Heat,95,118,0.5,0.473,0.406,0.465,0.429,0.769,37,47,28,33,18,9,2024-25,Away
2025-03-29,Orlando Magic,Sacramento Kings,121,91,0.494,0.42,0.462,0.25,0.625,0.8,49,41,31,17,12,16,2024-25,Home
2025-03-29,Chicago Bulls,Dallas Mavericks,119,120,0.473,0.465,0.424,0.3,0.792,0.81,56,41,31,28,19,6,2024-25,Away
2025-03-29,Memphis Grizzlies,Los Angeles Lakers,127,134,0.526,0.506,0.438,0.442,0.722,0.926,41,42,33,30,12,13,2024-25,Away
2025-03-29,Oklahoma City Thunder,Indiana Pacers,132,111,0.511,0.448,0.472,0.333,0.826,0.731,47,43,26,27,9,11,2024-25,Home
2025-03-29,San Antonio Spurs,Boston Celtics,111,121,0.437,0.479,0.35,0.333,0.778,0.778,35,54,25,32,4,9,2024-25,Away
2025-03-29,Washington Wizards,Brooklyn Nets,112,115,0.435,0.443,0.265,0.391,0.879,0.95,40,49,21,25,6,12,2024-25,Away
2025-03-30,Cleveland Cavaliers,LA Clippers,127,122,0.505,0.484,0.333,0.39,0.783,0.727,45,44,33,25,10,12,2024-25,Home
2025-03-30,Philadelphia 76ers,Toronto Raptors,109,127,0.472,0.476,0.276,0.447,0.895,0.667,46,46,25,32,16,10,2024-25,Away
2025-03-30,New York Knicks,Portland Trail Blazers,110,93,0.536,0.437,0.4,0.25,0.769,0.571,44,39,27,19,13,14,2024-25,Home
2025-03-30,Milwaukee Bucks,Atlanta Hawks,124,145,0.476,0.532,0.343,0.354,0.791,0.8,36,46,21,36,14,8,2024-25,Away
2025-03-30,San Antonio Spurs,Golden State Warriors,106,148,0.476,0.577,0.381,0.477,0.625,0.789,34,44,30,42,21,12,2024-25,Away
2025-03-30,Phoenix Suns,Houston Rockets,109,148,0.483,0.571,0.313,0.581,0.882,0.72,39,45,25,37,19,9,2024-25,Away
2025-03-30,Minnesota Timberwolves,Detroit Pistons,123,104,0.473,0.358,0.387,0.316,0.742,0.75,59,44,24,22,9,7,2024-25,Home
2025-03-30,New Orleans Pelicans,Charlotte Hornets,98,94,0.413,0.352,0.29,0.242,0.765,0.88,57,50,24,20,17,14,2024-25,Home
2025-03-31,Los Angeles Lakers,Houston Rockets,104,98,0.393,0.416,0.348,0.313,0.9,0.824,45,51,22,26,11,15,2024-25,Home
2025-03-31,Washington Wizards,Miami Heat,94,120,0.395,0.505,0.302,0.281,0.722,0.708,39,62,22,29,18,17,2024-25,Away
2025-03-31,Oklahoma City Thunder,Chicago Bulls,145,117,0.531,0.449,0.535,0.314,0.783,0.813,44,43,39,29,14,19,2024-25,Home
2025-03-31,Charlotte Hornets,Utah Jazz,110,106,0.538,0.406,0.395,0.269,0.643,0.933,47,41,33,25,18,10,2024-25,Home
2025-03-31,Orlando Magic,LA Clippers,87,96,0.395,0.439,0.269,0.258,0.909,0.842,32,47,18,18,14,16,2024-25,Away
2025-03-31,Indiana Pacers,Sacramento Kings,111,109,0.467,0.467,0.341,0.444,1.0,0.647,40,45,28,22,12,11,2024-25,Home
2025-03-31,Dallas Mavericks,Brooklyn Nets,109,113,0.477,0.433,0.333,0.392,0.586,0.75,49,40,29,32,8,8,2024-25,Away
2025-03-31,Memphis Grizzlies,Boston Celtics,103,117,0.446,0.406,0.25,0.339,0.625,0.947,45,54,21,30,10,12,2024-25,Away
2025-04-01,Denver Nuggets,Minnesota Timberwolves,139,140,0.547,0.468,0.353,0.38,0.75,0.68,45,52,33,35,16,14,2024-25,Away
2025-04-01,San Antonio Spurs,Orlando Magic,105,116,0.494,0.478,0.406,0.383,0.706,1.0,38,41,24,28,17,10,2024-25,Away
2025-04-01,Chicago Bulls,Toronto Raptors,137,118,0.568,0.454,0.412,0.444,0.852,0.909,49,35,36,35,12,12,2024-25,Home
2025-04-01,New York Knicks,Philadelphia 76ers,105,91,0.424,0.42,0.387,0.194,0.808,0.773,44,42,23,23,18,19,2024-25,Home
2025-04-01,Atlanta Hawks,Portland Trail Blazers,113,127,0.446,0.456,0.219,0.317,0.857,0.741,45,54,26,30,19,17,2024-25,Away
2025-04-01,Milwaukee Bucks,Phoenix Suns,133,123,0.689,0.478,0.586,0.4,0.933,0.81,29,33,32,26,18,13,2024-25,Home
2025-04-01,Memphis Grizzlies,Golden State Warriors,125,134,0.478,0.424,0.409,0.393,0.864,1.0,43,49,22,29,16,11,2024-25,Away
2025-04-02,Indiana Pacers,Charlotte Hornets,119,105,0.495,0.526,0.409,0.417,0.7,0.722,38,44,29,20,6,18,2024-25,Home
2025-04-02,Washington Wizards,Sacramento Kings,116,111,0.512,0.421,0.395,0.256,0.722,0.75,41,48,24,25,14,11,2024-25,Home
2025-04-02,Houston Rockets,Utah Jazz,143,105,0.538,0.426,0.422,0.25,0.632,0.652,63,39,30,25,10,9,2024-25,Home
2025-04-02,Oklahoma City Thunder,Detroit Pistons,119,103,0.438,0.404,0.263,0.303,0.806,0.84,46,43,25,20,10,18,2024-25,Home
2025-04-02,Boston Celtics,Miami Heat,103,124,0.448,0.518,0.279,0.467,0.813,0.889,43,34,24,28,13,4,2024-25,Away
2025-04-02,Denver Nuggets,San Antonio Spurs,106,113,0.396,0.443,0.295,0.37,0.68,0.769,58,52,24,27,12,10,2024-25,Away
2025-04-02,Dallas Mavericks,Atlanta Hawks,120,118,0.53,0.433,0.455,0.385,0.81,0.864,42,43,27,29,13,11,2024-25,Home
2025-04-02,LA Clippers,New Orleans Pelicans,114,98,0.526,0.506,0.406,0.182,0.808,0.727,30,39,27,29,10,15,2024-25,Home
2025-04-02,Cleveland Cavaliers,New York Knicks,124,105,0.532,0.444,0.324,0.306,0.857,0.824,44,39,23,24,13,14,2024-25,Home
2025-04-03,Brooklyn Nets,Minnesota Timberwolves,90,105,0.427,0.5,0.306,0.31,0.75,0.667,34,45,30,27,10,17,2024-25,Away
2025-04-03,Miami Heat,Memphis Grizzlies,108,110,0.411,0.471,0.424,0.421,0.842,0.824,47,49,24,24,11,18,2024-25,Away
2025-04-03,Los Angeles Lakers,Golden State Warriors,116,123,0.453,0.476,0.383,0.452,0.87,0.839,39,46,23,30,8,13,2024-25,Away
2025-04-03,Toronto Raptors,Portland Trail Blazers,103,112,0.458,0.488,0.353,0.294,0.6,0.9,35,54,29,20,17,20,2024-25,Away
2025-04-03,Washington Wizards,Orlando Magic,97,109,0.447,0.463,0.4,0.367,0.818,0.88,38,47,16,27,13,8,2024-25,Away
2025-04-03,Philadelphia 76ers,Milwaukee Bucks,113,126,0.483,0.561,0.308,0.516,0.789,0.667,40,40,30,32,13,11,2024-25,Away
2025-04-04,Los Angeles Lakers,New Orleans Pelicans,124,108,0.519,0.488,0.39,0.412,0.929,0.636,36,38,26,27,12,16,2024-25,Home
2025-04-04,LA Clippers,Dallas Mavericks,114,91,0.494,0.455,0.467,0.2,0.75,0.654,48,39,23,19,13,17,2024-25,Home
2025-04-04,Boston Celtics,Phoenix Suns,123,103,0.517,0.441,0.359,0.324,0.864,0.818,49,40,28,24,7,6,2024-25,Home
2025-04-04,Charlotte Hornets,Sacramento Kings,102,125,0.398,0.495,0.229,0.444,0.824,0.826,45,44,17,26,12,6,2024-25,Away
2025-04-04,Toronto Raptors,Detroit Pistons,105,117,0.418,0.461,0.351,0.353,0.8,0.852,49,47,24,27,15,13,2024-25,Away
2025-04-04,Indiana Pacers,Utah Jazz,140,112,0.573,0.375,0.375,0.308,0.684,0.857,51,52,38,21,7,11,2024-25,Home
2025-04-04,Houston Rockets,Oklahoma City Thunder,125,111,0.489,0.483,0.448,0.371,0.846,0.8,48,33,24,24,13,15,2024-25,Home
2025-04-04,San Antonio Spurs,Cleveland Cavaliers,113,114,0.436,0.471,0.333,0.431,0.789,0.714,44,44,27,31,11,15,2024-25,Away
2025-04-04,Golden State Warriors,Denver Nuggets,118,104,0.489,0.541,0.421,0.387,0.889,0.923,36,38,25,28,13,25,2024-25,Home
2025-04-04,Chicago Bulls,Portland Trail Blazers,118,113,0.471,0.383,0.37,0.262,0.839,0.778,61,54,25,23,17,5,2024-25,Home
2025-04-05,Philadelphia 76ers,Minnesota Timberwolves,109,114,0.484,0.506,0.343,0.324,0.6,0.724,34,47,26,22,8,15,2024-25,Away
2025-04-05,LA Clippers,Dallas Mavericks,135,104,0.563,0.436,0.393,0.259,0.8,0.763,45,41,31,18,6,15,2024-25,Home
2025-04-05,Atlanta Hawks,New York Knicks,105,121,0.466,0.536,0.311,0.517,0.75,0.842,38,38,24,32,15,13,2024-25,Away
2025-04-05,Miami Heat,Milwaukee Bucks,115,121,0.422,0.517,0.326,0.333,0.875,0.793,52,47,24,29,10,9,2024-25,Away
2025-04-05,Detroit Pistons,Memphis Grizzlies,103,109,0.385,0.415,0.262,0.281,0.783,0.759,44,64,24,19,6,14,2024-25,Away
2025-04-06,Atlanta Hawks,Utah Jazz,147,134,0.568,0.517,0.537,0.426,0.85,0.857,42,32,43,29,11,10,2024-25,Home
2025-04-06,Golden State Warriors,Houston Rockets,96,106,0.416,0.484,0.372,0.333,0.545,0.375,46,49,28,26,20,15,2024-25,Away
2025-04-06,Portland Trail Blazers,San Antonio Spurs,120,109,0.472,0.432,0.366,0.324,0.778,0.762,44,45,25,26,15,18,2024-25,Home
2025-04-06,Denver Nuggets,Indiana Pacers,120,125,0.538,0.479,0.258,0.341,0.667,0.857,47,41,33,34,13,6,2024-25,Away
2025-04-06,Oklahoma City Thunder,Los Angeles Lakers,99,126,0.433,0.548,0.324,0.55,0.75,0.706,34,43,20,25,7,15,2024-25,Away
2025-04-06,New York Knicks,Phoenix Suns,112,98,0.541,0.424,0.429,0.118,0.833,0.842,41,35,28,20,14,12,2024-25,Home
2025-04-06,Charlotte Hornets,Chicago Bulls,117,131,0.482,0.535,0.267,0.444,0.794,0.793,40,41,25,26,12,12,2024-25,Away
2025-04-06,Brooklyn Nets,Toronto Raptors,109,120,0.476,0.5,0.286,0.333,0.778,0.636,46,47,25,30,23,18,2024-25,Away
2025-04-06,Boston Celtics,Washington Wizards,124,90,0.49,0.407,0.462,0.267,0.667,0.8,62,32,33,21,13,10,2024-25,Home
2025-04-06,New Orleans Pelicans,Milwaukee Bucks,107,111,0.453,0.467,0.364,0.344,0.643,0.636,48,51,31,29,11,7,2024-25,Away
2025-04-06,Cleveland Cavaliers,Sacramento Kings,113,120,0.523,0.537,0.263,0.424,0.579,0.818,39,39,31,25,16,14,2024-25,Away
2025-04-07,Miami Heat,Philadelphia 76ers,117,105,0.506,0.432,0.444,0.316,0.733,0.68,47,45,26,20,13,13,2024-25,Home
2025-04-07,Detroit Pistons,Sacramento Kings,117,127,0.472,0.516,0.333,0.407,0.714,0.815,37,50,30,20,9,10,2024-25,Away
2025-04-08,LA Clippers,San Antonio Spurs,122,117,0.516,0.529,0.467,0.405,0.75,0.625,50,34,30,29,15,16,2024-25,Home
2025-04-08,Oklahoma City Thunder,Los Angeles Lakers,136,120,0.5,0.463,0.486,0.45,0.7,0.757,44,45,26,21,6,18,2024-25,Home
2025-04-08,Charlotte Hornets,Memphis Grizzlies,100,124,0.457,0.452,0.289,0.327,0.652,0.846,38,52,22,23,15,13,2024-25,Away
2025-04-08,Orlando Magic,Atlanta Hawks,119,112,0.5,0.455,0.412,0.341,0.677,0.818,43,41,23,25,13,18,2024-25,Home
2025-04-08,Cleveland Cavaliers,Chicago Bulls,135,113,0.51,0.477,0.5,0.349,0.615,0.842,45,45,35,26,12,20,2024-25,Home
2025-04-08,Indiana Pacers,Washington Wizards,104,98,0.379,0.418,0.257,0.282,0.784,0.733,49,50,21,18,7,11,2024-25,Home
2025-04-08,Phoenix Suns,Golden State Warriors,95,133,0.398,0.484,0.279,0.375,0.867,0.824,41,57,22,31,19,15,2024-25,Away
2025-04-08,Milwaukee Bucks,Minnesota Timberwolves,110,103,0.476,0.461,0.333,0.325,0.72,0.889,43,42,27,25,11,13,2024-25,Home
2025-04-08,New York Knicks,Boston Celtics,117,119,0.475,0.46,0.289,0.388,0.625,0.8,52,38,28,26,11,15,2024-25,Away
2025-04-08,Brooklyn Nets,New Orleans Pelicans,119,114,0.494,0.476,0.425,0.364,0.833,0.774,40,42,30,26,16,17,2024-25,Home
2025-04-09,Orlando Magic,Boston Celtics,96,76,0.407,0.39,0.356,0.175,0.75,0.833,49,43,23,20,10,15,2024-25,Home
2025-04-09,Washington Wizards,Philadelphia 76ers,103,122,0.391,0.429,0.303,0.32,0.833,0.737,47,55,22,20,16,16,2024-25,Away
2025-04-09,Utah Jazz,Portland Trail Blazers,133,126,0.51,0.462,0.417,0.244,0.818,0.679,56,43,27,27,24,16,2024-25,Home
2025-04-09,Sacramento Kings,Denver Nuggets,116,124,0.467,0.5,0.444,0.382,0.824,0.806,40,45,25,30,8,7,2024-25,Away
2025-04-09,Chicago Bulls,Miami Heat,119,111,0.517,0.478,0.378,0.364,1.0,0.647,46,39,33,28,16,13,2024-25,Home
2025-04-09,Golden State Warriors,San Antonio Spurs,111,114,0.419,0.481,0.333,0.391,0.821,0.857,45,43,29,23,10,13,2024-25,Away
2025-04-09,Toronto Raptors,Charlotte Hornets,126,96,0.471,0.439,0.365,0.314,0.75,0.813,55,41,37,23,8,19,2024-25,Home
2025-04-09,LA Clippers,Houston Rockets,134,117,0.533,0.511,0.514,0.5,1.0,0.7,43,36,33,24,11,13,2024-25,Home
2025-04-09,Dallas Mavericks,Los Angeles Lakers,97,112,0.5,0.467,0.346,0.333,0.696,0.762,38,39,30,22,19,9,2024-25,Away
2025-04-09,Phoenix Suns,Oklahoma City Thunder,112,125,0.483,0.523,0.357,0.4,0.684,0.852,38,44,31,24,13,10,2024-25,Away
2025-04-10,Indiana Pacers,Cleveland Cavaliers,114,112,0.462,0.439,0.341,0.459,0.7,0.692,46,50,28,24,9,11,2024-25,Home
2025-04-10,Milwaukee Bucks,New Orleans Pelicans,136,111,0.544,0.427,0.4,0.319,0.667,0.737,43,53,27,28,11,16,2024-25,Home
2025-04-10,Brooklyn Nets,Atlanta Hawks,109,133,0.4,0.571,0.423,0.417,0.682,0.667,41,51,31,36,17,15,2024-25,Away
2025-04-10,Detroit Pistons,New York Knicks,115,106,0.573,0.467,0.364,0.324,0.722,0.786,35,34,20,32,15,14,2024-25,Home
2025-04-10,Memphis Grizzlies,Minnesota Timberwolves,125,141,0.517,0.552,0.5,0.455,0.714,0.893,33,41,26,29,15,16,2024-25,Away
2025-04-11,Portland Trail Blazers,Golden State Warriors,86,103,0.376,0.398,0.2,0.318,0.727,0.821,52,45,21,26,22,14,2024-25,Away
2025-04-11,Indiana Pacers,Orlando Magic,115,129,0.449,0.576,0.414,0.406,0.657,0.857,44,35,24,32,17,19,2024-25,Away
2025-04-11,Sacramento Kings,LA Clippers,100,101,0.435,0.513,0.323,0.333,0.941,0.778,43,37,23,19,11,12,2024-25,Away
2025-04-11,Denver Nuggets,Memphis Grizzlies,117,109,0.484,0.451,0.208,0.326,0.774,0.684,52,41,32,26,12,12,2024-25,Home
2025-04-11,Boston Celtics,Charlotte Hornets,130,94,0.516,0.387,0.451,0.375,0.75,0.7,52,48,35,25,10,17,2024-25,Home
2025-04-11,Los Angeles Lakers,Houston Rockets,140,109,0.609,0.456,0.514,0.353,0.6,0.75,42,37,28,22,12,18,2024-25,Home
2025-04-11,Philadelphia 76ers,Atlanta Hawks,110,124,0.443,0.479,0.343,0.381,0.8,0.75,45,53,29,28,14,14,2024-25,Away
2025-04-11,New York Knicks,Cleveland Cavaliers,102,108,0.409,0.494,0.39,0.355,0.7,0.7,35,49,22,23,8,15,2024-25,Away
2025-04-11,New Orleans Pelicans,Miami Heat,104,153,0.4,0.558,0.378,0.444,0.7,0.773,42,60,27,36,13,9,2024-25,Away
2025-04-11,Detroit Pistons,Milwaukee Bucks,119,125,0.495,0.457,0.462,0.436,0.5,0.815,42,44,30,30,10,7,2024-25,Away
2025-04-11,Dallas Mavericks,Toronto Raptors,124,102,0.551,0.4,0.441,0.282,0.647,0.611,56,43,34,22,17,10,2024-25,Home
2025-04-11,Phoenix Suns,San Antonio Spurs,117,98,0.463,0.433,0.404,0.382,0.909,0.7,52,40,27,28,11,14,2024-25,Home
2025-04-11,Chicago Bulls,Washington Wizards,119,89,0.462,0.385,0.317,0.244,0.909,0.75,54,41,32,26,12,16,2024-25,Home
2025-04-11,Minnesota Timberwolves,Brooklyn Nets,117,91,0.545,0.367,0.355,0.293,0.759,0.765,48,41,27,24,12,9,2024-25,Home
2025-04-11,Utah Jazz,Oklahoma City Thunder,111,145,0.379,0.56,0.27,0.453,0.8,0.692,57,47,23,41,16,10,2024-25,Away
2025-04-13,Memphis Grizzlies,Dallas Mavericks,132,97,0.5,0.437,0.375,0.179,0.867,0.727,53,38,31,20,11,18,2024-25,Home
2025-04-13,Cleveland Cavaliers,Indiana Pacers,118,126,0.383,0.403,0.3,0.238,0.545,0.909,65,61,21,27,21,13,2024-25,Away
2025-04-13,Houston Rockets,Denver Nuggets,111,126,0.45,0.511,0.353,0.345,0.643,0.839,45,47,32,28,10,9,2024-25,Away
2025-04-13,Portland Trail Blazers,Los Angeles Lakers,109,81,0.438,0.388,0.357,0.321,0.476,0.714,56,42,27,21,14,20,2024-25,Home
2025-04-13,Golden State Warriors,LA Clippers,119,124,0.544,0.558,0.455,0.467,0.783,0.778,25,42,31,28,15,16,2024-25,Away
2025-04-13,Boston Celtics,Charlotte Hornets,93,86,0.389,0.376,0.311,0.282,0.692,0.611,49,51,22,23,13,17,2024-25,Home
2025-04-13,Milwaukee Bucks,Detroit Pistons,140,133,0.581,0.477,0.523,0.373,0.773,0.643,38,42,30,35,20,13,2024-25,Home
2025-04-13,Sacramento Kings,Phoenix Suns,109,98,0.523,0.476,0.412,0.341,1.0,0.5,43,37,31,28,11,11,2024-25,Home
2025-04-13,Brooklyn Nets,New York Knicks,105,113,0.514,0.43,0.343,0.381,0.68,0.885,42,40,21,27,18,11,2024-25,Away
2025-04-13,Minnesota Timberwolves,Utah Jazz,116,105,0.469,0.449,0.302,0.381,0.688,0.818,54,40,23,24,13,13,2024-25,Home
2025-04-13,San Antonio Spurs,Toronto Raptors,125,118,0.512,0.474,0.344,0.359,0.875,0.75,50,42,22,32,12,13,2024-25,Home
2025-04-13,Miami Heat,Washington Wizards,118,119,0.5,0.511,0.313,0.432,0.833,0.647,46,43,28,33,8,10,2024-25,Away
2025-04-13,Philadelphia 76ers,Chicago Bulls,102,122,0.383,0.456,0.273,0.325,0.857,0.75,48,59,20,29,14,12,2024-25,Away
2025-04-13,New Orleans Pelicans,Oklahoma City Thunder,100,115,0.385,0.418,0.184,0.191,0.767,0.889,47,54,22,16,12,10,2024-25,Away
2025-04-13,Atlanta Hawks,Orlando Magic,117,105,0.534,0.455,0.425,0.429,0.6,0.667,44,43,32,25,15,14,2024-25,Home
